#OTU ID	mgm4577669	mgm4577670	mgm4577671	mgm4577672	mgm4578714	mgm4578924	mgm4578925	mgm4578926	mgm4578927	mgm4698609	mgm4698612	mgm4698610	mgm4698611	mgm4670120	mgm4670123	mgm4670118	mgm4670121	mgm4670116	mgm4670122	mgm4670117	mgm4670119
Pseudomonadota	0.565659864184124	0.487757844826108	0.47600510381309	0.464332294422122	0.470690711838038	0.566114440463865	0.57666567317853	0.488958025441638	0.483345051505557	0.429068069322925	0.417453396958358	0.448561079576827	0.426913845460211	0.313730834226471	0.291573705129524	0.376838660638696	0.294035922740126	0.332021367227166	0.294038389044256	0.419086940521707	0.430852864624569
Actinomycetota	0.299066690482478	0.368321639174897	0.393624062864973	0.390377994959143	0.399727893361305	0.319614907446246	0.302899720920151	0.366272565296059	0.371163768881769	0.375628416712977	0.40072779704075	0.417717604964993	0.439073875164101	0.58399060030089	0.596380250893396	0.483051549796848	0.573883318506649	0.546374810681032	0.588603111275784	0.408758324682454	0.415335777890332
Chloroflexota	0.0050703570947193	0.0097916370057686	0.0088482504533531	0.0093904168241212	0.0084283815916249	0.0047585314576313	0.0044251767957298	0.0099977900857723	0.0098750228261761	0.0093955568192098	0.0100449723643105	0.0057976456037281	0.0061794698386177	0.0062485433366476	0.0070101230714242	0.0073608431335244	0.0072648770079641	0.0076892006436844	0.0085716960071356	0.0093000236207281	0.0096418138975251
Bacillota	0.0126643866314397	0.0106801594868037	0.0097098266180537	0.0100560596027638	0.0095524604509869	0.0107032108365258	0.0110212154875769	0.0106994378530683	0.0107369039500973	0.0212724711477571	0.0148031171684576	0.0107339267177596	0.0096405033748392	0.0070127293060662	0.0078814352375716	0.0102723929364217	0.011181919401369	0.0084000879902931	0.0091566837915088	0.0122869551860492	0.0108911981441689
Cyanobacteriota	0.0037367446926719	0.0028496824202994	0.0027310596839793	0.0029420024060212	0.0027453747764364	0.0031681301315787	0.003240577668193	0.00290258421845	0.0028882280447472	0.0046525453300076	0.0037763054001167	0.0031472933277381	0.0029637586028563	0.0031077601709236	0.0030918297623613	0.0081029465452643	0.0146135354484747	0.0091209253394833	0.0068610296742176	0.008176994895788	0.0045645941871248
Candidatus Melainabacteria	2.08205716013978e-05	1.86351191492248e-05	1.23082309242934e-05	2.08013368325804e-05	1.3259121539001e-05	1.39397725789466e-05	1.51732733627767e-05	1.86461512962528e-05	2.73473028060979e-05	6.46186851389948e-05	3.43300490919702e-05	2.20862689665835e-05	2.65213297794751e-05	1.19602513219253e-05	1.39655194730435e-05	1.75431008277621e-05	1.69646239969666e-05	1.55973013441647e-05	1.82530435002303e-05	3.29483634176641e-05	2.71738519711565e-05
Candidatus Margulisbacteria	1.64372933695246e-05	7.45404765968993e-06	4.78653424833634e-06	2.08013368325804e-06	2.20985358983349e-06	1.52070246315781e-05	2.16761048039667e-05	3.45299098078756e-06	6.17519740782856e-06	0.0	1.37320196367881e-05	1.10431344832917e-05	0.0	2.22270157310116e-06	2.15727536575468e-06	6.04934511302143e-06	4.46437473604384e-06	3.63040634734867e-06	3.67286850919269e-06	6.49686039221546e-06	6.53806964719555e-06
Deinococcota	0.0023297123802406	0.0025865545379124	0.0024602786036448	0.0025294425588417	0.0023004575870166	0.0022835881988419	0.0021524372070339	0.0026228919490062	0.0026738604775897	0.0035540276826447	0.0032132925950084	0.0030589482518718	0.0026653936428372	0.0030164177205623	0.0032036674589544	0.0027421681397326	0.0032964943050947	0.0027058628642238	0.003174360083354	0.0028836778912304	0.0025218560517292
Armatimonadota	0.0007166659909112	0.0008616879094601	0.000749434505168	0.0008029316017376	0.0007100996201998	0.0007096611494736	0.0006643726122415	0.000828717835389	0.0008292407947655	0.0012148312806131	0.0012084177280373	0.0008503213552134	0.000702815239156	0.0005376820948263	0.0005689529925156	0.0006893228756287	0.0007509078306025	0.0006323630019104	0.0007173223497499	0.0008650105550778	0.0007477917158979
Mycoplasmatota	6.24617148041935e-05	0.0001073382862995	7.8635919794097e-05	0.0001151007304736	9.57603222261181e-05	5.70263423684181e-05	7.58663668138835e-05	9.11589618927915e-05	0.0001014496717	0.0006978817995011	0.0003638985203748	7.73019413830422e-05	9.2824654228163e-05	6.21298011147801e-05	7.91379436805797e-05	0.000135202863276	0.0001068473686826	0.0001051473245787	8.88166384950232e-05	0.0001791277222425	0.0001409771267676
Thermomicrobiota	0.000310116934905	0.0004517152881772	0.0004089067829293	0.0004014658008688	0.0003940905568536	0.0003320200377894	0.0002958788305741	0.0004205743014599	0.0004631398055871	0.0004006358478617	0.0004462906381956	0.0004527685138149	0.0003779289493575	0.0006216155399439	0.0006446847119344	0.0004642872374243	0.0007305205193079	0.0006120596182641	0.0009439272068625	0.0004392341686594	0.0003514212435367
Candidatus Kaiserbacteria	0.0001523189185575	0.0002124403583011	0.0002393267124168	0.0002475359083077	0.000225405066163	0.000140664977842	0.0001712412279513	0.0002133948426126	0.0002258357909148	0.0003489408997505	0.0002746403927357	0.0003202509000154	0.0002121706382358	0.0001132519372961	0.0001167199513682	0.0002274553762496	0.0001590805530943	0.0001543594995094	0.0001393464052578	0.0002698517370052	0.0002551890309171
Candidatus Nomurabacteria	5.91742561302886e-05	4.77059050220155e-05	5.40194579455101e-05	6.86444115475155e-05	7.14519327379497e-05	3.80175615789454e-05	5.63578724903135e-05	5.38666593002859e-05	5.9105460903502e-05	0.0001938560554169	0.0001167221669126	3.31294034498752e-05	7.95639893384254e-05	2.19094869348543e-05	2.16862944662708e-05	0.0001327831252308	3.52685604147464e-05	6.53473142522761e-05	2.97168452107408e-05	0.0001853925519064	0.0001869479289744
Candidatus Yanofskybacteria	5.58867974563836e-05	5.06875240858915e-05	5.12842955178893e-05	5.06165862926124e-05	5.30364861560039e-05	5.82935944210496e-05	5.41902620099168e-05	4.97230701233408e-05	7.32201978356815e-05	9.04661591945927e-05	0.0001029901472759	5.52156724164587e-05	6.63033244486879e-05	2.62490471490042e-05	3.84903341574125e-05	5.64101431789248e-05	6.60727460934489e-05	4.53128495946853e-05	5.09749629457652e-05	7.44818637821844e-05	7.39619128838996e-05
Candidatus Azambacteria	2.41080302753027e-05	1.41626905534109e-05	2.11975088140609e-05	1.3867557888387e-05	1.84154465819458e-05	1.90087807894727e-05	2.81789362451567e-05	2.27897404731979e-05	2.64651317478367e-05	3.87712110833969e-05	1.37320196367881e-05	2.20862689665835e-05	1.32606648897376e-05	8.99664922445708e-06	8.17493822812301e-06	1.9206670733843e-05	1.33931242081315e-05	1.47905443780872e-05	1.35784835794396e-05	2.9467902493263e-05	2.3496187794609e-05
Candidatus Falkowbacteria	7.88990081737181e-05	7.60312861288372e-05	6.83790606905191e-05	7.9738457858225e-05	6.26125183786157e-05	7.09661149473647e-05	7.04473406128919e-05	7.25128105965387e-05	6.08698030200244e-05	0.0001680085813613	0.0001167221669126	2.20862689665835e-05	1.32606648897376e-05	3.71508691504051e-05	3.81497117312407e-05	7.21384404727805e-05	5.44653717797349e-05	4.88087964476877e-05	4.73020944365725e-05	0.0001181036407013	9.11243457077879e-05
Candidatus Magasanikbacteria	7.78031886157498e-05	9.09393814482171e-05	9.23117319322008e-05	0.0001074735736349	0.0001053363544487	6.58971067368386e-05	8.77882244560652e-05	0.0001035897294236	0.0001023318427583	0.0001938560554169	0.0001441862061862	0.0001104313448329	5.96729920038191e-05	4.78410052877012e-05	4.96173334123577e-05	0.0001010240633874	8.88410572472725e-05	7.63729927886684e-05	8.04692100650398e-05	0.0001543004343151	0.0001464936230324
Candidatus Nealsonbacteria	3.61620454129541e-05	2.23621429790698e-05	2.80354148831128e-05	2.77351157767739e-05	2.43083894881684e-05	2.66122931052618e-05	2.92627414853551e-05	2.20991422770404e-05	2.55829606895755e-05	6.46186851389948e-05	4.11960589103642e-05	0.0	1.32606648897376e-05	9.20833508856196e-06	9.42388712408625e-06	2.46510813355623e-05	1.41371866641388e-05	1.45216253893947e-05	1.64722587685005e-05	3.13241483196103e-05	2.43134465005084e-05
Candidatus Uhrbacteria	0.0001479356403257	0.0001759155247686	0.000165477326871	0.0001851318978099	0.0001502700441086	0.0001419322298947	0.0001452299021865	0.0001740307454316	0.0001914311196426	0.0001938560554169	0.0001991142847334	0.0001987764206992	0.0001790189760114	0.0001034085446152	0.0001054794113045	0.0001553169357768	0.0001367586794141	0.0001281398981119	0.0001303311825534	0.0002505931865568	0.0002265849762106
Candidatus Giovannonibacteria	2.95871280651443e-05	2.45983572769768e-05	3.00867867038284e-05	2.9815249460032e-05	4.19872182068364e-05	2.66122931052618e-05	3.14303519657518e-05	3.52205080040331e-05	4.49907239713224e-05	2.58474740555979e-05	5.49280785471523e-05	4.41725379331669e-05	1.32606648897376e-05	1.54530680796557e-05	1.43061418992153e-05	2.9641791053805e-05	2.14289987330104e-05	1.88243292084746e-05	2.27050053295548e-05	5.12787909528435e-05	4.41319701185699e-05
Candidatus Moranbacteria	9.42404819852744e-05	7.75220956607752e-05	7.38493855457606e-05	7.21113010196122e-05	8.47110542769506e-05	4.18193177368399e-05	8.88720296962636e-05	6.56068286349636e-05	9.26279611174284e-05	0.0002067797924447	0.0001647842356414	8.83450758663339e-05	7.95639893384254e-05	4.06436859081355e-05	4.28048848889219e-05	7.77340847023253e-05	5.32748718501232e-05	5.80865015575788e-05	5.11975610372314e-05	0.0001201919172559	0.0001027702822668
Candidatus Zambryskibacteria	1.4245654253588e-05	2.45983572769768e-05	2.18812994209661e-05	3.67490284042254e-05	3.38844217107803e-05	1.01380164210521e-05	1.300566288238e-05	2.90051242386155e-05	3.70511844469714e-05	9.04661591945927e-05	0.0001029901472759	3.31294034498752e-05	1.98909973346064e-05	1.31245235745021e-05	1.55550907951785e-05	3.73547060729073e-05	1.78574989441754e-05	2.2320276061477e-05	1.43575768995714e-05	4.96545758547896e-05	4.47449141479945e-05
Candidatus Staskawiczbacteria	1.09581955796831e-05	1.93805239151938e-05	2.11975088140609e-05	2.49616041990965e-05	2.57816252147241e-05	5.06900821052605e-06	1.6257078602975e-05	1.86461512962528e-05	2.11721053982694e-05	6.46186851389948e-05	7.55261080023344e-05	3.31294034498752e-05	1.98909973346064e-05	5.29214660262181e-06	7.83431580195122e-06	1.87529698503664e-05	9.37518694569207e-06	1.02189215703148e-05	7.90223224705094e-06	2.76116566669157e-05	2.88083693829554e-05
Candidatus Wolfebacteria	2.30122107173344e-05	1.11810714895349e-05	2.66678336693025e-05	2.56549820935159e-05	2.57816252147241e-05	2.28105369473672e-05	1.08380524019834e-05	2.27897404731979e-05	1.85255922234857e-05	7.75424221667937e-05	2.74640392735762e-05	5.52156724164587e-05	1.32606648897376e-05	1.14310366616631e-05	1.49873867515589e-05	2.66171184972943e-05	1.45836241377432e-05	1.62695988158959e-05	1.66948568599668e-05	3.9677254538173e-05	2.79911106770559e-05
Candidatus Harrisonbacteria	4.49286018767006e-05	8.94485719162791e-06	1.98299276002505e-05	2.9815249460032e-05	2.79914788045576e-05	3.16813013157878e-05	3.03465467255534e-05	2.8314526042458e-05	1.5879079048702e-05	2.58474740555979e-05	2.74640392735762e-05	1.10431344832917e-05	2.65213297794751e-05	8.89080629240465e-06	6.58536690598798e-06	1.55770636660302e-05	1.01192494016994e-05	1.07567595476998e-05	8.79262461291583e-06	2.38991650142212e-05	2.04314676474861e-05
Candidatus Taylorbacteria	1.97247520434295e-05	2.53437620429458e-05	4.10274364143115e-05	2.28814705158385e-05	2.57816252147241e-05	2.66122931052618e-05	1.73408838431734e-05	3.03863206309305e-05	2.55829606895755e-05	6.46186851389948e-05	6.17940883655464e-05	4.41725379331669e-05	2.65213297794751e-05	1.04784502731912e-05	1.28301113858042e-05	4.53700883476607e-05	2.02384988033988e-05	2.13790596010533e-05	1.50253711739701e-05	5.75436206167655e-05	5.18959278246146e-05
Candidatus Buchananbacteria	7.01324517099716e-05	4.84513097879845e-05	4.03436458074063e-05	3.60556505098061e-05	5.37731040192817e-05	6.84316108421017e-05	5.63578724903135e-05	4.14358917694507e-05	4.76372371461061e-05	0.0001163136332501	7.55261080023344e-05	4.41725379331669e-05	2.65213297794751e-05	2.51906178284798e-05	3.00883143118416e-05	4.56725556033118e-05	3.4822122941142e-05	3.28081166204843e-05	3.0829835668072e-05	6.28803273675139e-05	5.92512561777096e-05
Candidatus Portnoybacteria	2.08205716013978e-05	1.56535000853488e-05	1.4359602745009e-05	2.14947147269998e-05	1.7678828718668e-05	1.77415287368412e-05	1.95084943235701e-05	1.65743567077803e-05	2.20542764565306e-05	3.87712110833969e-05	3.43300490919702e-05	2.20862689665835e-05	6.63033244486879e-06	9.31417802061439e-06	9.31034631536232e-06	2.05677733842729e-05	1.36907491905345e-05	1.06223000533535e-05	1.30219883507741e-05	3.22522712327839e-05	2.79911106770559e-05
Candidatus Adlerbacteria	1.86289324854612e-05	2.16167382131008e-05	3.35057397383544e-05	3.46688947209674e-05	3.38844217107803e-05	1.14052684736836e-05	1.6257078602975e-05	2.6933329650143e-05	2.55829606895755e-05	7.75424221667937e-05	4.11960589103642e-05	2.20862689665835e-05	5.96729920038191e-05	1.54530680796557e-05	1.82800702045528e-05	4.08330795128946e-05	3.02089357138967e-05	2.59506824088257e-05	2.91603499820753e-05	3.64288243420653e-05	3.63680124125252e-05
Candidatus Sungbacteria	4.93118801085738e-05	5.96323812775194e-05	4.6497761269553e-05	4.85364526093544e-05	3.24111859842246e-05	5.82935944210496e-05	4.87712358089251e-05	4.90324719271833e-05	4.85194082043673e-05	0.0001033898962223	8.23921178207285e-05	3.31294034498752e-05	3.97819946692127e-05	3.04827644311017e-05	3.53111915131425e-05	4.55213219754862e-05	4.62806847636545e-05	4.14135242586441e-05	4.10693478755183e-05	5.84717435299392e-05	5.04657250892906e-05
Candidatus Jorgensenbacteria	2.8491308507176e-05	3.13070001706977e-05	3.00867867038284e-05	3.25887610377094e-05	3.16745681209468e-05	1.64742766842097e-05	2.49275205245617e-05	2.9695722434773e-05	2.64651317478367e-05	5.16949481111958e-05	4.11960589103642e-05	2.20862689665835e-05	1.98909973346064e-05	1.56647539437606e-05	1.66904988824178e-05	2.66171184972943e-05	1.88991863825856e-05	1.89587887028209e-05	1.98112301404939e-05	3.92131930815862e-05	3.12601455006537e-05
Candidatus Liptonbacteria	3.06829476231126e-05	3.42886192345737e-05	4.10274364143115e-05	2.70417378823546e-05	4.12506003435586e-05	2.53450410526302e-05	3.25141572059501e-05	4.00546953771357e-05	3.52868423304489e-05	5.16949481111958e-05	4.80620687287583e-05	5.52156724164587e-05	3.31516622243439e-05	2.50847748964274e-05	2.39571106407494e-05	3.75059397007329e-05	3.40780604851347e-05	3.07912242052906e-05	3.4836601314464e-05	4.84944222133226e-05	4.5562172853894e-05
Candidatus Tagabacteria	1.09581955796831e-05	2.23621429790698e-06	3.41895303452596e-06	2.08013368325804e-06	3.68308931638916e-06	1.01380164210521e-05	6.50283144119002e-06	4.14358917694507e-06	2.64651317478367e-06	0.0	0.0	0.0	0.0	2.22270157310116e-06	2.15727536575468e-06	5.74687785737036e-06	3.12506231523069e-06	2.82364938127119e-06	2.11468186892912e-06	9.9773213166166e-06	7.55964302956985e-06
Candidatus Ryanbacteria	1.09581955796831e-05	9.6902619575969e-06	1.36758121381038e-05	2.21880926214191e-05	1.54689751288345e-05	1.01380164210521e-05	1.08380524019834e-05	2.55521332578279e-05	2.3818618573053e-05	5.16949481111958e-05	2.74640392735762e-05	1.10431344832917e-05	3.31516622243439e-05	8.67912042829977e-06	9.42388712408625e-06	1.87529698503664e-05	1.05656868753038e-05	9.27770510989106e-06	9.4604188873145e-06	2.48272879273948e-05	2.69695372946816e-05
Candidatus Wildermuthbacteria	7.67073690577815e-06	1.41626905534109e-05	1.4359602745009e-05	1.31741799939676e-05	1.10492679491675e-05	8.87076436842059e-06	1.08380524019834e-05	1.03589729423627e-05	1.5879079048702e-05	0.0	6.86600981839404e-06	1.10431344832917e-05	1.32606648897376e-05	9.73754974882414e-06	8.17493822812301e-06	1.54258300382046e-05	1.14585618225125e-05	1.02189215703148e-05	9.68301697878073e-06	1.74023046220057e-05	1.57322300885643e-05
Candidatus Komeilibacteria	3.9449504086859e-05	1.71443096172868e-05	2.59840430623973e-05	3.39755168265481e-05	2.13619180350571e-05	3.67503095263139e-05	3.90169886471401e-05	2.27897404731979e-05	2.91116449226204e-05	6.46186851389948e-05	2.74640392735762e-05	5.52156724164587e-05	1.98909973346064e-05	1.27011518462924e-05	1.54415499864546e-05	2.46510813355623e-05	2.29171236450251e-05	2.01689241519371e-05	2.10355196435581e-05	3.73569472552389e-05	3.73895857948995e-05
Candidatus Kuenenbacteria	5.47909778984153e-06	1.49080953193799e-05	1.09406497104831e-05	1.45609357828063e-05	1.69422108553901e-05	6.33626026315756e-06	9.75424716178503e-06	1.38119639231502e-05	9.70388164087346e-06	1.2923737027799e-05	6.86600981839404e-06	1.10431344832917e-05	6.63033244486879e-06	4.86877487441207e-06	5.79058124492047e-06	8.77155041388107e-06	7.738249542476e-06	7.1263532003511e-06	7.34573701838538e-06	1.76343353502991e-05	1.38933980002905e-05
Candidatus Lloydbacteria	2.95871280651443e-05	2.53437620429458e-05	3.96598552005011e-05	3.32821389321287e-05	3.02013323943911e-05	3.42158054210508e-05	2.81789362451567e-05	3.45299098078756e-05	3.26403291556653e-05	5.16949481111958e-05	3.43300490919702e-05	1.10431344832917e-05	1.98909973346064e-05	1.12193507975582e-05	1.66904988824178e-05	2.66171184972943e-05	1.84527489089812e-05	2.13790596010533e-05	2.07016225063588e-05	4.15335003645203e-05	3.84111591772738e-05
Candidatus Kerfeldbacteria	3.50662258549858e-05	1.71443096172868e-05	2.11975088140609e-05	1.8027825254903e-05	1.98886823085015e-05	2.15432848947357e-05	2.92627414853551e-05	1.65743567077803e-05	1.5879079048702e-05	6.46186851389948e-05	6.86600981839404e-06	3.31294034498752e-05	1.98909973346064e-05	1.00550785449814e-05	9.76450955025804e-06	1.8904203478192e-05	1.66669990145637e-05	1.42527064007022e-05	1.38010816709059e-05	3.03960254064366e-05	2.22702997357598e-05
Candidatus Terrybacteria	7.67073690577815e-06	1.41626905534109e-05	1.64109745657246e-05	1.24808020995483e-05	1.10492679491675e-05	3.80175615789454e-06	1.08380524019834e-05	1.65743567077803e-05	1.85255922234857e-05	1.2923737027799e-05	2.05980294551821e-05	3.31294034498752e-05	1.32606648897376e-05	7.51484817572298e-06	9.87805035898197e-06	1.31573256208216e-05	1.10121243489081e-05	1.2504732974201e-05	1.17976988477099e-05	1.87944889917662e-05	1.83883208827375e-05
Candidatus Yonathbacteria	1.64372933695246e-05	1.71443096172868e-05	9.57306849667268e-06	1.73344473604837e-05	1.17858858124453e-05	7.60351231578907e-06	1.08380524019834e-05	2.00273476885678e-05	1.94077632817469e-05	0.0	6.86600981839404e-06	1.10431344832917e-05	0.0	8.4674345641949e-06	6.69890771471191e-06	1.84505025947154e-05	1.02680618929008e-05	1.3042570951586e-05	1.14638017105105e-05	2.41311957425146e-05	1.96142089415866e-05
Candidatus Niyogibacteria	8.76655646374645e-06	5.21783336178295e-06	8.88927788976748e-06	2.77351157767739e-06	5.15632504294482e-06	7.60351231578907e-06	6.50283144119002e-06	7.59658015773263e-06	1.76434211652245e-06	0.0	6.86600981839404e-06	1.10431344832917e-05	6.63033244486879e-06	3.17528796157309e-06	3.63330587916578e-06	8.01538227475339e-06	3.869124771238e-06	4.97500129081115e-06	3.22767232626024e-06	1.11374749580836e-05	1.0215733823743e-05
Candidatus Campbellbacteria	2.19163911593661e-06	4.47242859581396e-06	8.20548728286229e-06	4.85364526093544e-06	1.03126500858896e-05	0.0	3.25141572059501e-06	6.21538376541761e-06	7.93953952435101e-06	2.58474740555979e-05	2.74640392735762e-05	1.10431344832917e-05	0.0	4.86877487441207e-06	3.86038749661365e-06	1.30060919929961e-05	8.77993698088623e-06	7.26081269469735e-06	6.45534465252048e-06	1.32257515127243e-05	9.60278979431846e-06
Candidatus Colwellbacteria	6.57491734780984e-06	9.6902619575969e-06	8.88927788976748e-06	9.70729052187087e-06	1.54689751288345e-05	8.87076436842059e-06	1.08380524019834e-05	9.66837474620516e-06	4.41085529130612e-06	2.58474740555979e-05	6.86600981839404e-06	0.0	1.32606648897376e-05	6.45641885519861e-06	6.92598933215978e-06	1.05863539477875e-05	1.17561868049155e-05	8.87432662685231e-06	9.01522270438205e-06	1.60101202522452e-05	1.30761392943911e-05
Candidatus Vogelbacteria	1.53414738115563e-05	1.63989048513178e-05	1.7778555779535e-05	1.17874242051289e-05	1.62055929921123e-05	1.26725205263151e-05	1.95084943235701e-05	1.58837585116228e-05	2.02899343400081e-05	1.2923737027799e-05	2.05980294551821e-05	2.20862689665835e-05	1.32606648897376e-05	7.83237697188029e-06	7.60723418450336e-06	1.72406335721111e-05	9.97043691049792e-06	8.20202915512108e-06	9.90561507024695e-06	2.41311957425146e-05	2.32918731181341e-05
Candidatus Spechtbacteria	8.76655646374645e-06	6.70864289372093e-06	6.83790606905191e-06	1.04006684162902e-05	8.10279649605615e-06	8.87076436842059e-06	5.41902620099168e-06	4.83418737310258e-06	7.93953952435101e-06	1.2923737027799e-05	6.86600981839404e-06	0.0	6.63033244486879e-06	4.6570890103072e-06	2.49789779192648e-06	6.65427962432357e-06	4.31556224484238e-06	5.10946078515739e-06	3.00507423479402e-06	9.28122913173637e-06	8.78553108841902e-06
Candidatus Brennerbacteria	1.09581955796831e-06	0.0	6.83790606905191e-07	0.0	0.0	0.0	4.33522096079335e-06	6.90598196157512e-07	3.52868423304489e-06	1.2923737027799e-05	6.86600981839404e-06	1.10431344832917e-05	0.0	4.23371728209745e-07	2.27081617447862e-07	1.05863539477875e-06	2.97624982402923e-07	9.4121646042373e-07	3.33897137199335e-07	2.5523380112275e-06	2.04314676474861e-06
Candidatus Andersenbacteria	6.57491734780984e-06	9.6902619575969e-06	8.20548728286229e-06	1.10940463107096e-05	9.57603222261181e-06	8.87076436842059e-06	1.08380524019834e-05	1.38119639231502e-05	1.14682237573959e-05	2.58474740555979e-05	2.05980294551821e-05	0.0	6.63033244486879e-06	6.1388900590413e-06	5.56349962747261e-06	1.05863539477875e-05	1.02680618929008e-05	7.79865067208234e-06	8.57002652144961e-06	1.32257515127243e-05	1.3280453970866e-05
Candidatus Jacksonbacteria	0.0	1.49080953193799e-06	1.36758121381038e-06	0.0	1.47323572655566e-06	1.26725205263151e-06	2.16761048039667e-06	2.07179458847253e-06	8.82171058261223e-07	1.2923737027799e-05	0.0	0.0	0.0	6.35057592314618e-07	9.08326469791446e-07	1.36110265042982e-06	1.19049992961169e-06	5.37837977384989e-07	8.90392365864894e-07	1.16015364146705e-06	2.24746144122347e-06
Candidatus Parcubacteria	0.0	1.49080953193799e-06	2.05137182071557e-06	6.93377894419348e-07	7.36617863277832e-07	0.0	0.0	1.38119639231502e-06	0.0	0.0	0.0	0.0	0.0	4.23371728209745e-07	4.54163234895723e-07	2.57097167303411e-06	5.95249964805846e-07	2.68918988692494e-07	1.00169141159801e-06	2.78436873952091e-06	2.86040547064805e-06
Candidatus Veblenbacteria	0.0	0.0	6.83790606905191e-07	0.0	7.36617863277832e-07	1.26725205263151e-06	0.0	6.90598196157512e-07	0.0	0.0	0.0	0.0	0.0	1.05842932052436e-07	1.13540808723931e-07	1.51233627825536e-07	0.0	0.0	1.11299045733112e-07	0.0	2.04314676474861e-07
Candidatus Woesebacteria	7.45157299418449e-05	4.47242859581396e-05	5.53870391593205e-05	6.44841441809994e-05	4.34604539333921e-05	5.1957334157892e-05	6.39445091717018e-05	6.0772641261861e-05	6.52806583113305e-05	7.75424221667937e-05	0.0001304541865494	2.20862689665835e-05	5.30426595589503e-05	2.59315183528469e-05	2.57737635803323e-05	5.62589095510993e-05	4.73223722020647e-05	4.00689293151817e-05	3.9845058372454e-05	9.07240147627231e-05	6.70152138837543e-05
Candidatus Gottesmanbacteria	6.68449930360667e-05	5.59053574476744e-05	5.94897828007516e-05	7.9738457858225e-05	4.86167789763369e-05	4.6888325947366e-05	6.28607039315035e-05	5.87008466733885e-05	6.35163161948081e-05	0.0001809323183891	0.0001167221669126	5.52156724164587e-05	4.64123271140815e-05	2.84717487221054e-05	2.97476918856699e-05	5.68638440624014e-05	4.0625810097999e-05	3.88587938660654e-05	3.683998413766e-05	0.0001013974282642	7.39619128838996e-05
Candidatus Roizmanbacteria	8.2186466847623e-05	7.45404765968993e-05	8.20548728286229e-05	0.0001012331725852	9.50237043628403e-05	5.82935944210496e-05	7.15311458530902e-05	9.32307564812641e-05	8.38062505348162e-05	0.0001550848443335	0.0001167221669126	7.73019413830422e-05	7.95639893384254e-05	3.52456963734613e-05	4.33725889325415e-05	7.45581785179891e-05	5.63999341653539e-05	5.23047433006902e-05	4.80811877567043e-05	0.0001120708417657	0.0001013400795315
Candidatus Levybacteria	5.15035192245104e-05	6.26140003413954e-05	6.49601076559932e-05	9.568614942987e-05	8.83941435933398e-05	2.53450410526302e-05	3.57655729265451e-05	8.28717835389014e-05	6.88093425443754e-05	5.16949481111958e-05	8.92581276391225e-05	6.62588068997504e-05	2.65213297794751e-05	2.13802722745921e-05	2.55466819628844e-05	5.70150776902269e-05	3.98817476419917e-05	4.41027141455691e-05	3.16089289882037e-05	8.30670007290405e-05	6.74238432367041e-05
Candidatus Daviesbacteria	2.52038498332711e-05	5.44145479157365e-05	5.06005049109841e-05	6.79510336530961e-05	7.95547292340058e-05	1.77415287368412e-05	1.6257078602975e-05	6.62974268311211e-05	6.35163161948081e-05	0.0001033898962223	7.55261080023344e-05	4.41725379331669e-05	4.64123271140815e-05	1.92634136335434e-05	1.8052988587105e-05	4.99070971824268e-05	3.52685604147464e-05	3.3749333080908e-05	2.27050053295548e-05	5.4991282605538e-05	5.65951653835364e-05
Candidatus Curtissbacteria	2.52038498332711e-05	1.49080953193799e-05	2.94029960969232e-05	3.05086273544513e-05	2.35717716248906e-05	2.40777889999987e-05	1.84246890833717e-05	1.93367494924103e-05	2.82294738643591e-05	5.16949481111958e-05	2.05980294551821e-05	4.41725379331669e-05	1.98909973346064e-05	1.12193507975582e-05	1.03322135938777e-05	2.97930246816305e-05	2.38099985922338e-05	1.82864912310896e-05	1.78078473172979e-05	5.22069138660171e-05	3.49378096772012e-05
Candidatus Shapirobacteria	2.52038498332711e-05	1.11810714895349e-05	1.23082309242934e-05	2.84284936711933e-05	1.98886823085015e-05	2.28105369473672e-05	3.25141572059501e-05	2.00273476885678e-05	1.76434211652245e-05	1.2923737027799e-05	2.05980294551821e-05	3.31294034498752e-05	3.97819946692127e-05	9.52586388471927e-06	8.06139741939908e-06	1.96603716173196e-05	1.30954992257286e-05	1.0891219042046e-05	1.03508112531794e-05	2.59874415688618e-05	2.28832437651844e-05
Candidatus Beckwithbacteria	2.19163911593661e-05	2.01259286811628e-05	1.57271839588194e-05	1.66410694660644e-05	1.91520644452236e-05	1.52070246315781e-05	1.51732733627767e-05	2.34803386693554e-05	1.76434211652245e-05	2.58474740555979e-05	2.74640392735762e-05	1.10431344832917e-05	6.63033244486879e-06	1.11135078655058e-05	1.10134584462213e-05	1.61819981773323e-05	1.48812491201461e-05	1.49250038724334e-05	1.1908997893443e-05	2.62194722971553e-05	2.26789290887096e-05
Candidatus Amesbacteria	1.09581955796831e-05	1.19264762555039e-05	1.57271839588194e-05	1.45609357828063e-05	1.62055929921123e-05	1.52070246315781e-05	1.51732733627767e-05	1.72649549039378e-05	1.05860526991347e-05	1.2923737027799e-05	2.74640392735762e-05	2.20862689665835e-05	1.32606648897376e-05	7.40900524367054e-06	7.26661175833157e-06	1.0737587575613e-05	1.29466867345271e-05	8.87432662685231e-06	1.0907306481845e-05	2.36671342859278e-05	1.96142089415866e-05
Candidatus Chisholmbacteria	1.09581955796831e-05	1.34172857874419e-05	1.23082309242934e-05	1.04006684162902e-05	1.25225036757231e-05	1.77415287368412e-05	8.67044192158669e-06	1.24307675308352e-05	1.14682237573959e-05	1.2923737027799e-05	1.37320196367881e-05	3.31294034498752e-05	0.0	1.30186806424497e-05	1.40790602817674e-05	1.48208955269025e-05	1.83039364177798e-05	1.1429057019431e-05	2.1925912009423e-05	1.46179358824848e-05	1.55279154120894e-05
Candidatus Collierbacteria	2.30122107173344e-05	1.93805239151938e-05	1.09406497104831e-05	1.87212031493224e-05	1.62055929921123e-05	3.42158054210508e-05	1.84246890833717e-05	1.72649549039378e-05	1.5879079048702e-05	2.58474740555979e-05	4.11960589103642e-05	1.10431344832917e-05	1.98909973346064e-05	8.99664922445708e-06	8.28847903684694e-06	1.37622601321237e-05	1.30954992257286e-05	8.47094814381357e-06	9.34911984158139e-06	2.01866733615266e-05	1.81840062062626e-05
Candidatus Woykebacteria	2.8491308507176e-05	2.16167382131008e-05	1.50433933519142e-05	1.66410694660644e-05	1.54689751288345e-05	1.26725205263151e-05	1.51732733627767e-05	2.14085440808829e-05	1.49969079904408e-05	0.0	2.74640392735762e-05	1.10431344832917e-05	1.32606648897376e-05	1.52413822155508e-05	1.81665293958289e-05	2.3138745057307e-05	2.58933734690543e-05	2.46060874653632e-05	2.80473595247442e-05	3.01639946781432e-05	2.08400970004358e-05
Candidatus Pacebacteria	2.30122107173344e-05	2.68345715748837e-05	2.32488806347765e-05	2.91218715656126e-05	2.43083894881684e-05	2.78795451578933e-05	2.27599100441651e-05	1.79555531000953e-05	1.94077632817469e-05	7.75424221667937e-05	3.43300490919702e-05	2.20862689665835e-05	1.98909973346064e-05	1.24894659821875e-05	1.33978154294238e-05	2.16264087790516e-05	1.96432488385929e-05	1.61351393215497e-05	1.96999310947608e-05	2.99319639498498e-05	2.81954253535308e-05
Candidatus Blackburnbacteria	3.28745867390492e-06	1.19264762555039e-05	8.88927788976748e-06	1.10940463107096e-05	6.62956076950048e-06	0.0	3.25141572059501e-06	4.83418737310258e-06	7.93953952435101e-06	1.2923737027799e-05	6.86600981839404e-06	0.0	0.0	2.3285445051536e-06	3.51976507044185e-06	7.10798050780018e-06	7.58943705127453e-06	3.36148735865618e-06	3.89546660065891e-06	8.12107549026933e-06	5.92512561777096e-06
Candidatus Microgenomates	5.47909778984153e-06	2.23621429790698e-06	1.36758121381038e-06	2.77351157767739e-06	5.89294290622265e-06	1.26725205263151e-06	2.16761048039667e-06	1.38119639231502e-06	1.76434211652245e-06	0.0	6.86600981839404e-06	2.20862689665835e-05	0.0	1.37595811668167e-06	1.81665293958289e-06	3.78084069563839e-06	4.61318722724531e-06	2.15135190953995e-06	2.00338282319601e-06	7.19295257709569e-06	4.49492288244694e-06
Candidatus Gracilibacteria	4.38327823187323e-06	5.21783336178295e-06	6.15411546214672e-06	2.77351157767739e-06	5.89294290622265e-06	0.0	3.25141572059501e-06	2.76239278463005e-06	4.41085529130612e-06	2.58474740555979e-05	1.37320196367881e-05	0.0	0.0	2.43438743720603e-06	3.17914264427006e-06	4.53700883476607e-06	2.38099985922338e-06	3.49594685300243e-06	1.55818664026357e-06	7.19295257709569e-06	7.96827238251957e-06
candidate division NC10	0.0003846326648468	0.0003413953828137	0.0002906110079347	0.0003154869419608	0.00026518243078	0.0003560978267894	0.0003587395345056	0.0003259623485863	0.0003184637520323	0.0005686444292231	0.0004668886676507	0.0004638116482982	0.000450862606251	0.0002309492777384	0.0002270816174478	0.0003417879988857	0.0003312566054144	0.0002888189938557	0.0003090774500008	0.0004633653644019	0.0004202752895087
Candidatus Rokubacteria	0.0021598603487555	0.0063791739871626	0.0043796788372277	0.0051739858481571	0.0040204602977704	0.0021872770428419	0.002044056683014	0.0064536401430919	0.0063622176721799	0.0173953500394174	0.0203371210820831	0.0111314795591581	0.0129026269377147	0.0017496895097588	0.0018060936443715	0.0042779456303009	0.0031066095663217	0.0031684035247749	0.0028990062442103	0.0056812723822641	0.0071810479340619
Candidatus Handelsmanbacteria	0.0002553259570066	0.0002348025012802	0.000187358626292	0.000239908751469	0.0001812079943663	0.0002255708653684	0.0002232638794808	0.0002334221903012	0.0002328931593809	0.0002843222146115	0.0003227024614645	0.0002871214965655	0.0003182559573537	0.0001912581782187	0.0001981287112232	0.0002474182151225	0.0002712851714602	0.0002184966783126	0.000256433001369	0.000302104008238	0.0002390481714755
Candidatus Schekmanbacteria	1.97247520434295e-05	1.26718810214729e-05	1.50433933519142e-05	1.52543136772257e-05	1.47323572655566e-05	1.39397725789466e-05	2.60113257647601e-05	2.07179458847253e-05	1.49969079904408e-05	3.87712110833969e-05	1.37320196367881e-05	1.10431344832917e-05	6.63033244486879e-06	1.24894659821875e-05	1.22624073421845e-05	2.05677733842729e-05	2.30659361362265e-05	1.50594633667797e-05	1.30219883507741e-05	2.87718103083828e-05	2.69695372946816e-05
Candidatus Aminicenantes	0.0005380474029624	0.0006089956937966	0.0005415621606689	0.0005949182334118	0.0004876410254899	0.0004904265443683	0.000486628552849	0.0005980580378724	0.0006131088854915	0.0009046615919459	0.0008239211782072	0.0004638116482982	0.0005900995875933	0.000387596817176	0.0004173760128691	0.0005309812672954	0.0004894442835616	0.0004593136326867	0.0004790310928353	0.0006677844360284	0.0005534884585703
Candidatus Glassbacteria	9.09530233113695e-05	7.97583099586822e-05	7.04304325112347e-05	7.90450799638057e-05	7.29251684645053e-05	7.35006190526277e-05	7.58663668138835e-05	7.94187925581138e-05	8.38062505348162e-05	6.46186851389948e-05	0.000123588176731	6.62588068997504e-05	7.95639893384254e-05	5.42974241428998e-05	5.51808330398303e-05	7.03236369388741e-05	6.42869961990313e-05	5.983447498408e-05	6.18822694276102e-05	9.79169673398188e-05	8.11129265605197e-05
candidate division WWE3	5.25993387824787e-05	6.11231908094574e-05	5.12842955178893e-05	4.71496968205157e-05	4.19872182068364e-05	5.1957334157892e-05	6.50283144119002e-05	5.73196502810735e-05	5.02837503208897e-05	5.16949481111958e-05	8.23921178207285e-05	6.62588068997504e-05	2.65213297794751e-05	3.76800838106673e-05	4.03069870969954e-05	5.53515077841461e-05	6.81561209702694e-05	4.71952825155328e-05	5.19766543573632e-05	8.46912158270944e-05	6.96713046779275e-05
Candidatus Peregrinibacteria	0.0002235471898255	0.0001893328105561	0.0001921451605403	0.0002003862114871	0.0001974135873584	0.000140664977842	0.0001788278646327	0.0001857709147663	0.0002205427645653	0.0003230934256949	0.0002677743829173	0.0001877332862159	0.000198909973346	9.93865131972377e-05	0.0001079773090964	0.0001780019799506	0.000149258928675	0.0001531493640603	0.0001431305728127	0.000280757181235	0.0002492639052993
Candidatus Doudnabacteria	5.80784365723203e-05	5.96323812775194e-05	6.49601076559932e-05	0.0001033133062684	6.92420791481162e-05	3.42158054210508e-05	5.74416777305118e-05	5.9391444869546e-05	7.14558557191591e-05	0.0001421611073057	9.61241374575166e-05	5.52156724164587e-05	2.65213297794751e-05	2.80483769938956e-05	2.91799878420502e-05	7.75828510744998e-05	5.05962470084969e-05	4.14135242586441e-05	4.10693478755183e-05	8.88677689363758e-05	9.13286603842628e-05
Candidatus Berkelbacteria	2.41080302753027e-05	2.53437620429458e-05	2.94029960969232e-05	2.56549820935159e-05	4.12506003435586e-05	1.52070246315781e-05	3.25141572059501e-05	3.1076918827088e-05	3.61690133887101e-05	3.87712110833969e-05	1.37320196367881e-05	1.10431344832917e-05	2.65213297794751e-05	2.33912879835884e-05	2.21404577011665e-05	3.25152299824902e-05	3.25899355731201e-05	2.46060874653632e-05	2.5932677655815e-05	4.96545758547896e-05	4.49492288244694e-05
Candidatus Gribaldobacteria	2.19163911593661e-06	0.0	2.73516242762076e-06	5.54702315535478e-06	2.94647145311133e-06	1.26725205263151e-06	3.25141572059501e-06	2.07179458847253e-06	2.64651317478367e-06	1.2923737027799e-05	6.86600981839404e-06	0.0	0.0	1.79932984489142e-06	1.36248970468717e-06	3.62960706781286e-06	2.08337487682046e-06	2.82364938127119e-06	2.00338282319601e-06	4.40858383757478e-06	5.31218158834638e-06
Candidatus Saccharibacteria	6.13658952462252e-05	0.0001587712151513	0.0001853072544713	0.0002191074146365	0.0002187755053935	4.18193177368399e-05	6.50283144119002e-05	0.0001540033977431	0.0001887846064679	0.0001292373702779	0.000157918225823	8.83450758663339e-05	5.96729920038191e-05	4.83702199479634e-05	3.97392830533758e-05	0.0001314220225803	6.63703710758518e-05	9.39871865480268e-05	6.70020255313333e-05	0.0001543004343151	0.0001469022523854
Candidatus Eisenbacteria	0.0002476552201008	0.0004211536927724	0.0003193302134247	0.0004312810503288	0.0002909640559947	0.000212898344842	0.000224347684721	0.0003964033645944	0.0004013878315088	0.0010338989622239	0.0011191596003982	0.0005963292620977	0.0006696635769317	0.0001944334661803	0.0001989234968843	0.0002979302468163	0.0002422667356759	0.0002699946646472	0.0002495324605336	0.0004311130931691	0.0004339643728326
Candidatus Desantisbacteria	3.06829476231126e-05	2.16167382131008e-05	1.91461369933454e-05	2.9815249460032e-05	2.20985358983349e-05	2.02760328421042e-05	2.81789362451567e-05	2.27897404731979e-05	2.99938159808816e-05	1.2923737027799e-05	2.05980294551821e-05	1.10431344832917e-05	5.30426595589503e-05	1.3336209438607e-05	1.32842746206999e-05	2.70708193807709e-05	2.75303108722704e-05	1.70763557819734e-05	2.03677253691595e-05	4.50139612889214e-05	3.71852711184247e-05
Candidatus Edwardsbacteria	4.05453236448273e-05	3.27978097026357e-05	3.28219491314492e-05	3.95225399819028e-05	2.57816252147241e-05	2.53450410526302e-05	3.79331834069418e-05	3.31487134155606e-05	3.26403291556653e-05	6.46186851389948e-05	2.05980294551821e-05	5.52156724164587e-05	3.31516622243439e-05	2.73074764695286e-05	2.64550084326759e-05	3.70522388172562e-05	3.66078728355595e-05	3.72452799339105e-05	3.76190774577918e-05	5.05826987679632e-05	4.16801940008716e-05
Candidatus Lindowbacteria	9.20488428693378e-05	8.57215480864341e-05	8.88927788976748e-05	0.0001019265504796	7.66082577808945e-05	9.12421477894689e-05	7.69501720540819e-05	8.70153727158465e-05	8.99814479426448e-05	0.0001033898962223	9.61241374575166e-05	5.52156724164587e-05	9.2824654228163e-05	6.1388900590413e-05	6.14255775196465e-05	8.72618032553341e-05	8.24421201256096e-05	7.2339207958281e-05	7.75754348759789e-05	0.0001132309954071	9.86839887373578e-05
Candidatus Ratteibacteria	5.47909778984153e-06	3.72702382984496e-06	6.15411546214672e-06	8.32053473303218e-06	3.68308931638916e-06	8.87076436842059e-06	3.25141572059501e-06	5.52478556926009e-06	6.17519740782856e-06	0.0	6.86600981839404e-06	0.0	6.63033244486879e-06	2.54023036925847e-06	3.29268345299399e-06	5.59564422954482e-06	5.20843719205115e-06	4.43716331342616e-06	4.78585896652381e-06	9.74529058832319e-06	7.76395770604471e-06
Candidatus Dadabacteria	3.28745867390492e-05	2.75799763408527e-05	3.00867867038284e-05	2.35748484102578e-05	2.50450073514463e-05	4.18193177368399e-05	3.90169886471401e-05	3.03863206309305e-05	2.99938159808816e-05	5.16949481111958e-05	2.05980294551821e-05	4.41725379331669e-05	3.31516622243439e-05	1.78874555168617e-05	2.03238047615836e-05	2.49535485912134e-05	3.08041856787025e-05	2.3933789993632e-05	2.2927603421021e-05	3.43405477874246e-05	2.79911106770559e-05
Candidatus Firestonebacteria	1.09581955796831e-05	1.78897143832558e-05	1.16244403173882e-05	1.24808020995483e-05	1.25225036757231e-05	1.01380164210521e-05	1.51732733627767e-05	1.65743567077803e-05	1.41147369321796e-05	2.58474740555979e-05	2.74640392735762e-05	0.0	1.98909973346064e-05	7.3031623116181e-06	9.31034631536232e-06	1.79968017112387e-05	1.20538117873184e-05	1.0353381064661e-05	9.68301697878073e-06	2.62194722971553e-05	1.73667475003632e-05
Candidatus Raymondbacteria	2.62996693912394e-05	1.34172857874419e-05	1.84623463864402e-05	1.31741799939676e-05	1.62055929921123e-05	1.64742766842097e-05	2.05922995637684e-05	2.00273476885678e-05	1.85255922234857e-05	1.2923737027799e-05	2.05980294551821e-05	2.20862689665835e-05	6.63033244486879e-06	7.3031623116181e-06	9.65096874153411e-06	1.75431008277621e-05	1.39883741729374e-05	1.2504732974201e-05	1.23541940763754e-05	2.50593186556882e-05	2.12487263533855e-05
Candidatus Riflebacteria	3.06829476231126e-05	2.68345715748837e-05	2.32488806347765e-05	2.56549820935159e-05	1.69422108553901e-05	5.32245862105235e-05	4.66036253285285e-05	2.55521332578279e-05	1.76434211652245e-05	0.0002584747405559	0.0002609083730989	1.10431344832917e-05	1.32606648897376e-05	2.02160000220153e-05	2.50925187279887e-05	3.35738653772689e-05	3.34828105203288e-05	2.52783849370945e-05	3.3834909902866e-05	3.50366399723048e-05	3.53464390301509e-05
Candidatus Wallbacteria	1.4245654253588e-05	3.27978097026357e-05	2.39326712416817e-05	2.28814705158385e-05	2.57816252147241e-05	1.14052684736836e-05	1.40894681225784e-05	2.76239278463005e-05	2.91116449226204e-05	0.0	2.05980294551821e-05	2.20862689665835e-05	0.0	1.11135078655058e-05	1.27165705770802e-05	2.35924459407836e-05	2.1280186241809e-05	1.53283823554722e-05	1.81417444544972e-05	3.22522712327839e-05	2.16573557063352e-05
candidate division CPR1	1.20540151376514e-05	1.49080953193799e-06	0.0	2.08013368325804e-06	1.47323572655566e-06	3.80175615789454e-06	5.41902620099168e-06	4.14358917694507e-06	3.52868423304489e-06	0.0	0.0	1.10431344832917e-05	0.0	1.90517277694385e-06	1.36248970468717e-06	2.1172707895575e-06	3.12506231523069e-06	3.36148735865618e-06	1.8920837774629e-06	7.4249833053891e-06	4.6992375589218e-06
Candidatus Coatesbacteria	4.71202409926372e-05	4.17426668942636e-05	5.19680861247945e-05	3.81357841930641e-05	3.68308931638916e-05	3.92848136315769e-05	4.55198200883301e-05	4.48888827502383e-05	5.02837503208897e-05	7.75424221667937e-05	4.80620687287583e-05	2.20862689665835e-05	3.31516622243439e-05	3.78917696747722e-05	3.41757834259032e-05	4.31015839302777e-05	5.29772468677203e-05	4.51783901003391e-05	4.73020944365725e-05	5.4991282605538e-05	4.51535435009442e-05
Candidatus Bipolaricaulota	2.30122107173344e-05	3.42886192345737e-05	2.94029960969232e-05	3.74424062986448e-05	3.31478038475024e-05	3.29485533684193e-05	2.92627414853551e-05	3.1076918827088e-05	3.9697697621755e-05	6.46186851389948e-05	3.43300490919702e-05	2.20862689665835e-05	2.65213297794751e-05	2.97418639067346e-05	2.92935286507741e-05	3.32713981216178e-05	3.75007477827683e-05	3.34804140922155e-05	3.66173860461938e-05	3.50366399723048e-05	3.06472014712291e-05
Candidatus Blackallbacteria	3.9449504086859e-05	1.04356667235659e-05	1.02568591035779e-05	1.31741799939676e-05	9.57603222261181e-06	1.64742766842097e-05	3.14303519657518e-05	1.17401693346777e-05	7.93953952435101e-06	1.2923737027799e-05	2.74640392735762e-05	1.10431344832917e-05	6.63033244486879e-06	4.86877487441207e-06	6.69890771471191e-06	9.67895218083428e-06	5.50606217445407e-06	5.91621775123488e-06	6.01014846958804e-06	1.60101202522452e-05	1.43020273532403e-05
candidate division CPR2	1.09581955796831e-05	5.21783336178295e-06	4.78653424833634e-06	7.62715683861283e-06	8.10279649605615e-06	7.60351231578907e-06	1.08380524019834e-05	3.45299098078756e-06	3.52868423304489e-06	0.0	0.0	1.10431344832917e-05	6.63033244486879e-06	2.11685864104873e-06	1.4760305134111e-06	3.17590618433625e-06	2.67862484162631e-06	3.36148735865618e-06	3.89546660065891e-06	8.12107549026933e-06	7.35532835309499e-06
Candidatus Fraserbacteria	2.52038498332711e-05	3.13070001706977e-05	1.84623463864402e-05	1.73344473604837e-05	1.54689751288345e-05	1.77415287368412e-05	1.40894681225784e-05	2.00273476885678e-05	1.67612501069632e-05	2.58474740555979e-05	1.37320196367881e-05	1.10431344832917e-05	0.0	1.00550785449814e-05	9.31034631536232e-06	1.67869326886345e-05	1.69646239969666e-05	1.65385178045884e-05	1.46914740367708e-05	2.57554108405684e-05	1.65494887944637e-05
Candidatus Fischerbacteria	1.31498346956197e-05	8.94485719162791e-06	8.20548728286229e-06	8.32053473303218e-06	4.41970717966699e-06	3.80175615789454e-06	3.25141572059501e-06	8.28717835389014e-06	5.29302634956734e-06	1.2923737027799e-05	2.74640392735762e-05	0.0	0.0	4.97461780646451e-06	3.40622426171792e-06	9.52771855300875e-06	7.88706203367746e-06	7.26081269469735e-06	6.12144751532115e-06	1.39218436976046e-05	1.20545659120168e-05
Candidatus Sumerlaeota	5.15035192245104e-05	1.71443096172868e-05	1.50433933519142e-05	1.31741799939676e-05	1.47323572655566e-05	4.30865697894714e-05	3.90169886471401e-05	1.72649549039378e-05	1.41147369321796e-05	5.16949481111958e-05	1.37320196367881e-05	1.10431344832917e-05	2.65213297794751e-05	2.24387015951165e-05	1.95290191005161e-05	1.67869326886345e-05	1.69646239969666e-05	1.77486532537046e-05	1.91434358660952e-05	3.062805613473e-05	2.37005024710839e-05
candidate division WOR-3	6.57491734780984e-06	8.19945242565892e-06	6.83790606905191e-06	5.54702315535478e-06	3.68308931638916e-06	2.28105369473672e-05	1.19218576421817e-05	6.21538376541761e-06	5.29302634956734e-06	0.0	6.86600981839404e-06	1.10431344832917e-05	6.63033244486879e-06	1.27011518462924e-06	1.81665293958289e-06	3.17590618433625e-06	3.72031228003654e-06	2.01689241519371e-06	3.00507423479402e-06	5.10467602245501e-06	4.29060820597208e-06
Candidatus Wirthbacteria	3.28745867390492e-06	1.41626905534109e-05	7.5216966759571e-06	1.04006684162902e-05	1.3259121539001e-05	1.26725205263151e-05	6.50283144119002e-06	1.31213657269927e-05	7.05736846608979e-06	1.2923737027799e-05	0.0	1.10431344832917e-05	1.98909973346064e-05	8.67912042829977e-06	8.40201984557088e-06	1.05863539477875e-05	1.10121243489081e-05	1.0891219042046e-05	1.11299045733112e-05	1.43859051541914e-05	1.28718246179162e-05
Candidatus Abawacabacteria	6.57491734780984e-06	7.45404765968993e-06	8.88927788976748e-06	2.08013368325804e-06	5.15632504294482e-06	3.80175615789454e-06	1.08380524019834e-06	5.52478556926009e-06	6.17519740782856e-06	1.2923737027799e-05	0.0	0.0	0.0	2.22270157310116e-06	2.15727536575468e-06	5.89811148519589e-06	3.869124771238e-06	3.36148735865618e-06	2.78247614332779e-06	1.27616900561375e-05	1.34847686473408e-05
Candidatus Absconditabacteria	4.38327823187323e-06	8.19945242565892e-06	3.41895303452596e-06	2.77351157767739e-06	2.94647145311133e-06	2.53450410526302e-06	2.16761048039667e-06	8.28717835389014e-06	3.52868423304489e-06	2.58474740555979e-05	2.05980294551821e-05	1.10431344832917e-05	1.98909973346064e-05	3.4928167577304e-06	6.13120367109226e-06	1.0435120319962e-05	6.69656210406577e-06	5.91621775123488e-06	1.02395122074463e-05	1.50819973390716e-05	1.16459365590671e-05
candidate division CPR3	2.19163911593661e-06	7.45404765968993e-07	2.73516242762076e-06	2.08013368325804e-06	0.0	0.0	3.25141572059501e-06	2.07179458847253e-06	1.76434211652245e-06	0.0	0.0	1.10431344832917e-05	0.0	1.37595811668167e-06	1.02186727851538e-06	1.81480353390643e-06	1.48812491201461e-06	8.06756966077483e-07	7.79093320131783e-07	1.16015364146705e-06	2.24746144122347e-06
Candidatus Delongbacteria	1.09581955796831e-06	7.45404765968993e-07	6.83790606905191e-07	2.77351157767739e-06	3.68308931638916e-06	1.26725205263151e-06	0.0	6.90598196157512e-07	1.76434211652245e-06	1.2923737027799e-05	6.86600981839404e-06	0.0	0.0	9.52586388471927e-07	2.27081617447862e-06	3.93207432346393e-06	2.52981235042484e-06	1.34459494346247e-06	2.22598091466224e-06	3.24843019610773e-06	2.04314676474861e-06
Candidatus Calescamantes	1.09581955796831e-06	2.23621429790698e-06	0.0	2.77351157767739e-06	0.0	0.0	1.08380524019834e-06	6.90598196157512e-07	1.76434211652245e-06	0.0	0.0	0.0	0.0	1.05842932052436e-07	3.40622426171792e-07	1.36110265042982e-06	8.92874947208769e-07	8.06756966077483e-07	1.44688759453045e-06	1.62421509805387e-06	8.17258705899443e-07
Planctomycetota	0.0135618628494158	0.0144556346264367	0.0149285165299541	0.015109397697292	0.0137865399291079	0.0134062594647888	0.013153060395047	0.0139853040703858	0.0138650825226916	0.0186748000051695	0.0192591575405953	0.019645736245776	0.0209452201933405	0.0136164815226818	0.0138399433385948	0.0161900135596071	0.0153657825914981	0.0156200249987092	0.0148971546732855	0.0189306910292744	0.0155646920538549
Candidatus Omnitrophica	0.0008087148337806	0.0007401869326072	0.0006571227732358	0.0007751964859608	0.0006062365014776	0.0006513675550525	0.0006773782751239	0.0007161503294153	0.0006898577675602	0.0008400429068069	0.0007483950702049	0.0008171919517635	0.0007293365689355	0.000407812817198	0.0004399706338052	0.0006755606154966	0.0006084942765227	0.0005480568989553	0.00056628954469	0.0009800977963113	0.0008867256959008
Verrucomicrobiota	0.0030430909124779	0.0027423441339999	0.0025539579167908	0.0030106468175688	0.0023763292269342	0.0024153824123156	0.0025480261197062	0.002573859477079	0.0027214977147358	0.0028690696201713	0.0026296817604449	0.0032135521346379	0.0028245216215141	0.0018135127977864	0.0018320944895693	0.0033154948228192	0.0021250423743568	0.0027541338226941	0.0020436730777514	0.0058471743529939	0.0051256422887248
Lentisphaerota	0.0004766815077162	0.0003548126686012	0.0003555711155906	0.0003626366387813	0.0002968569989009	0.0004422709663683	0.0004519467851627	0.0003687794367481	0.0003528684233044	0.0005040257440841	0.0004119605891036	0.0004638116482982	0.0004574929386959	0.0002263980316601	0.0002401388104511	0.0003759667987742	0.00028735692051	0.0003132906218267	0.0002710131763601	0.0005837893123862	0.000507313341687
Chlamydiota	0.0001293067078402	5.36691431497675e-05	5.7438410980036e-05	4.85364526093544e-05	7.58716399176167e-05	7.98368793157853e-05	0.000104045303059	7.18222124003812e-05	4.76372371461061e-05	0.0001292373702779	0.000123588176731	6.62588068997504e-05	3.31516622243439e-05	3.29171518683077e-05	3.42893242346271e-05	8.37834298153468e-05	5.14891219557057e-05	4.74642015042253e-05	3.33897137199335e-05	9.25802605890703e-05	9.64365272961343e-05
Kiritimatiellota	8.76655646374645e-05	6.55956194052713e-05	6.63276888698035e-05	7.7658324174967e-05	4.86167789763369e-05	8.11041313684168e-05	9.21234454168586e-05	7.87281943619563e-05	6.7045000427853e-05	0.0001680085813613	0.0001304541865494	0.0001214744793162	9.94549866730318e-05	6.14947435224655e-05	6.5513046633708e-05	8.07587572588361e-05	7.75313079159614e-05	7.19358294752422e-05	7.50155568241173e-05	0.0001065021042866	0.0001019530235609
Thermodesulfobacteriota	0.0057629150553553	0.0044127962145364	0.0042730075025505	0.0044417787916503	0.0038503015713532	0.0049422830052629	0.0052044327634324	0.0044660985345506	0.0044399669362287	0.0071468265763728	0.0065089773078375	0.0050246261898977	0.0046014507167389	0.0034593703912018	0.0035338441307236	0.0046654061847899	0.0045438406063454	0.0040706267318382	0.00412184885968	0.0058485665373636	0.0052226917600503
Nitrospirota	0.0013938824777356	0.0024106390131437	0.0021799244548137	0.0022562516684405	0.0019343585089675	0.0012596485403157	0.0012474598314682	0.0024219278739243	0.0024630215946653	0.0017705519728084	0.0014899241305915	0.0012368310621286	0.0011138958507379	0.0008305494878154	0.0008730152782783	0.0014842068234798	0.0012744301746493	0.0010579273015162	0.0010473240203485	0.0020228438892619	0.0015677065125916
Campylobacterota	0.000414219792912	0.0002512014061315	0.0002400105030237	0.0002870584482896	0.0002592894878737	0.0003244165254736	0.000355488118785	0.0002803828676399	0.0002761195412357	0.0009822040141127	0.0007346630505681	0.0002098195551825	0.0002718436302396	0.0001919990787431	0.0002103911185654	0.0003351337192613	0.000293309420158	0.0002627338519525	0.0002473064796189	0.0004427146295838	0.0003667448442723
Bacteroidota	0.0099368917516566	0.0143922752213293	0.0114056273231786	0.0165245819798019	0.0153798443673778	0.0076123830801574	0.0094583683312108	0.0144825347716192	0.0147507822651859	0.0240381508717061	0.017007106320162	0.0100050798418623	0.0078039012876105	0.0173009798303592	0.022018514872597	0.0189288545595275	0.014702376505722	0.0125569032580073	0.0108248338889567	0.0264002242344958	0.0279723137268202
Ignavibacteriota	0.0003495664389918	0.0002616370728551	0.0002153940411751	0.0002641769777737	0.0002312980090692	0.0002572521666841	0.0002590294524074	0.0002707144928937	0.000260240462187	0.0003877121108339	0.0003364344811013	0.0001877332862159	0.0001856493084563	0.000153472251476	0.0001880235792468	0.0002809920804998	0.0002226234868373	0.0001942939693303	0.0001778558750815	0.0004742708086317	0.0004039301153908
Chlorobiota	0.0003517580781078	0.0002951802873237	0.0002639431742654	0.0002808180472398	0.000246766984198	0.0002902007200526	0.0003305605982604	0.0002831452604245	0.0002867055939348	0.0004006358478617	0.0003158364516461	0.0002098195551825	0.0001790189760114	0.0001844842305673	0.0001959714358575	0.000273884099992	0.0002437548605879	0.0002373210075211	0.0002297212303931	0.0004048936208719	0.0003213869860949
Balneolota	2.52038498332711e-05	2.45983572769768e-05	1.91461369933454e-05	1.24808020995483e-05	1.3259121539001e-05	1.52070246315781e-05	1.300566288238e-05	2.6933329650143e-05	2.82294738643591e-05	5.16949481111958e-05	1.37320196367881e-05	3.31294034498752e-05	1.32606648897376e-05	1.32303665065545e-05	1.60092540300742e-05	2.07190070120984e-05	1.83039364177798e-05	1.43871658950484e-05	1.36897826251727e-05	3.92131930815862e-05	3.45291803242515e-05
Gemmatimonadota	0.0020239787235674	0.0097990910534283	0.0084345571361755	0.0103951213931349	0.0088011102304435	0.0018552570050525	0.002054894735416	0.0099535918012182	0.0102508276969954	0.0075733098982901	0.0085344502042637	0.0046822890209157	0.0046876450385222	0.0075647001967196	0.0087324235989575	0.0059328952195957	0.0048099173406136	0.0049880438617627	0.0043750541887228	0.0068504752221346	0.0049370598423385
candidate division Zixibacteria	0.000103007038449	7.82675004267442e-05	6.97466419043295e-05	6.86444115475155e-05	5.52463397458374e-05	8.99748957368374e-05	8.34530034952719e-05	6.90598196157512e-05	7.14558557191591e-05	7.75424221667937e-05	8.92581276391225e-05	0.0001214744793162	0.0001193459840076	5.45091100070047e-05	6.08578734760269e-05	7.90951873527552e-05	9.77698067193602e-05	6.87088016109323e-05	8.12483033851716e-05	9.60607215134715e-05	8.76509962077153e-05
Candidatus Marinimicrobia	9.09530233113695e-05	3.95064525963566e-05	3.00867867038284e-05	2.84284936711933e-05	2.72548609412798e-05	7.22333669999962e-05	5.31064567697185e-05	3.79829007886631e-05	3.1758158097404e-05	5.16949481111958e-05	4.80620687287583e-05	4.41725379331669e-05	3.97819946692127e-05	1.51355392834984e-05	1.51009275602828e-05	2.7373286636422e-05	2.11313737506075e-05	2.11101406123608e-05	1.62496606770343e-05	4.75662993001489e-05	3.92284178831733e-05
Candidatus Hydrogenedentes	9.86237602171476e-06	2.98161906387597e-06	6.83790606905191e-06	9.70729052187087e-06	2.20985358983349e-06	1.01380164210521e-05	8.67044192158669e-06	2.07179458847253e-06	9.70388164087346e-06	1.2923737027799e-05	6.86600981839404e-06	0.0	6.63033244486879e-06	2.85775916541578e-06	3.40622426171792e-06	1.02838866921364e-05	9.67281192809499e-06	5.37837977384989e-06	5.56495228665559e-06	1.25296593278441e-05	1.36890833238157e-05
Fibrobacterota	1.64372933695246e-05	1.19264762555039e-05	1.50433933519142e-05	1.10940463107096e-05	1.17858858124453e-05	1.39397725789466e-05	1.51732733627767e-05	1.24307675308352e-05	2.11721053982694e-05	3.87712110833969e-05	4.11960589103642e-05	1.10431344832917e-05	1.32606648897376e-05	7.3031623116181e-06	7.94785661067515e-06	1.36110265042982e-05	1.11609368401096e-05	1.39837874120097e-05	9.34911984158139e-06	2.38991650142212e-05	1.92055795886369e-05
Candidatus Cloacimonetes	7.67073690577815e-06	2.23621429790698e-06	4.10274364143115e-06	2.08013368325804e-06	7.36617863277832e-07	1.26725205263151e-06	5.41902620099168e-06	4.14358917694507e-06	7.93953952435101e-06	0.0005557206921953	0.0004394246283772	1.10431344832917e-05	0.0	2.22270157310116e-06	2.38435698320255e-06	4.38577520694053e-06	2.82743733282777e-06	3.49594685300243e-06	3.00507423479402e-06	4.17655310928137e-06	6.33375497072069e-06
Elusimicrobiota	0.001484835501047	0.0015496965084495	0.0013839921883761	0.0015365254140332	0.0013008671465486	0.0013648304606841	0.001393773538895	0.0015621331197082	0.0016258412603754	0.0021453403466146	0.0017371004840536	0.0015018662897276	0.0015050854649852	0.0009634882104733	0.0009858748421498	0.0013854512645097	0.0012205600528343	0.0011453259728413	0.0011572874775329	0.0018794488991766	0.0016320656356811
Acidobacteriota	0.0418077077756068	0.0262613553098536	0.0237186447817204	0.025331174616822	0.0217729508027661	0.0312656426425247	0.0333920394505107	0.0271115039847516	0.0268479939871221	0.0233402690722049	0.0240584984036527	0.0186739404112463	0.019857845672382	0.0098628677803742	0.0115914947034348	0.0204723449651149	0.0151705406030418	0.0160816244427999	0.0150357219852233	0.0265865449093154	0.0224525484271754
Myxococcota	0.0146763113398695	0.0180432677650454	0.0168656953193165	0.0184320645673495	0.0168759152476951	0.0131249295091046	0.0147278294090552	0.0174935429068659	0.0180818601811803	0.0214921746772297	0.0227333585087027	0.0174702387525675	0.0181008075744918	0.0118411780233663	0.0110155021807783	0.0165879092344161	0.0134733341408891	0.015729475027107	0.0147846313380494	0.0185295099000551	0.0161792706006913
Nitrospinota	0.0001194443318185	8.19945242565892e-05	6.15411546214672e-05	7.90450799638057e-05	7.58716399176167e-05	7.73023752105223e-05	8.45368087354702e-05	7.52752033811688e-05	8.73349347678611e-05	0.0001550848443335	0.0001304541865494	7.73019413830422e-05	0.0001193459840076	4.99578639287499e-05	4.96173334123577e-05	9.66382881805173e-05	8.4823119984833e-05	6.89777205996248e-05	6.46647455709379e-05	0.0001508199733907	0.0001109428693258
Candidatus Tectomicrobia	0.0001391690838619	0.0001401360960021	0.0001381257025948	0.0001518497588778	0.0001642657835109	0.0001267252052631	0.0001300566288238	0.0001567657905277	0.0001534977641374	0.0003230934256949	0.0002815064025541	0.000154603882766	0.0002585829653498	0.0001493443771259	0.0001502144899417	0.0001783044472063	0.0002007480506307	0.000170898017314	0.000197667105222	0.0001870167670044	0.0001893997050921
Spirochaetota	0.0008656974507949	0.0007155885753302	0.0006612255168773	0.0007065520744133	0.0006769518163523	0.0007286699302631	0.0007716693310212	0.0007921161309926	0.000766606649629	0.0022228827687814	0.0016478423564145	0.0008392782207301	0.0007691185636047	0.0005822419692204	0.000618116162693	0.0007626711851241	0.0007510566430937	0.0006536076020171	0.0006797032722921	0.0009555025391122	0.0008415721523999
Bdellovibrionota	0.0003681953714773	0.0002601462633231	0.0002208643660303	0.0002253478156862	0.0002268783018895	0.0002483814023157	0.0003143035196575	0.0002935042333669	0.0002734730280609	0.0004523307959729	0.0003638985203748	0.0002871214965655	0.0003381469546883	0.0001471216755528	0.0001573675608913	0.0002741865672476	0.000189140676317	0.0001807135604013	0.000155929963072	0.0004032694057739	0.0003661319002429
Synergistota	0.0002619008743544	0.0002459835727697	0.0002345401781684	0.0002634835998793	0.0001893107908624	0.0002217691092105	0.0002308505161622	0.0002396375740666	0.0002778838833522	0.0002972459516393	0.0002471763534621	0.0002098195551825	0.0002320616355704	0.0002333836651756	0.0002328721986927	0.0002499891867956	0.0002961368574909	0.0002319426277472	0.0002730165591833	0.0002812212426916	0.0002574364923583
Caldisericota	0.0	3.72702382984496e-06	3.41895303452596e-06	1.3867557888387e-06	2.20985358983349e-06	1.26725205263151e-06	3.25141572059501e-06	3.45299098078756e-06	2.64651317478367e-06	0.0	6.86600981839404e-06	0.0	0.0	3.06944502952065e-06	2.27081617447862e-06	5.29317697389375e-06	3.57149978883508e-06	4.43716331342616e-06	2.33727996039535e-06	6.03279893562864e-06	5.31218158834638e-06
Fusobacteriota	2.08205716013978e-05	2.53437620429458e-05	2.39326712416817e-05	3.53622726153868e-05	3.97773646170029e-05	1.77415287368412e-05	1.6257078602975e-05	3.66017043963481e-05	3.26403291556653e-05	0.0002972459516393	0.0001373201963678	0.0001766901517326	0.0001259763164525	2.75191623336334e-05	3.40622426171792e-05	6.03422175023887e-05	5.08938719908998e-05	4.19513622360291e-05	3.67286850919269e-05	6.10240815411667e-05	5.18959278246146e-05
Thermotogota	9.42404819852744e-05	7.90129051927132e-05	7.45331761526658e-05	6.30973883921607e-05	5.96660469255044e-05	7.09661149473647e-05	7.04473406128919e-05	8.14905871465864e-05	8.2924079476555e-05	0.0001550848443335	0.0001304541865494	3.31294034498752e-05	5.30426595589503e-05	7.09147644751323e-05	7.6980668314825e-05	8.86229059057639e-05	8.52695574584374e-05	7.2877045935666e-05	8.04692100650398e-05	0.0001092864730261	9.41890658549108e-05
Atribacterota	3.61620454129541e-05	1.86351191492248e-05	1.02568591035779e-05	1.52543136772257e-05	1.39957394022788e-05	1.77415287368412e-05	1.84246890833717e-05	1.31213657269927e-05	1.94077632817469e-05	0.0002455510035281	0.0001510522160046	5.52156724164587e-05	0.0	8.4674345641949e-06	1.24894889596324e-05	2.05677733842729e-05	1.83039364177798e-05	1.16979760081235e-05	1.14638017105105e-05	3.59647628854785e-05	2.55393345593576e-05
Chrysiogenota	3.39704062970175e-05	2.16167382131008e-05	1.7778555779535e-05	1.45609357828063e-05	1.10492679491675e-05	3.29485533684193e-05	2.70951310049584e-05	1.58837585116228e-05	1.94077632817469e-05	5.16949481111958e-05	3.43300490919702e-05	0.0	1.32606648897376e-05	1.55589110117081e-05	1.23759481509085e-05	2.49535485912134e-05	2.30659361362265e-05	1.84209507254359e-05	1.73626511343654e-05	3.43405477874246e-05	2.83997400300057e-05
Aquificota	3.83536845288907e-05	3.57794287665116e-05	2.94029960969232e-05	3.25887610377094e-05	3.24111859842246e-05	3.54830574736823e-05	3.68493781667434e-05	2.55521332578279e-05	3.52868423304489e-05	6.46186851389948e-05	3.43300490919702e-05	5.52156724164587e-05	5.30426595589503e-05	3.0800293227259e-05	3.78090893050689e-05	4.29503503024521e-05	5.35724968325261e-05	3.33459545978693e-05	4.84150848939036e-05	5.45272211489512e-05	5.02614104128158e-05
Calditrichota	6.35575343621618e-05	2.68345715748837e-05	2.8719205490018e-05	3.95225399819028e-05	3.31478038475024e-05	5.1957334157892e-05	5.63578724903135e-05	3.1076918827088e-05	3.1758158097404e-05	6.46186851389948e-05	4.11960589103642e-05	0.0	3.31516622243439e-05	1.49238534193935e-05	1.87342334394486e-05	2.70708193807709e-05	2.30659361362265e-05	2.42027089823245e-05	1.91434358660952e-05	4.91905143982028e-05	4.74010049421677e-05
Deferribacterota	3.28745867390492e-05	2.45983572769768e-05	2.05137182071557e-05	2.14947147269998e-05	2.43083894881684e-05	3.04140492631563e-05	2.38437152843634e-05	2.8314526042458e-05	1.94077632817469e-05	3.87712110833969e-05	4.11960589103642e-05	4.41725379331669e-05	2.65213297794751e-05	1.76757696527569e-05	2.33894065971297e-05	3.28176972381412e-05	2.67862484162631e-05	1.84209507254359e-05	2.22598091466224e-05	4.82623914850291e-05	3.39162362948269e-05
Dictyoglomota	9.86237602171476e-06	5.21783336178295e-06	4.10274364143115e-06	4.85364526093544e-06	2.94647145311133e-06	6.33626026315756e-06	1.300566288238e-05	6.90598196157512e-07	2.64651317478367e-06	1.2923737027799e-05	0.0	0.0	0.0	3.17528796157309e-06	3.86038749661365e-06	4.38577520694053e-06	6.25012463046138e-06	5.24392027950364e-06	5.6762513323887e-06	5.33670675074841e-06	3.26903482359777e-06
Coprothermobacterota	1.09581955796831e-06	3.72702382984496e-06	2.05137182071557e-06	2.08013368325804e-06	7.36617863277832e-07	5.06900821052605e-06	2.16761048039667e-06	3.45299098078756e-06	2.64651317478367e-06	1.2923737027799e-05	1.37320196367881e-05	0.0	1.32606648897376e-05	2.01101570899629e-06	2.72497940937434e-06	2.41973804520857e-06	2.67862484162631e-06	2.82364938127119e-06	2.33727996039535e-06	3.71249165269455e-06	3.88197885302236e-06
Nitrososphaerota	8.76655646374645e-05	0.0006082502890306	0.0006427631704908	0.0010248125279518	0.0009355046863628	5.32245862105235e-05	6.71959248922969e-05	0.0006678084556843	0.0006457492146472	0.0002713984775837	0.0002540423632805	0.0001214744793162	4.64123271140815e-05	0.0009489877287821	0.0011316612405514	0.0018173745055794	0.003182206311852	0.0018063288470474	0.0021419501351337	0.000820924716702	0.0005353044523641
Candidatus Bathyarchaeota	1.53414738115563e-05	1.41626905534109e-05	1.98299276002505e-05	3.95225399819028e-05	4.49336896599477e-05	8.87076436842059e-06	1.6257078602975e-05	1.31213657269927e-05	1.67612501069632e-05	1.2923737027799e-05	6.86600981839404e-06	2.20862689665835e-05	1.32606648897376e-05	2.5719832488742e-05	4.5984027533192e-05	5.15706670885077e-05	2.47028735394426e-05	2.09756811180146e-05	3.75077784120587e-05	5.4991282605538e-05	2.06357823239609e-05
Thermoproteota	8.43781059635596e-05	8.05037147246512e-05	6.70114794767087e-05	7.41914347028702e-05	8.39744364136728e-05	6.84316108421017e-05	8.67044192158669e-05	9.0468363696634e-05	7.67488820687264e-05	6.46186851389948e-05	9.61241374575166e-05	0.0001104313448329	8.61943217832942e-05	8.3933445117582e-05	9.46930344757582e-05	0.0001084345111509	0.0001476219912718	0.0001033993511522	0.0001276600054558	8.65474616534417e-05	8.33603880017432e-05
Candidatus Korarchaeota	0.0	0.0	1.36758121381038e-06	1.3867557888387e-06	0.0	0.0	0.0	6.90598196157512e-07	2.64651317478367e-06	0.0	6.86600981839404e-06	0.0	0.0	1.1642722525768e-06	7.94785661067515e-07	6.04934511302143e-07	1.04168743841023e-06	8.06756966077483e-07	2.33727996039535e-06	1.62421509805387e-06	6.12944029424582e-07
Euryarchaeota	0.0050002246430093	0.0071059436339824	0.0067196102940573	0.0069864756641693	0.0065094920577862	0.0049739643065786	0.0048738721651719	0.0073514177980967	0.0071050057032358	0.0105586931517117	0.009427031480655	0.0078295823486538	0.0082149818991924	0.0063001946874892	0.0064343576303851	0.0065275458442057	0.0074644345586653	0.0064138523398103	0.007530604733348	0.0066418795973988	0.0060650811711562
Candidatus Woesearchaeota	2.19163911593661e-05	1.49080953193799e-05	6.83790606905191e-06	8.32053473303218e-06	1.47323572655566e-05	2.15432848947357e-05	9.75424716178503e-06	1.31213657269927e-05	1.67612501069632e-05	6.46186851389948e-05	2.05980294551821e-05	1.10431344832917e-05	1.32606648897376e-05	8.89080629240465e-06	1.12405400636691e-05	1.2703624737345e-05	1.88991863825856e-05	1.29081114572397e-05	1.44688759453045e-05	1.27616900561375e-05	1.43020273532403e-05
Nanoarchaeota	1.09581955796831e-06	0.0	6.83790606905191e-07	0.0	0.0	0.0	0.0	6.90598196157512e-07	0.0	0.0	0.0	0.0	0.0	7.40900524367054e-07	5.67704043619654e-07	1.36110265042982e-06	1.04168743841023e-06	4.03378483038742e-07	5.56495228665559e-07	1.39218436976046e-06	1.0215733823743e-06
Candidatus Micrarchaeota	3.06829476231126e-05	2.68345715748837e-05	2.25650900278713e-05	2.28814705158385e-05	2.13619180350571e-05	2.40777889999987e-05	2.16761048039667e-05	1.93367494924103e-05	1.76434211652245e-05	6.46186851389948e-05	2.74640392735762e-05	1.10431344832917e-05	1.98909973346064e-05	1.65114974001801e-05	1.44196827079392e-05	2.3441212312958e-05	2.11313737506075e-05	1.60006798272034e-05	2.33727996039535e-05	2.66835337537421e-05	2.00228382945364e-05
Candidatus Diapherotrites	0.0	2.98161906387597e-06	6.83790606905191e-07	4.16026736651609e-06	2.20985358983349e-06	0.0	0.0	2.07179458847253e-06	2.64651317478367e-06	0.0	6.86600981839404e-06	0.0	6.63033244486879e-06	1.37595811668167e-06	6.81244852343585e-07	2.87343892868518e-06	2.82743733282777e-06	1.61351393215497e-06	8.90392365864894e-07	3.01639946781432e-06	2.45177611769833e-06
Candidatus Altiarchaeota	1.09581955796831e-06	0.0	6.83790606905191e-07	0.0	2.20985358983349e-06	0.0	0.0	6.90598196157512e-07	0.0	0.0	0.0	0.0	0.0	6.35057592314618e-07	4.54163234895723e-07	1.05863539477875e-06	2.08337487682046e-06	1.61351393215497e-06	2.55987805186157e-06	6.96092184880228e-07	4.08629352949722e-07
Candidatus Aenigmarchaeota	0.0	0.0	1.36758121381038e-06	6.93377894419348e-07	0.0	0.0	0.0	0.0	8.82171058261223e-07	0.0	0.0	0.0	0.0	1.05842932052436e-07	1.13540808723931e-07	4.53700883476607e-07	1.48812491201461e-07	1.34459494346247e-07	0.0	0.0	0.0
Candidatus Huberarchaea	0.0	0.0	0.0	6.93377894419348e-07	0.0	0.0	0.0	0.0	0.0	0.0	0.0	0.0	0.0	0.0	1.13540808723931e-07	1.51233627825536e-07	0.0	2.68918988692494e-07	1.11299045733112e-07	2.32030728293409e-07	2.04314676474861e-07
Candidatus Nanohaloarchaeota	0.0	0.0	6.83790606905191e-07	0.0	0.0	0.0	0.0	0.0	0.0	0.0	0.0	0.0	0.0	3.17528796157309e-07	2.27081617447862e-07	1.51233627825536e-07	1.48812491201461e-07	0.0	2.22598091466224e-07	4.64061456586819e-07	2.04314676474861e-07
Candidatus Thermoplasmatota	1.20540151376514e-05	1.19264762555039e-05	5.47032485524153e-06	1.24808020995483e-05	1.3259121539001e-05	1.26725205263151e-05	1.08380524019834e-05	1.03589729423627e-05	1.41147369321796e-05	1.2923737027799e-05	6.86600981839404e-06	1.10431344832917e-05	0.0	1.06901361372961e-05	1.33978154294238e-05	1.64844654329834e-05	1.84527489089812e-05	1.29081114572397e-05	1.45801749910376e-05	1.36898129693112e-05	1.00114191472682e-05
Candidatus Heimdallarchaeota	2.19163911593661e-06	2.23621429790698e-06	4.10274364143115e-06	2.08013368325804e-06	2.94647145311133e-06	0.0	1.08380524019834e-06	1.38119639231502e-06	2.64651317478367e-06	1.2923737027799e-05	6.86600981839404e-06	0.0	0.0	2.22270157310116e-06	3.97392830533758e-06	5.29317697389375e-06	7.738249542476e-06	4.97500129081115e-06	5.00845705799003e-06	6.72889112050887e-06	4.29060820597208e-06
Candidatus Lokiarchaeota	6.57491734780984e-06	2.23621429790698e-06	2.73516242762076e-06	2.77351157767739e-06	7.36617863277832e-07	1.26725205263151e-06	5.41902620099168e-06	6.90598196157512e-06	2.64651317478367e-06	1.2923737027799e-05	2.05980294551821e-05	0.0	0.0	1.79932984489142e-06	2.49789779192648e-06	3.17590618433625e-06	6.10131213925992e-06	4.30270381907991e-06	2.22598091466224e-06	5.10467602245501e-06	4.08629352949722e-06
Candidatus Odinarchaeota	2.19163911593661e-06	0.0	0.0	0.0	7.36617863277832e-07	1.26725205263151e-06	0.0	0.0	0.0	0.0	0.0	0.0	0.0	0.0	2.27081617447862e-07	3.02467255651071e-07	1.63693740321608e-06	2.68918988692494e-07	1.11299045733112e-07	9.28122913173637e-07	0.0
Candidatus Thorarchaeota	1.09581955796831e-06	7.45404765968993e-07	0.0	0.0	7.36617863277832e-07	0.0	0.0	0.0	0.0	0.0	0.0	0.0	0.0	1.05842932052436e-06	6.81244852343585e-07	7.56168139127678e-07	1.04168743841023e-06	2.68918988692494e-07	4.45196182932447e-07	1.16015364146705e-06	0.0
