#OTU ID	mgm4575366	mgm4575367	mgm4575368	mgm4575369	mgm4575370	mgm4575371	mgm4575372	mgm4575373	mgm4575374	mgm4575375	mgm4575376	mgm4575377	mgm4575355	mgm4575356	mgm4575357	mgm4575358	mgm4575359	mgm4575360	mgm4575361	mgm4575362	mgm4575363	mgm4575364	mgm4575365	mgm4726046	mgm4726047	mgm4569549	mgm4569551	mgm4569550
Pseudomonadota	0.10652807203389801	0.0828265483770957	0.116078993677899	0.0802958225064961	0.06920996745756501	0.0833832667554372	0.0517449404694152	0.0677266157340491	0.0579539231395548	0.0837143071273327	0.0618492394798714	0.0662707336293221	0.66499162479062	0.6691268533772651	0.6445131375579599	0.6423418889448079	0.648622126091484	0.691249083691789	0.662755500078015	0.682605509178986	0.690706572911032	0.7062525879917181	0.705279900686659	0.947850237963625	0.959285254886608	0.9941793116104101	0.912904388546573	0.9355153024899929
Actinomycetota	0.0127780720338983	0.00882402041449047	0.013230789285016002	0.00843094143513892	0.00682932791468687	0.0086329338659565	0.00489448403032304	0.00805285979764609	0.00626160831481315	0.0056958704938919295	0.00467827839355117	0.00542005420054201	0.16464040633273902	0.15689181768259197	0.156877897990726	0.165492367052508	0.16616598574060698	0.150896944717224	0.15537525354969597	0.143056325188138	0.13414267684356002	0.11859213250517599	0.132016914303449	0.0417009343274326	0.0325214619277984	0.0022846918762688	0.0298978292509079	0.007530363488270341
Chloroflexota	0.00059586864406779	0.0004483556318714	0.00026070520758652004	0.00028782730361782	0.00038195346279009	0.00031069684864624	0.00027318050401803	0.00020648358455501998	0.00034191105097082004	0.00037472832196657	0.00026390288373877996	0.00015376040285225	0.0075106716377586905	0.006919275123558479	0.00309119010819165	0.0036067773863445703	0.0040254746455179	0.00536645412926516	0.008753315649867371	0.00715013495879735	0.0041468838271530705	0.00347826086956522	0.0036854560266904603	0.00021571773334591002	0.00022370739073292002	0.00010322403055431	0.00062938271032648	0.00152715277774481
Bacillota	0.00271451271186441	0.0021034556771839397	0.00280258098155511	0.00115530681591045	0.00097780086474264	0.0013204616067465599	0.00068295126004507	0.00165186867644022	0.00113004499897137	0.00142396762347298	0.00112758504870208	0.00101866266889619	0.0115091586967094	0.0119714442613948	0.017774343122102	0.0133366884750881	0.014479692381639	0.0111616713461778	0.0128569199563114	0.0119943513933826	0.0107778912995573	0.0122567287784679	0.0105714396555068	0.00140216526674846	0.0005872319006739099	0.00169058023374508	0.033724065143261005	0.0391899579056303
Cyanobacteriota	0.861162605932203	0.8945458014356921	0.855047904581894	0.901315210873476	0.9148702122133441	0.896626719928984	0.9373733694538671	0.9110055750567829	0.9269005763229491	0.9015213969871841	0.925843289669402	0.9207749524303751	0.0141568055330416	0.0149038989566172	0.0316846986089645	0.036990437845999	0.0294800929263799	0.00976473354448763	0.0108909346231861	0.013424378385141999	0.0284271891339624	0.0345341614906832	0.0316561275555728	0.00045840018336007	0.00039148793378261003	0.00016630538255972	0.00110918547507045	0.0015156903146324
Candidatus Melainabacteria	0.0	9.53948152917889e-06	0.0	7.99520287827304e-06	0.0	1.10963160230803e-05	0.0	0.0	5.79510255882754e-06	0.0	2.3991171248980397e-05	0.0	0.0	8.78638110928062e-05	0.0	0.0	2.00272370423776e-05	6.91553367173345e-05	1.56030581994071e-05	7.15013495879735e-05	8.01330208145522e-05	0.0	5.81914109477441e-05	0.0	0.0	1.1469336728257e-06	1.32614807984511e-05	5.9686198455117695e-06
Candidatus Margulisbacteria	0.0	0.0	0.0	3.99760143913652e-06	0.0	0.0	0.0	0.0	2.89755127941377e-06	0.0	0.0	0.0	0.0	0.0	0.0	0.0	2.00272370423776e-05	2.76621346869338e-05	0.0	1.7875337396993398e-05	2.0033255203638e-05	0.0	0.0	0.0	0.0	0.0	2.1505103997488198e-05	7.053823453786639e-06
Deinococcota	0.00052966101694915	0.00044358589110680995	0.0005214104151730401	0.00053967619428343	0.00033611904725528	0.00053817132711939	0.00027318050401803	0.00061945075366508	0.00036798901248554	0.00029978265757325	0.0003598675687347	0.00034596090641757004	0.0023234451829037698	0.00202086765513454	0.00077279752704791	0.0011742996141587	0.00198269646719539	0.00215764650558084	0.0024028709627086898	0.0023595445364031197	0.0015625939058837698	0.0014906832298136599	0.00164875664351942	0.0007550120667107	0.0007550124437236099	4.702428058585371e-05	0.00031003191596378	0.00050909614273194
Armatimonadota	6.620762711864411e-05	2.86184445875367e-05	0.00019552890568989	3.597841295222871e-05	1.5278138511603698e-05	2.77407900577008e-05	0.0	0.0	2.89755127941377e-05	0.0	2.3991171248980397e-05	3.84401007130639e-05	0.00097260496028529	0.00066996155958264	0.00077279752704791	0.00067102835094782	0.00078106224465272	0.00055324269373867	0.0008581682009673901	0.00067926282108574	0.00034056533846183997	0.00033126293995859	0.00032975132870387996	2.6964716668239603e-05	0.0	6.76690866967163e-05	7.825468399085991e-05	0.00021263208199635
Mycoplasmatota	6.620762711864411e-05	3.3388185352126096e-05	6.517630189663039e-05	3.19808115130921e-05	4.5834415534811206e-05	3.8837106080781205e-05	0.0	0.0	3.18730640735514e-05	0.0	0.0	3.84401007130639e-05	0.00027016804452369	0.00036243822075782004	0.0	0.00033551417547391	0.00038051750380517003	0.00019363494280853001	0.00015603058199407	0.00019662871136692	0.00030049882805457	0.00016563146997928998	0.0004073398766342	1.3482358334119802e-05	0.0	1.3763204073908402e-05	0.00115775116826477	0.00014874071955917
Thermomicrobiota	0.0	1.90789630583578e-05	0.0	3.99760143913652e-06	1.5278138511603698e-05	1.66444740346205e-05	0.0	0.0	1.73853076764826e-05	0.0	0.0	0.0	0.00021613443561895	0.00023064250411861	0.0	0.00016775708773695	0.00016021789633902	0.00013831067343466	0.00014042752379466	0.00016087803657294	0.00014023278642546	8.2815734989648e-05	0.00011638282189548	4.04470750023594e-05	0.0	1.1469336728257e-06	9.498087598890621e-06	2.2178848744117604e-05
Candidatus Kaiserbacteria	0.0	5.24671484104839e-05	0.00019552890568989	3.997601439136521e-05	3.05562770232075e-05	5.5481580115401706e-05	2.27650420015025e-05	0.0	4.9258371750034004e-05	7.49456643933148e-05	2.3991171248980397e-05	3.84401007130639e-05	0.00048630248014264004	0.00034047226798462004	0.00077279752704791	0.00016775708773695	0.00030040855563566	0.00031811454889972996	0.00049929786238102	0.00046475877232182	0.0003205320832582	0.00041407867494824	0.00027155991775613	0.0	0.0	0.0	2.28193047973347e-05	9.63118202343945e-06
Candidatus Nomurabacteria	0.0	2.38487038229472e-05	0.00013035260379326002	1.1992804317409599e-05	1.5278138511603698e-05	1.66444740346205e-05	0.0	0.0	1.1590205117655099e-05	0.0	0.0	0.0	0.00010806721780947	0.00015376166941241	0.0	0.0	8.01089481695105e-05	0.00015214174077813	0.00018723669839288	0.00017875337396993	0.00010016627601819	0.0	7.75885479303255e-05	0.0	0.0	0.0	3.1839501196281103e-05	1.8380636115155603e-05
Candidatus Yanofskybacteria	0.0	9.53948152917889e-06	0.0	1.9988007195682603e-05	1.5278138511603698e-05	1.10963160230803e-05	0.0	0.0	1.4487756397068802e-05	0.0	2.3991171248980397e-05	0.0	5.4033608904738706e-05	0.0001317957166392	0.0	0.0	4.00544740847553e-05	8.29864040608014e-05	0.00014042752379466	7.15013495879735e-05	4.00665104072761e-05	8.2815734989648e-05	5.81914109477441e-05	0.0	0.0	3.4408010184771005e-06	4.1994689195095e-05	0.00012154280412678001
Candidatus Azambacteria	0.0	0.0	0.0	7.99520287827304e-06	0.0	0.0	0.0	0.0	0.0	0.0	0.0	0.0	0.0	6.58978583196046e-05	0.0	8.387854386847841e-05	0.0	1.38310673434669e-05	6.24122327976283e-05	8.937668698496679e-05	4.00665104072761e-05	8.2815734989648e-05	1.93971369825814e-05	0.0	0.0	0.0	4.77891199944182e-06	5.90079461999459e-06
Candidatus Falkowbacteria	6.620762711864411e-05	3.81579261167156e-05	0.0	1.9988007195682603e-05	1.5278138511603698e-05	2.21926320461607e-05	0.0	0.0	2.3180410235310103e-05	7.49456643933148e-05	0.0	1.9220050356531898e-05	0.00010806721780947	0.0001208127402526	0.0	0.0	6.00817111271329e-05	6.91553367173345e-05	9.361834919644251e-05	7.15013495879735e-05	2.0033255203638e-05	0.0	5.81914109477441e-05	0.0	0.0	5.7346683641285e-06	7.53873367911948e-05	7.12843120185554e-05
Candidatus Magasanikbacteria	6.620762711864411e-05	5.723688917507329e-05	6.517630189663039e-05	3.597841295222871e-05	3.05562770232075e-05	2.77407900577008e-05	2.27650420015025e-05	0.00020648358455501998	8.6926538382413e-06	7.49456643933148e-05	2.3991171248980397e-05	0.0	0.00016210082671421	0.00010982976386599999	0.00077279752704791	0.0	0.00022029960746615	0.0001659728081216	0.00026525198938992	0.00017875337396993	0.0001602660416291	0.00016563146997928998	0.00013577995887807	1.3482358334119802e-05	0.0	0.0	7.11460523916901e-05	6.531569217304361e-05
Candidatus Nealsonbacteria	0.0	0.0	0.0	3.99760143913652e-06	3.05562770232075e-05	1.10963160230803e-05	0.0	0.0	5.79510255882754e-06	0.0	0.0	0.0	5.4033608904738706e-05	7.688083470620541e-05	0.00077279752704791	8.387854386847841e-05	0.0	8.29864040608014e-05	6.24122327976283e-05	3.57506747939867e-05	2.0033255203638e-05	0.00016563146997928998	1.93971369825814e-05	0.0	0.0	0.0	1.4814627198269699e-05	1.11233369848174e-05
Candidatus Uhrbacteria	0.0	1.90789630583578e-05	0.0	3.99760143913652e-06	0.0	1.66444740346205e-05	2.27650420015025e-05	0.0	1.73853076764826e-05	7.49456643933148e-05	2.3991171248980397e-05	0.0	0.00021613443561895	0.00020867655134541	0.00077279752704791	0.00016775708773695	0.00036049026676279	0.00020746601015200002	0.0002340458729911	0.0002681300609549	0.00024039906244365	0.00033126293995859	0.00029095705473872	0.0	0.0	3.4408010184771005e-06	2.00714303976557e-05	6.6468721006835605e-06
Candidatus Giovannonibacteria	0.0	9.53948152917889e-06	0.0	0.0	0.0	0.0	0.0	0.0	0.0	0.0	2.3991171248980397e-05	0.0	0.0	5.4914881933003796e-05	0.0	0.0	0.00010013618521188	5.53242693738676e-05	9.361834919644251e-05	5.36260121909801e-05	4.00665104072761e-05	8.2815734989648e-05	0.0	0.0	0.0	0.0	1.8398811197851e-05	4.27298920758229e-06
Candidatus Moranbacteria	0.0	2.38487038229472e-05	0.0	1.1992804317409599e-05	0.0	1.10963160230803e-05	0.0	0.0	1.4487756397068802e-05	0.0	0.0	0.0	0.00010806721780947	0.00018671059857221	0.0	8.387854386847841e-05	8.01089481695105e-05	4.14932020304007e-05	0.00017163364019347	0.00019662871136692	0.00010016627601819	8.2815734989648e-05	0.00013577995887807	0.0	0.0	0.0	1.8936438797788198e-05	1.3632870328953e-05
Candidatus Zambryskibacteria	0.0	1.43092222937683e-05	0.0	7.99520287827304e-06	0.0	1.10963160230803e-05	0.0	0.0	5.79510255882754e-06	0.0	0.0	0.0	5.4033608904738706e-05	2.19659527732015e-05	0.0	0.0	2.00272370423776e-05	6.91553367173345e-05	0.00014042752379466	0.00012512736177895	6.00997656109141e-05	0.0	1.93971369825814e-05	0.0	0.0	3.4408010184771005e-06	1.23654347985557e-05	4.1034261437893395e-05
Candidatus Staskawiczbacteria	0.0	4.76974076458944e-06	0.0	3.99760143913652e-06	0.0	0.0	0.0	0.0	0.0	0.0	0.0	0.0	0.00021613443561895	2.19659527732015e-05	0.0	0.0	2.00272370423776e-05	4.14932020304007e-05	4.68091745982212e-05	8.937668698496679e-05	2.0033255203638e-05	0.0	3.87942739651627e-05	0.0	0.0	0.0	1.37393719983952e-06	1.55998018689512e-06
Candidatus Wolfebacteria	0.0	4.76974076458944e-06	6.517630189663039e-05	3.99760143913652e-06	1.5278138511603698e-05	0.0	2.27650420015025e-05	0.0	1.1590205117655099e-05	0.0	0.0	0.0	0.00010806721780947	2.19659527732015e-05	0.0	0.0	8.01089481695105e-05	1.38310673434669e-05	0.0	5.36260121909801e-05	0.0	0.0	5.81914109477441e-05	1.3482358334119802e-05	0.0	0.0	2.56866519969998e-06	4.06951353103075e-07
Candidatus Harrisonbacteria	0.0	4.76974076458944e-06	0.0	3.99760143913652e-06	0.0	0.0	0.0	0.0	2.89755127941377e-06	0.0	2.3991171248980397e-05	0.0	0.00010806721780947	2.19659527732015e-05	0.0	0.0	2.00272370423776e-05	4.14932020304007e-05	3.12061163988142e-05	3.57506747939867e-05	2.0033255203638e-05	0.0	1.93971369825814e-05	0.0	0.0	2.2938673456514e-06	3.6439203995743896e-05	6.95886813806259e-05
Candidatus Taylorbacteria	0.0	9.53948152917889e-06	0.0	3.99760143913652e-06	0.0	0.0	0.0	0.0	2.89755127941377e-06	0.0	2.3991171248980397e-05	1.9220050356531898e-05	5.4033608904738706e-05	5.4914881933003796e-05	0.0	8.387854386847841e-05	2.00272370423776e-05	8.29864040608014e-05	0.00010922140739585	0.00010725202438196	0.00014023278642546	0.0	0.0	0.0	0.0	4.5877346913028e-06	2.31179867972998e-05	3.1131778512385306e-05
Candidatus Buchananbacteria	0.0	1.43092222937683e-05	0.0	3.99760143913652e-06	0.0	1.10963160230803e-05	0.0	0.0	5.79510255882754e-06	0.0	0.0	0.0	0.0	5.4914881933003796e-05	0.0	8.387854386847841e-05	0.00014019065929663998	6.91553367173345e-05	0.00017163364019347	3.57506747939867e-05	6.00997656109141e-05	0.00016563146997928998	9.698568491290691e-05	1.3482358334119802e-05	0.0	1.1469336728257e-06	3.47665847959393e-05	2.75370415599748e-05
Candidatus Portnoybacteria	0.0	0.0	0.0	0.0	0.0	0.0	0.0	0.00020648358455501998	8.6926538382413e-06	0.0	0.0	0.0	0.0	1.0982976386600802e-05	0.0	0.0	4.00544740847553e-05	1.38310673434669e-05	3.12061163988142e-05	5.36260121909801e-05	2.0033255203638e-05	0.0	3.87942739651627e-05	0.0	0.0	1.1469336728257e-06	2.2460886397376602e-05	0.00010750298244471999
Candidatus Adlerbacteria	0.0	0.0	0.0	0.0	0.0	0.0	0.0	0.0	0.0	0.0	0.0	0.0	0.00016210082671421	0.00015376166941241	0.0	8.387854386847841e-05	0.00022029960746615	0.00015214174077813	0.0002340458729911	8.937668698496679e-05	8.01330208145522e-05	8.2815734989648e-05	0.00011638282189548	0.0	0.0	0.0	4.77891199944182e-06	5.765144168960231e-06
Candidatus Sungbacteria	0.0	4.76974076458944e-06	0.0	3.99760143913652e-06	0.0	0.0	0.0	0.0	0.0	0.0	0.0	0.0	0.0	6.58978583196046e-05	0.0	0.00016775708773695	2.00272370423776e-05	5.53242693738676e-05	0.00010922140739585	5.36260121909801e-05	2.0033255203638e-05	0.0	1.93971369825814e-05	1.3482358334119802e-05	2.79634238416152e-05	1.1469336728257e-06	1.5053572798241699e-05	4.1441212790996505e-05
Candidatus Jorgensenbacteria	0.0	0.0	0.0	3.99760143913652e-06	1.5278138511603698e-05	0.0	0.0	0.0	0.0	0.0	0.0	1.9220050356531898e-05	0.00010806721780947	5.4914881933003796e-05	0.0	0.0	8.01089481695105e-05	5.53242693738676e-05	4.68091745982212e-05	5.36260121909801e-05	8.01330208145522e-05	8.2815734989648e-05	5.81914109477441e-05	0.0	0.0	1.1469336728257e-06	9.91624239884178e-06	5.16828218440906e-05
Candidatus Liptonbacteria	0.0	0.0	0.0	0.0	0.0	1.10963160230803e-05	2.27650420015025e-05	0.0	0.0	0.0	0.0	0.0	0.00010806721780947	2.19659527732015e-05	0.0	0.0	2.00272370423776e-05	1.38310673434669e-05	4.68091745982212e-05	3.57506747939867e-05	2.0033255203638e-05	0.0	1.93971369825814e-05	0.0	0.0	0.0	8.30335959903017e-06	3.8796028995826505e-05
Candidatus Tagabacteria	0.0	0.0	0.0	0.0	0.0	0.0	0.0	0.0	0.0	0.0	0.0	0.0	0.0	1.0982976386600802e-05	0.0	0.0	4.00544740847553e-05	1.38310673434669e-05	1.56030581994071e-05	0.0	4.00665104072761e-05	8.2815734989648e-05	0.0	0.0	0.0	0.0	1.13499159986743e-06	6.78252255171792e-08
Candidatus Ryanbacteria	0.0	0.0	0.0	0.0	0.0	5.548158011540171e-06	0.0	0.0	0.0	0.0	0.0	0.0	0.0	3.29489291598023e-05	0.0	0.0	6.00817111271329e-05	4.14932020304007e-05	6.24122327976283e-05	1.7875337396993398e-05	4.00665104072761e-05	8.2815734989648e-05	5.81914109477441e-05	0.0	0.0	0.0	1.8219601997872e-05	4.5782027224096e-05
Candidatus Wildermuthbacteria	0.0	0.0	0.0	3.99760143913652e-06	0.0	0.0	0.0	0.00020648358455501998	0.0	0.0	0.0	0.0	5.4033608904738706e-05	3.29489291598023e-05	0.0	0.0	0.0	1.38310673434669e-05	0.0	1.7875337396993398e-05	2.0033255203638e-05	8.2815734989648e-05	0.0	0.0	0.0	1.1469336728257e-06	1.07525519987441e-06	2.17040721654973e-06
Candidatus Komeilibacteria	0.0	1.43092222937683e-05	0.0	3.99760143913652e-06	0.0	5.548158011540171e-06	2.27650420015025e-05	0.0	2.89755127941377e-06	0.0	0.0	0.0	0.00010806721780947	5.4914881933003796e-05	0.0	0.00016775708773695	0.00010013618521188	5.53242693738676e-05	9.361834919644251e-05	3.57506747939867e-05	8.01330208145522e-05	0.0	7.75885479303255e-05	0.0	0.0	1.1469336728257e-06	6.332058399260421e-06	3.66256217792768e-06
Candidatus Kuenenbacteria	0.0	4.76974076458944e-06	0.0	0.0	0.0	1.10963160230803e-05	0.0	0.0	2.89755127941377e-06	0.0	0.0	0.0	0.00010806721780947	1.0982976386600802e-05	0.0	0.0	4.00544740847553e-05	2.76621346869338e-05	3.12061163988142e-05	5.36260121909801e-05	2.0033255203638e-05	8.2815734989648e-05	3.87942739651627e-05	0.0	0.0	0.0	6.15284919928135e-06	1.35650451034358e-06
Candidatus Lloydbacteria	0.0	9.53948152917889e-06	0.0	3.99760143913652e-06	0.0	5.548158011540171e-06	0.0	0.0	0.0	0.0	0.0	0.0	0.00010806721780947	7.688083470620541e-05	0.0	8.387854386847841e-05	8.01089481695105e-05	5.53242693738676e-05	3.12061163988142e-05	1.7875337396993398e-05	6.00997656109141e-05	0.0	1.93971369825814e-05	0.0	0.0	0.0	1.63080371980952e-05	6.57904687516638e-06
Candidatus Kerfeldbacteria	0.0	4.76974076458944e-06	0.0	3.99760143913652e-06	1.5278138511603698e-05	5.548158011540171e-06	0.0	0.0	0.0	0.0	2.3991171248980397e-05	0.0	5.4033608904738706e-05	0.0	0.0	0.0	4.00544740847553e-05	4.14932020304007e-05	1.56030581994071e-05	1.7875337396993398e-05	6.00997656109141e-05	0.0	3.87942739651627e-05	0.0	0.0	0.0	2.56269155970068e-05	3.73038740344486e-05
Candidatus Terrybacteria	6.620762711864411e-05	4.76974076458944e-06	0.0	0.0	0.0	5.548158011540171e-06	0.0	0.0	2.89755127941377e-06	0.0	0.0	0.0	0.0	1.0982976386600802e-05	0.0	8.387854386847841e-05	2.00272370423776e-05	2.76621346869338e-05	6.24122327976283e-05	1.7875337396993398e-05	0.0	0.00016563146997928998	0.0	0.0	0.0	0.0	2.8076107996720697e-06	4.06951353103075e-07
Candidatus Yonathbacteria	0.0	4.76974076458944e-06	0.0	0.0	0.0	0.0	0.0	0.0	2.89755127941377e-06	0.0	2.3991171248980397e-05	0.0	5.4033608904738706e-05	0.0	0.0	0.00016775708773695	6.00817111271329e-05	2.76621346869338e-05	4.68091745982212e-05	5.36260121909801e-05	0.0	0.0	1.93971369825814e-05	0.0	0.0	0.0	1.13499159986743e-06	1.35650451034358e-07
Candidatus Niyogibacteria	0.0	0.0	0.0	0.0	0.0	0.0	0.0	0.0	0.0	0.0	0.0	1.9220050356531898e-05	0.0	2.19659527732015e-05	0.0	0.0	0.0	4.14932020304007e-05	0.0	0.0	0.0	0.0	1.93971369825814e-05	0.0	0.0	0.0	2.38945599972091e-07	1.35650451034358e-07
Candidatus Campbellbacteria	0.0	4.76974076458944e-06	0.0	3.99760143913652e-06	0.0	1.10963160230803e-05	0.0	0.0	2.89755127941377e-06	0.0	0.0	0.0	0.0	0.0	0.0	0.0	2.00272370423776e-05	0.0	1.56030581994071e-05	1.7875337396993398e-05	2.0033255203638e-05	0.0	0.0	0.0	0.0	0.0	3.5841839995813706e-07	1.35650451034358e-07
Candidatus Colwellbacteria	0.0	0.0	0.0	0.0	0.0	0.0	2.27650420015025e-05	0.0	0.0	0.0	0.0	0.0	0.0	1.0982976386600802e-05	0.0	0.0	2.00272370423776e-05	2.76621346869338e-05	1.56030581994071e-05	1.7875337396993398e-05	0.0	0.0	0.0	0.0	0.0	0.0	5.37627599937205e-07	1.35650451034358e-07
Candidatus Vogelbacteria	0.0	4.76974076458944e-06	0.0	3.99760143913652e-06	1.5278138511603698e-05	0.0	0.0	0.0	0.0	0.0	0.0	0.0	0.0	2.19659527732015e-05	0.0	0.0	6.00817111271329e-05	2.76621346869338e-05	4.68091745982212e-05	0.0	4.00665104072761e-05	0.0	3.87942739651627e-05	0.0	0.0	0.0	6.9294223991906406e-06	3.45908650137614e-06
Candidatus Spechtbacteria	0.0	0.0	0.0	3.99760143913652e-06	0.0	5.548158011540171e-06	0.0	0.0	0.0	0.0	0.0	0.0	0.0	0.0	0.0	0.0	2.00272370423776e-05	0.0	1.56030581994071e-05	3.57506747939867e-05	0.0	0.0	0.0	0.0	0.0	0.0	1.67261919980464e-06	5.08689191378844e-06
Candidatus Brennerbacteria	0.0	4.76974076458944e-06	0.0	0.0	0.0	0.0	0.0	0.0	0.0	0.0	0.0	0.0	0.0	2.19659527732015e-05	0.0	0.0	0.0	0.0	0.0	0.0	0.0	0.0	0.0	0.0	0.0	0.0	5.97363999930228e-08	0.0
Candidatus Andersenbacteria	0.0	0.0	0.0	0.0	0.0	0.0	0.0	0.0	0.0	0.0	0.0	0.0	0.0	1.0982976386600802e-05	0.0	0.0	2.00272370423776e-05	0.0	0.0	0.0	2.0033255203638e-05	0.0	0.0	0.0	0.0	3.4408010184771005e-06	8.6617779989883e-06	4.8834162372369e-06
Candidatus Jacksonbacteria	0.0	0.0	0.0	0.0	0.0	0.0	0.0	0.0	0.0	0.0	0.0	0.0	0.0	0.0	0.0	0.0	0.0	0.0	0.0	0.0	0.0	0.0	0.0	0.0	0.0	0.0	2.38945599972091e-07	0.0
Candidatus Parcubacteria	0.0	0.0	0.0	3.99760143913652e-06	0.0	0.0	0.0	0.0	0.0	0.0	0.0	0.0	0.0	0.0	0.0	0.0	0.0	0.0	0.0	0.0	0.0	0.0	0.0	0.0	0.0	0.0	5.973639999302279e-07	0.0
Candidatus Veblenbacteria	0.0	0.0	0.0	0.0	0.0	0.0	0.0	0.0	0.0	0.0	0.0	0.0	0.0	0.0	0.0	0.0	0.0	0.0	0.0	0.0	0.0	0.0	0.0	0.0	0.0	0.0	0.0	0.0
Candidatus Woesebacteria	0.0	4.76974076458944e-06	0.0	3.99760143913652e-06	1.5278138511603698e-05	5.548158011540171e-06	0.0	0.0	1.1590205117655099e-05	0.0	0.0	0.0	5.4033608904738706e-05	7.688083470620541e-05	0.0	0.0	2.00272370423776e-05	0.0	0.00010922140739585	8.937668698496679e-05	4.00665104072761e-05	0.0	7.75885479303255e-05	0.0	0.0	4.5877346913028e-06	4.66541283945508e-05	1.41076469075733e-05
Candidatus Gottesmanbacteria	6.620762711864411e-05	4.76974076458944e-06	0.0	3.99760143913652e-06	1.5278138511603698e-05	5.548158011540171e-06	0.0	0.0	1.1590205117655099e-05	0.0	0.0	0.0	0.0	7.688083470620541e-05	0.0	0.00033551417547391	4.00544740847553e-05	5.53242693738676e-05	0.00014042752379466	0.00014300269917594	4.00665104072761e-05	0.0	3.87942739651627e-05	0.0	0.0	0.0	2.6045070396957898e-05	4.59176776751303e-05
Candidatus Roizmanbacteria	6.620762711864411e-05	3.81579261167156e-05	0.0	1.1992804317409599e-05	0.0	1.10963160230803e-05	0.0	0.00020648358455501998	2.3180410235310103e-05	7.49456643933148e-05	0.0	1.9220050356531898e-05	0.00016210082671421	0.00016474464579901	0.0	0.00016775708773695	0.00014019065929663998	6.91553367173345e-05	0.00012482446559525	0.00014300269917594	0.00010016627601819	8.2815734989648e-05	0.00011638282189548	0.0	0.0	0.0	3.35718567960788e-05	6.8503477772351e-05
Candidatus Levybacteria	0.0	4.76974076458944e-06	0.0	0.0	0.0	5.548158011540171e-06	0.0	0.0	8.6926538382413e-06	0.0	0.0	0.0	5.4033608904738706e-05	0.0001208127402526	0.0	8.387854386847841e-05	4.00544740847553e-05	0.00011064853874773001	0.00012482446559525	0.00014300269917594	4.00665104072761e-05	8.2815734989648e-05	3.87942739651627e-05	0.0	0.0	0.0	1.0035715198827802e-05	8.139027062061509e-07
Candidatus Daviesbacteria	0.0	0.0	0.0	0.0	0.0	0.0	0.0	0.0	8.6926538382413e-06	0.0	0.0	0.0	5.4033608904738706e-05	0.0001317957166392	0.0	8.387854386847841e-05	4.00544740847553e-05	5.53242693738676e-05	3.12061163988142e-05	5.36260121909801e-05	2.0033255203638e-05	0.00024844720496894	1.93971369825814e-05	0.0	0.0	2.2938673456514e-06	2.57463883969928e-05	2.3128401901358103e-05
Candidatus Curtissbacteria	0.0	0.0	0.0	0.0	0.0	0.0	0.0	0.0	2.89755127941377e-06	0.0	0.0	0.0	0.0	3.29489291598023e-05	0.0	0.0	4.00544740847553e-05	4.14932020304007e-05	0.0	0.0	4.00665104072761e-05	8.2815734989648e-05	1.93971369825814e-05	0.0	0.0	9.1754693826056e-06	6.39179479925344e-06	1.2072890142057902e-05
Candidatus Shapirobacteria	0.0	4.76974076458944e-06	6.517630189663039e-05	3.99760143913652e-06	0.0	1.10963160230803e-05	0.0	0.0	0.0	0.0	0.0	0.0	5.4033608904738706e-05	2.19659527732015e-05	0.0	0.0	2.00272370423776e-05	4.14932020304007e-05	3.12061163988142e-05	7.15013495879735e-05	6.00997656109141e-05	0.0	0.0	0.0	0.0	1.1469336728257e-06	2.6702170796881198e-05	9.29205589585355e-06
Candidatus Beckwithbacteria	0.0	0.0	0.0	3.99760143913652e-06	1.5278138511603698e-05	0.0	0.0	0.0	0.0	0.0	0.0	0.0	0.0	0.0	0.00077279752704791	0.0	0.0	4.14932020304007e-05	1.56030581994071e-05	5.36260121909801e-05	2.0033255203638e-05	8.2815734989648e-05	1.93971369825814e-05	0.0	0.0	2.2938673456514e-06	6.21258559927437e-06	4.20516398206511e-06
Candidatus Amesbacteria	0.0	0.0	0.0	0.0	0.0	0.0	0.0	0.0	0.0	0.0	0.0	0.0	0.0	2.19659527732015e-05	0.0	0.0	6.00817111271329e-05	0.0	0.0	3.57506747939867e-05	2.0033255203638e-05	0.0	1.93971369825814e-05	0.0	0.0	0.0	2.628401599693e-06	1.64815298006746e-05
Candidatus Chisholmbacteria	0.0	4.76974076458944e-06	0.0	3.99760143913652e-06	0.0	0.0	0.0	0.0	1.1590205117655099e-05	0.0	2.3991171248980397e-05	0.0	0.0	4.39319055464031e-05	0.0	0.0	0.0	0.0	0.0	0.0	0.0	0.0	0.0	0.0	0.0	0.0	2.15051039974882e-06	2.0347567655153802e-07
Candidatus Collierbacteria	0.0	0.0	0.0	0.0	0.0	0.0	0.0	0.0	5.79510255882754e-06	0.0	0.0	0.0	0.0	2.19659527732015e-05	0.0	0.0	4.00544740847553e-05	4.14932020304007e-05	1.56030581994071e-05	1.7875337396993398e-05	2.0033255203638e-05	0.00016563146997928998	0.0	0.0	0.0	1.1469336728257e-06	7.76573199909296e-07	1.35650451034358e-07
Candidatus Woykebacteria	0.0	4.76974076458944e-06	0.0	0.0	0.0	0.0	0.0	0.0	2.89755127941377e-06	0.0	0.0	0.0	0.0	4.39319055464031e-05	0.0	0.0	0.0	0.0	1.56030581994071e-05	5.36260121909801e-05	0.0	0.0	1.93971369825814e-05	0.0	0.0	0.0	8.6617779989883e-06	6.6468721006835605e-06
Candidatus Pacebacteria	0.0	9.53948152917889e-06	0.0	0.0	0.0	1.66444740346205e-05	0.0	0.0	8.6926538382413e-06	0.0	2.3991171248980397e-05	1.9220050356531898e-05	5.4033608904738706e-05	3.29489291598023e-05	0.0	0.0	6.00817111271329e-05	1.38310673434669e-05	6.24122327976283e-05	3.57506747939867e-05	2.0033255203638e-05	0.0	7.75885479303255e-05	0.0	0.0	0.0	1.2544643998534801e-05	2.44170811861845e-05
Candidatus Blackburnbacteria	6.620762711864411e-05	0.0	0.0	0.0	0.0	5.548158011540171e-06	0.0	0.0	5.79510255882754e-06	0.0	0.0	0.0	0.0	1.0982976386600802e-05	0.0	0.0	0.0	0.0	0.0	1.7875337396993398e-05	0.0	0.0	1.93971369825814e-05	0.0	0.0	0.0	3.1660291996302103e-06	6.5112216496492004e-06
Candidatus Microgenomates	0.0	0.0	0.0	0.0	0.0	0.0	0.0	0.0	0.0	0.0	0.0	0.0	0.0	2.19659527732015e-05	0.0	0.0	2.00272370423776e-05	0.0	0.0	0.0	0.0	0.0	0.0	0.0	0.0	0.0	4.1815479995116e-07	0.0
Candidatus Gracilibacteria	0.0	0.0	0.0	0.0	1.5278138511603698e-05	0.0	0.0	0.0	0.0	0.0	0.0	0.0	5.4033608904738706e-05	0.0	0.0	0.0	2.00272370423776e-05	0.0	1.56030581994071e-05	0.0	2.0033255203638e-05	0.0	0.0	0.0	0.0	0.0	2.8076107996720697e-06	1.42432973586076e-06
candidate division NC10	0.0	2.38487038229472e-05	6.517630189663039e-05	2.7983210073955603e-05	1.5278138511603698e-05	1.66444740346205e-05	0.0	0.0	2.6077961514723897e-05	7.49456643933148e-05	0.0	0.0	0.00027016804452369	0.00032948929159802	0.0	8.387854386847841e-05	0.00016021789633902	0.00026279027952587	0.00046809174598220994	0.00048263410971882004	0.00018029929683273998	0.00024844720496894	7.75885479303255e-05	8.08941500047188e-05	2.79634238416152e-05	1.83509387652112e-05	2.38348235972161e-05	8.74945409171612e-05
Candidatus Rokubacteria	0.00013241525423728	0.00010493429682096	0.00019552890568989	9.9940035978413e-05	0.00012222510809283	7.767421216156241e-05	0.0	0.0	6.08485768676891e-05	0.00014989132878663	0.0001199558562449	7.68802014261277e-05	0.00378235262333171	0.00377814387699066	0.0038639876352395703	0.00176144942123805	0.00118160698550028	0.0024757610544805697	0.00377594008425651	0.00316393471926783	0.00136226135384739	0.00124223602484472	0.00137719672576328	0.00021571773334591002	0.0001957439668913	6.881602036954201e-06	0.00012968772438485	5.0801093912367205e-05
Candidatus Handelsmanbacteria	0.0	1.43092222937683e-05	0.0	1.59904057565461e-05	0.0	2.77407900577008e-05	2.27650420015025e-05	0.0	2.89755127941377e-06	0.0	0.0	0.0	0.00032420165342843	0.00024162548050521	0.0	0.0	6.00817111271329e-05	0.00015214174077813	0.00028085504758932	0.00028600539835189	0.00010016627601819	0.00033126293995859	0.00017457423284323	0.0	0.0	0.0	1.17083343986325e-05	9.495531572405091e-07
Candidatus Schekmanbacteria	0.0	0.0	0.0	3.99760143913652e-06	0.0	5.548158011540171e-06	0.0	0.0	0.0	0.0	0.0	1.9220050356531898e-05	0.00010806721780947	1.0982976386600802e-05	0.0	0.0	4.00544740847553e-05	0.0	4.68091745982212e-05	5.36260121909801e-05	0.0	0.0	1.93971369825814e-05	0.0	0.0	4.5877346913028e-06	2.41932419971742e-05	1.31580937503328e-05
Candidatus Aminicenantes	6.620762711864411e-05	2.38487038229472e-05	6.517630189663039e-05	1.9988007195682603e-05	3.05562770232075e-05	3.8837106080781205e-05	0.0	0.00020648358455501998	1.73853076764826e-05	0.0	2.3991171248980397e-05	0.0	0.00059436969795212	0.00047226798462382996	0.0	8.387854386847841e-05	0.00020027237042376998	0.00020746601015200002	0.00060851926977687	0.00037538208533686003	0.00024039906244365	8.2815734989648e-05	0.00021336850680838998	4.04470750023594e-05	0.0	1.1469336728257e-06	5.280697759383211e-05	0.00011910109600816001
Candidatus Glassbacteria	0.0	9.53948152917889e-06	0.0	3.99760143913652e-06	1.5278138511603698e-05	0.0	0.0	0.0	8.6926538382413e-06	0.0	2.3991171248980397e-05	0.0	0.00010806721780947	5.4914881933003796e-05	0.0	0.0	2.00272370423776e-05	2.76621346869338e-05	6.24122327976283e-05	0.00010725202438196	6.00997656109141e-05	8.2815734989648e-05	1.93971369825814e-05	0.0	0.0	1.1469336728257e-06	8.42283239901621e-06	1.9669315399982e-06
candidate division WWE3	0.0	0.0	0.0	7.99520287827304e-06	0.0	5.548158011540171e-06	0.0	0.0	1.1590205117655099e-05	0.0	0.0	0.0	0.0	0.00010982976386599999	0.0	0.0	8.01089481695105e-05	5.53242693738676e-05	6.24122327976283e-05	5.36260121909801e-05	2.0033255203638e-05	8.2815734989648e-05	0.0	0.0	0.0	1.1469336728257e-06	2.28193047973347e-05	1.3022443299298401e-05
Candidatus Peregrinibacteria	6.620762711864411e-05	1.90789630583578e-05	6.517630189663039e-05	3.99760143913652e-06	3.05562770232075e-05	2.21926320461607e-05	0.0	0.0	1.1590205117655099e-05	7.49456643933148e-05	0.0	0.0	0.00021613443561895	0.00027457440966501	0.00077279752704791	8.387854386847841e-05	0.00022029960746615	0.00027662134686933	0.00021844281479169	0.00039325742273385	0.00020033255203638	0.00016563146997928998	0.00023276564379097	2.6964716668239603e-05	2.79634238416152e-05	1.1469336728257e-06	9.265115638917829e-05	0.00019289494137085
Candidatus Doudnabacteria	0.0	0.0	0.0	0.0	0.0	1.10963160230803e-05	0.0	0.0	2.89755127941377e-06	7.49456643933148e-05	0.0	1.9220050356531898e-05	0.00016210082671421	8.78638110928062e-05	0.0	0.0	4.00544740847553e-05	4.14932020304007e-05	3.12061163988142e-05	3.57506747939867e-05	4.00665104072761e-05	8.2815734989648e-05	3.87942739651627e-05	0.0	0.0	0.0	1.15888615986464e-05	5.2157598422710794e-05
Candidatus Berkelbacteria	0.0	9.53948152917889e-06	0.0	0.0	0.0	0.0	0.0	0.0	8.6926538382413e-06	0.0	0.0	0.0	0.00010806721780947	8.78638110928062e-05	0.0	0.00016775708773695	4.00544740847553e-05	4.14932020304007e-05	9.361834919644251e-05	0.00010725202438196	4.00665104072761e-05	8.2815734989648e-05	1.93971369825814e-05	0.0	0.0	0.0	1.8936438797788198e-05	0.00011876196988058
Candidatus Gribaldobacteria	0.0	0.0	0.0	0.0	0.0	0.0	0.0	0.0	2.89755127941377e-06	0.0	0.0	0.0	5.4033608904738706e-05	1.0982976386600802e-05	0.0	0.0	0.0	0.0	3.12061163988142e-05	0.0	0.0	0.0	1.93971369825814e-05	0.0	0.0	0.0	0.0	0.0
Candidatus Saccharibacteria	0.0	1.90789630583578e-05	0.0	0.0	0.0	5.548158011540171e-06	0.0	0.0	5.79510255882754e-06	0.0	0.0	0.0	5.4033608904738706e-05	5.4914881933003796e-05	0.0	8.387854386847841e-05	6.00817111271329e-05	8.29864040608014e-05	9.361834919644251e-05	7.15013495879735e-05	4.00665104072761e-05	8.2815734989648e-05	1.93971369825814e-05	0.0	0.0	1.1469336728257e-06	3.05253003964346e-05	8.885104542750481e-06
Candidatus Eisenbacteria	0.0	2.38487038229472e-05	0.0	1.9988007195682603e-05	1.5278138511603698e-05	0.0	2.27650420015025e-05	0.0	5.79510255882754e-06	7.49456643933148e-05	2.3991171248980397e-05	3.84401007130639e-05	0.0007564705246663401	0.00081274025260845	0.0	0.00016775708773695	0.00010013618521188	0.0004564252223344	0.0008425651427679799	0.00057201079670378	0.00020033255203638	0.00041407867494824	0.00023276564379097	1.3482358334119802e-05	0.0	0.0	5.85416719931623e-06	1.2886792848264099e-06
Candidatus Desantisbacteria	0.0	9.53948152917889e-06	0.0	0.0	0.0	1.10963160230803e-05	4.5530084003005e-05	0.0	1.1590205117655099e-05	0.0	2.3991171248980397e-05	0.0	5.4033608904738706e-05	8.78638110928062e-05	0.0	8.387854386847841e-05	4.00544740847553e-05	2.76621346869338e-05	1.56030581994071e-05	0.0	6.00997656109141e-05	0.0	0.0	0.0	0.0	9.1754693826056e-06	1.4157526798346399e-05	1.11233369848174e-05
Candidatus Edwardsbacteria	0.00013241525423728	4.76974076458944e-06	0.0	0.0	0.0	5.548158011540171e-06	0.0	0.0	5.79510255882754e-06	0.0	2.3991171248980397e-05	0.0	5.4033608904738706e-05	2.19659527732015e-05	0.0	0.00016775708773695	0.0	2.76621346869338e-05	3.12061163988142e-05	1.7875337396993398e-05	6.00997656109141e-05	0.0	3.87942739651627e-05	1.3482358334119802e-05	0.0	2.2938673456514e-06	8.06441399905808e-06	2.71300902068717e-07
Candidatus Lindowbacteria	0.0	9.53948152917889e-06	0.0	0.0	0.0	5.548158011540171e-06	0.0	0.0	5.79510255882754e-06	0.0	0.0	1.9220050356531898e-05	0.00016210082671421	0.0001317957166392	0.0	0.0	2.00272370423776e-05	6.91553367173345e-05	0.00010922140739585	3.57506747939867e-05	2.0033255203638e-05	0.0	1.93971369825814e-05	0.0	0.0	2.52325408021654e-05	3.88286599954648e-06	1.08520360827487e-06
Candidatus Ratteibacteria	0.0	0.0	0.0	0.0	0.0	0.0	0.0	0.0	0.0	0.0	0.0	0.0	0.0	0.0	0.0	0.0	0.0	1.38310673434669e-05	0.0	0.0	0.0	0.0	0.0	0.0	0.0	2.2938673456514e-06	5.79443079932321e-06	3.39126127585896e-06
Candidatus Dadabacteria	0.0	9.53948152917889e-06	0.0	3.99760143913652e-06	0.0	0.0	0.0	0.0	0.0	0.0	0.0	0.0	0.00032420165342843	0.00038440417353102004	0.00077279752704791	0.0	2.00272370423776e-05	0.00011064853874773001	0.00051490092058043	0.0005362601219098	6.00997656109141e-05	8.2815734989648e-05	1.93971369825814e-05	0.0	0.0	0.0	1.61288279981162e-06	2.84865947172153e-06
Candidatus Firestonebacteria	0.0	0.0	0.0	0.0	0.0	0.0	0.0	0.0	0.0	0.0	0.0	0.0	0.0	1.0982976386600802e-05	0.0	0.0	2.00272370423776e-05	5.53242693738676e-05	0.0	1.7875337396993398e-05	0.0	8.2815734989648e-05	0.0	0.0	0.0	0.0	7.3475771991418e-06	7.664250483441251e-06
Candidatus Raymondbacteria	0.0	4.76974076458944e-06	0.0	0.0	0.0	5.548158011540171e-06	0.0	0.0	2.89755127941377e-06	0.0	0.0	0.0	0.0	1.0982976386600802e-05	0.0	0.0	0.0	4.14932020304007e-05	6.24122327976283e-05	3.57506747939867e-05	2.0033255203638e-05	8.2815734989648e-05	0.0	0.0	0.0	0.0	7.76573199909296e-06	4.5849852449613205e-05
Candidatus Riflebacteria	0.0	4.76974076458944e-06	0.0	0.0	0.0	0.0	0.0	0.0	0.0	0.0	0.0	0.0	5.4033608904738706e-05	2.19659527732015e-05	0.0	0.0	0.0	1.38310673434669e-05	1.56030581994071e-05	0.0	2.0033255203638e-05	8.2815734989648e-05	3.87942739651627e-05	0.0	0.0	4.5877346913028e-06	3.52444759958834e-06	6.104270296546129e-07
Candidatus Wallbacteria	0.0	0.0	0.0	0.0	0.0	0.0	0.0	0.0	0.0	0.0	0.0	0.0	0.0	5.4914881933003796e-05	0.0	0.0	2.00272370423776e-05	1.38310673434669e-05	0.0	1.7875337396993398e-05	2.0033255203638e-05	0.0	1.93971369825814e-05	0.0	0.0	0.0	7.287840799148779e-06	3.23526325716945e-05
candidate division CPR1	0.0	0.0	0.0	0.0	0.0	0.0	0.0	0.0	2.89755127941377e-06	0.0	0.0	0.0	0.0	0.0	0.0	0.0	0.0	0.0	0.0	1.7875337396993398e-05	0.0	8.2815734989648e-05	0.0	0.0	0.0	0.0	2.68813799968603e-06	0.0
Candidatus Coatesbacteria	0.0	0.0	0.0	3.99760143913652e-06	1.5278138511603698e-05	5.548158011540171e-06	0.0	0.0	2.89755127941377e-06	0.0	0.0	0.0	0.0	1.0982976386600802e-05	0.0	8.387854386847841e-05	0.0	6.91553367173345e-05	3.12061163988142e-05	1.7875337396993398e-05	2.0033255203638e-05	0.0	3.87942739651627e-05	0.0	0.0	0.0	9.67729679886969e-06	5.08689191378844e-05
Candidatus Bipolaricaulota	0.0	1.43092222937683e-05	0.0	0.0	0.0	0.0	0.0	0.0	2.3180410235310103e-05	0.0	0.0	0.0	5.4033608904738706e-05	2.19659527732015e-05	0.0	0.0	0.0	4.14932020304007e-05	0.0	1.7875337396993398e-05	4.00665104072761e-05	0.0	1.93971369825814e-05	0.0	0.0	0.0	2.03103759976278e-06	5.01906668827126e-06
Candidatus Blackallbacteria	6.620762711864411e-05	4.76974076458944e-06	6.517630189663039e-05	7.99520287827304e-06	0.0	1.66444740346205e-05	0.0	0.0	1.1590205117655099e-05	0.00014989132878663	4.7982342497960706e-05	1.9220050356531898e-05	0.0	4.39319055464031e-05	0.0	0.0	2.00272370423776e-05	1.38310673434669e-05	4.68091745982212e-05	1.7875337396993398e-05	2.0033255203638e-05	0.0	0.0	0.0	0.0	0.0	8.60204159899528e-06	2.71300902068717e-06
candidate division CPR2	0.0	0.0	0.0	0.0	0.0	0.0	0.0	0.0	0.0	0.0	0.0	0.0	0.0	1.0982976386600802e-05	0.0	0.0	0.0	1.38310673434669e-05	1.56030581994071e-05	3.57506747939867e-05	0.0	8.2815734989648e-05	0.0	0.0	0.0	0.0	8.721514398981329e-06	2.7808342462043497e-06
Candidatus Fraserbacteria	0.0	0.0	0.0	0.0	0.0	0.0	0.0	0.0	0.0	0.0	0.0	0.0	0.0	3.29489291598023e-05	0.0	0.0	0.0	2.76621346869338e-05	4.68091745982212e-05	1.7875337396993398e-05	4.00665104072761e-05	0.0	3.87942739651627e-05	1.3482358334119802e-05	0.0	0.0	8.18388679904412e-06	3.39126127585896e-05
Candidatus Fischerbacteria	0.0	0.0	0.0	3.99760143913652e-06	0.0	0.0	0.0	0.0	0.0	0.0	0.0	0.0	5.4033608904738706e-05	0.0	0.0	0.0	0.0	0.0	0.0	1.7875337396993398e-05	0.0	0.0	0.0	0.0	0.0	1.1469336728257e-06	1.7323555997976601e-06	3.3234360503417803e-06
Candidatus Sumerlaeota	0.0	9.53948152917889e-06	0.0	0.0	0.0	1.66444740346205e-05	0.0	0.0	0.0	0.0	0.0	0.0	0.00016210082671421	3.29489291598023e-05	0.0	0.0	0.0	1.38310673434669e-05	3.12061163988142e-05	1.7875337396993398e-05	4.00665104072761e-05	0.0	0.0	0.0	0.0	0.0	5.97363999930228e-06	0.0
candidate division WOR-3	0.0	0.0	0.0	0.0	0.0	0.0	0.0	0.0	0.0	0.0	0.0	0.0	0.0	1.0982976386600802e-05	0.0	0.0	0.0	0.0	0.0	1.7875337396993398e-05	0.0	0.0	0.0	0.0	0.0	0.0	9.378614798904581e-06	9.97030815102534e-06
Candidatus Wirthbacteria	0.0	0.0	0.0	0.0	0.0	0.0	0.0	0.0	2.89755127941377e-06	0.0	0.0	1.9220050356531898e-05	0.0	1.0982976386600802e-05	0.0	8.387854386847841e-05	0.0	1.38310673434669e-05	0.0	3.57506747939867e-05	2.0033255203638e-05	8.2815734989648e-05	1.93971369825814e-05	0.0	0.0	0.0	2.98681999965114e-06	6.6468721006835605e-06
Candidatus Abawacabacteria	0.0	0.0	0.0	0.0	0.0	5.548158011540171e-06	0.0	0.0	0.0	0.0	0.0	0.0	0.0	1.0982976386600802e-05	0.0	8.387854386847841e-05	0.0	1.38310673434669e-05	6.24122327976283e-05	0.0	0.0	0.0	3.87942739651627e-05	0.0	0.0	1.1469336728257e-06	1.01551879988139e-06	2.0347567655153802e-07
Candidatus Absconditabacteria	0.0	2.86184445875367e-05	6.517630189663039e-05	1.9988007195682603e-05	1.5278138511603698e-05	0.0	2.27650420015025e-05	0.0	1.73853076764826e-05	0.0	0.0	1.9220050356531898e-05	0.0	2.19659527732015e-05	0.0	8.387854386847841e-05	0.0	0.0	0.0	0.0	2.0033255203638e-05	0.0	0.0	0.0	0.0	0.0	1.67261919980464e-05	6.78252255171792e-08
candidate division CPR3	0.0	4.76974076458944e-06	0.0	0.0	0.0	0.0	0.0	0.0	0.0	0.0	0.0	0.0	0.0	0.0	0.0	0.0	0.0	0.0	1.56030581994071e-05	0.0	0.0	0.0	1.93971369825814e-05	1.3482358334119802e-05	0.0	0.0	1.19472799986046e-07	6.78252255171792e-08
Candidatus Delongbacteria	0.0	0.0	0.0	0.0	0.0	0.0	0.0	0.0	0.0	0.0	0.0	0.0	0.0	0.0	0.0	0.0	2.00272370423776e-05	0.0	0.0	0.0	0.0	0.0	0.0	0.0	0.0	0.0	1.19472799986046e-07	0.0
Candidatus Calescamantes	0.0	0.0	0.0	0.0	0.0	0.0	0.0	0.0	0.0	0.0	0.0	0.0	0.0	1.0982976386600802e-05	0.0	0.0	0.0	0.0	0.0	0.0	0.0	0.0	0.0	0.0	0.0	0.0	5.97363999930228e-08	0.0
Planctomycetota	0.00145656779661017	0.0009348691898595301	0.0012383497360359801	0.00085948430941435	0.0007791850640917901	0.0008544163337771799	0.00079677647005258	0.00082593433822011	0.00059399801227982	0.00097429363711309	0.00057578810997552	0.0005381614099828901	0.0138326038796131	0.0144645799011532	0.00850077279752705	0.00947827545713806	0.008111031002162941	0.0132363314476978	0.0153222031518178	0.0147292780151225	0.0103571929402809	0.00869565217391304	0.0096791713543081	0.00052581197503067	0.00041945135762422	0.00014336670910321	0.0016535632882068599	0.00111633538678725
Candidatus Omnitrophica	6.620762711864411e-05	5.24671484104839e-05	0.00013035260379326002	5.19688187087747e-05	7.63906925580187e-05	6.6577896138482e-05	6.82951260045075e-05	0.00020648358455501998	6.66436794265167e-05	0.0	0.0	1.9220050356531898e-05	0.00091857135138055	0.00076880834706205	0.0	0.00058714980707934	0.00050068092605944	0.00067772229982987	0.0009361834919644199	0.00076863950807071	0.00052086463529458	8.2815734989648e-05	0.0005625169724948599	5.3929433336479206e-05	0.0	9.1754693826056e-06	0.00021063054637538998	0.00045035949743407
Verrucomicrobiota	0.00019862288135593	0.00025756600128782996	0.00032588150948315	0.00026783929642214	0.00018333766213924	0.00020528184642698	0.00011382521000751001	0.00041296716911005	0.00015936532036775	0.00037472832196657	0.00016793819874286002	0.00021142055392185	0.00351218457880802	0.0042174629324547	0.0015455950540958301	0.00301962757926522	0.0036049026676279704	0.00325030082571472	0.00443126852863161	0.00396832490213253	0.00234389085882565	0.00215320910973085	0.0029289676843697898	0.00025616480834827	0.0001957439668913	3.0967209166293894e-05	0.0009502866510889999	0.00022504409826599997
Lentisphaerota	0.00013241525423728	9.06250745271994e-05	0.00019552890568989	4.39736158305017e-05	1.5278138511603698e-05	4.43852640923214e-05	2.27650420015025e-05	0.00041296716911005	6.95412307059304e-05	0.0	4.7982342497960706e-05	0.0	0.0007024369157616	0.00049423393739703	0.0	0.00041939271934239	0.00024032684450853	0.00031811454889972996	0.00040567951318458	0.00057201079670378	0.00038063184886912	0.00049689440993788	0.00038794273965162	8.08941500047188e-05	2.79634238416152e-05	4.5877346913028e-06	5.8123517193211204e-05	3.66256217792768e-05
Chlamydiota	6.620762711864411e-05	9.53948152917889e-06	0.0	3.19808115130921e-05	1.5278138511603698e-05	1.10963160230803e-05	2.27650420015025e-05	0.00020648358455501998	2.3180410235310103e-05	0.0	2.3991171248980397e-05	3.84401007130639e-05	0.00021613443561895	0.0001208127402526	0.0	0.0	0.00028038131859327997	0.0001659728081216	0.00028085504758932	0.00012512736177895	0.00024039906244365	0.00016563146997928998	9.698568491290691e-05	0.0	0.0	6.881602036954201e-06	5.86611447931484e-05	1.1869414465506401e-05
Kiritimatiellota	6.620762711864411e-05	4.2927666881305e-05	0.0	1.1992804317409599e-05	3.05562770232075e-05	1.10963160230803e-05	0.0	0.0	2.3180410235310103e-05	0.0	2.3991171248980397e-05	5.76601510695958e-05	0.00043226887123791	8.78638110928062e-05	0.0	0.00016775708773695	6.00817111271329e-05	6.91553367173345e-05	0.00018723669839288	0.00012512736177895	6.00997656109141e-05	0.0	0.00013577995887807	0.0	0.0	3.4408010184771005e-06	7.46704999912785e-06	6.104270296546129e-07
Thermodesulfobacteriota	0.00125794491525424	0.0007202308554530001	0.00032588150948315	0.00048370977413550995	0.00039723160130169	0.00054926764314247	0.00020488537801351998	0.00061945075366508	0.00051866167901506	0.00037472832196657	0.00021592054124082	0.00026908070499144	0.0063759658507591705	0.0058099945085118105	0.00077279752704791	0.00461331991276631	0.00394536569734839	0.004273799809131271	0.006225620221563429	0.00555922993046494	0.0034256866398221	0.00397515527950311	0.0039376188074640205	0.0009437650833883801	0.00061519532451553	0.00020300726009014	0.00134000692464349	0.0022024207229938398
Nitrospirota	0.00013241525423728	0.00011447377835014	0.00013035260379326002	7.19568259044573e-05	7.63906925580187e-05	8.87705281846427e-05	6.82951260045075e-05	0.0	8.6926538382413e-05	0.0	7.197351374694109e-05	1.9220050356531898e-05	0.00734857081104447	0.00745744096650192	0.0023183925811437398	0.00402617010568697	0.00338460306016182	0.00438444834787901	0.009002964581057891	0.00747189103194323	0.0014624276298655801	0.00165631469979296	0.00120262249292005	0.00043143546669182996	0.00039148793378261003	5.849361731411071e-05	0.00063219032112616	0.00049024073003817
Campylobacterota	0.00026483050847457004	5.723688917507329e-05	6.517630189663039e-05	4.39736158305017e-05	7.63906925580187e-05	5.5481580115401706e-05	9.106016800601e-05	0.0	6.37461281471029e-05	0.0	4.7982342497960706e-05	0.0	0.00048630248014264004	0.0005930807248764401	0.0015455950540958301	0.00100654252642174	0.00082111671873748	0.00084369510795148	0.00065532844437509	0.00064351214629176	0.0007211971873309599	0.0007453416149068299	0.00085347402723358	6.7411791670599e-05	2.79634238416152e-05	0.00016171764786842	0.0006446154923247	0.00039108025033205
Bacteroidota	0.00655455508474576	0.0044263194295390005	0.00482304634035065	0.00329402358584849	0.00314729653339037	0.00415002219263205	0.00211714890613973	0.00289077018377039	0.00245132838238405	0.00292288091133928	0.00263902883738784	0.00282534740241019	0.0422542821635057	0.0489621087314662	0.0950540958268934	0.0800201308505284	0.0801089481695105	0.0594459274422207	0.0469964112966141	0.0498185653254205	0.0796722559448685	0.0731262939958592	0.0619738526593475	0.00148305941675318	0.00134224434439753	0.00023168060191078999	0.00927407609891679	0.00276455619208022
Ignavibacteriota	0.00019862288135593	0.00026233574205241	0.00045623411327641	6.79592244653208e-05	3.05562770232075e-05	0.00011651131824233999	2.27650420015025e-05	0.0	0.00016516042292658	0.0	7.197351374694109e-05	1.9220050356531898e-05	0.00059436969795212	0.00086765513454146	0.00077279752704791	0.0007549068948163	0.00046062645197467996	0.00066389123248641	0.00121703853955375	0.0011797722682015599	0.0008413967185527901	0.0007453416149068299	0.0004073398766342	2.6964716668239603e-05	2.79634238416152e-05	0.0	0.00010830209318735	0.00011218292300541001
Chlorobiota	0.0	3.81579261167156e-05	0.0	3.997601439136521e-05	3.05562770232075e-05	4.99334221038615e-05	0.0	0.0	4.05657179117927e-05	0.0	7.197351374694109e-05	1.9220050356531898e-05	0.00037823526233317004	0.00042833607907742996	0.0	8.387854386847841e-05	0.00042057197788992996	0.00048408735702134	0.00049929786238102	0.00042900809752784	0.00038063184886912	0.00016563146997928998	0.00027155991775613	5.3929433336479206e-05	0.00011185369536646001	1.1469336728257e-06	8.6617779989883e-05	7.684598051096401e-05
Balneolota	0.0	1.43092222937683e-05	0.0	1.1992804317409599e-05	0.0	1.10963160230803e-05	0.0	0.0	5.79510255882754e-06	7.49456643933148e-05	0.0	0.0	5.4033608904738706e-05	5.4914881933003796e-05	0.0	0.0	2.00272370423776e-05	8.29864040608014e-05	9.361834919644251e-05	8.937668698496679e-05	0.00010016627601819	0.0	9.698568491290691e-05	0.0	0.0	0.0	5.4957487993580995e-06	1.50572000648138e-05
Gemmatimonadota	0.00026483050847457004	0.0002241778159357	0.00032588150948315	0.00017589446332200002	0.00016805952362764	0.00023302263648467998	6.82951260045075e-05	0.00020648358455501998	0.00017385307676482	0.00022483699317994	0.00016793819874286002	0.00017298045320878	0.0050791592370454395	0.00443712246018671	0.0046367851622874795	0.0036067773863445703	0.00366498437875511	0.00428763087647474	0.00479013886721797	0.00432583165007239	0.00392651801991306	0.0041407867494824	0.0054118012181402	5.3929433336479206e-05	0.0	1.26162704010827e-05	7.13849979916622e-05	7.43364471668284e-05
candidate division Zixibacteria	0.0	9.53948152917889e-06	0.0	1.9988007195682603e-05	0.0	5.548158011540171e-06	0.0	0.0	5.79510255882754e-06	0.0	0.0	0.0	0.0	5.4914881933003796e-05	0.0	0.0	0.00012016342225426001	5.53242693738676e-05	0.00020283975659229	1.7875337396993398e-05	2.0033255203638e-05	0.00016563146997928998	7.75885479303255e-05	0.0	0.0	2.2938673456514e-06	3.53639487958695e-05	7.43364471668284e-05
Candidatus Marinimicrobia	0.0	2.38487038229472e-05	0.0	3.99760143913652e-06	0.0	1.10963160230803e-05	0.0	0.0	5.79510255882754e-06	0.0	0.0	1.9220050356531898e-05	5.4033608904738706e-05	4.39319055464031e-05	0.0	0.0	8.01089481695105e-05	9.68174714042683e-05	9.361834919644251e-05	0.00010725202438196	8.01330208145522e-05	8.2815734989648e-05	3.87942739651627e-05	0.0	0.0	4.5877346913028e-06	1.42769995983324e-05	2.57057604710109e-05
Candidatus Hydrogenedentes	0.0	0.0	0.0	0.0	0.0	0.0	0.0	0.0	0.0	0.0	0.0	0.0	0.0	1.0982976386600802e-05	0.0	0.0	0.0	1.38310673434669e-05	3.12061163988142e-05	0.0	0.0	0.0	0.0	0.0	0.0	0.0	1.7920919997906803e-07	8.139027062061509e-07
Fibrobacterota	0.0	0.0	0.0	3.99760143913652e-06	0.0	0.0	0.0	0.0	0.0	7.49456643933148e-05	0.0	0.0	0.0	2.19659527732015e-05	0.0	0.0	0.0	4.14932020304007e-05	9.361834919644251e-05	1.7875337396993398e-05	0.0	0.0	3.87942739651627e-05	0.0	0.0	0.0	7.94494119907203e-06	6.9859982282694594e-06
Candidatus Cloacimonetes	0.0	0.0	0.0	7.99520287827304e-06	0.0	0.0	0.0	0.0	0.0	0.0	0.0	0.0	0.0	0.0	0.0	0.0	2.00272370423776e-05	1.38310673434669e-05	0.0	0.0	0.0	0.0	0.0	0.0	0.0	0.0	2.9868199996511397e-07	2.71300902068717e-07
Elusimicrobiota	6.620762711864411e-05	0.00014786196370227	0.0	0.00011193284029582	6.1112554046415e-05	0.00010541500221925999	2.27650420015025e-05	0.00020648358455501998	7.533633326475799e-05	0.0	4.7982342497960706e-05	3.84401007130639e-05	0.0016750418760469	0.00170236133992312	0.00077279752704791	0.00083878543868478	0.00076103500761035	0.00127245819559895	0.0017319394601341901	0.0015909050283324099	0.00108179578099645	0.0011594202898550698	0.00110563680800714	0.00022920009168002998	0.00025167081457452996	2.52325408021654e-05	0.00021797812357454	0.00040322096569963
Acidobacteriota	0.0009269067796610099	0.00052467148410483	0.00078211562275956	0.00047971217269637996	0.0004125097398133	0.00050488237905015	0.00022765042001502003	0.00061945075366508	0.00034480860225023	0.00022483699317994	0.00016793819874286002	0.00023064060427838	0.0172907548495164	0.0145414607358594	0.00618238021638331	0.00964603254487502	0.00927261075062084	0.0120330285888162	0.0165548447495709	0.0149616574012834	0.00807340184706613	0.009026915113871641	0.009019668696900341	0.00036402367502123	0.00033556108609937997	0.00013189737237495	0.00043141628074961003	0.00050631530848574
Myxococcota	0.00132415254237288	0.00068207292933629	0.0010428208303460901	0.00070757545472716	0.0006569599559989599	0.0006657789613848201	0.00027318050401803	0.00061945075366508	0.0004925837175003401	0.0005246196507532	0.00043184108248164	0.00049972130926983	0.0115091586967094	0.0116858868753432	0.00540958268933539	0.005955376614661971	0.00646879756468798	0.0081050054632716	0.0133562178186925	0.0117619720072216	0.00504838031131679	0.00496894409937888	0.00527602125926213	0.00126734168340726	0.0012303906490310698	0.00011928110197387	0.00065327727032369	0.00042411113515892005
Nitrospinota	0.0	0.0	0.0	1.1992804317409599e-05	0.0	5.548158011540171e-06	0.0	0.0	5.79510255882754e-06	0.0	0.0	0.0	5.4033608904738706e-05	0.00014277869302581	0.0	0.00025163563160542996	2.00272370423776e-05	0.00015214174077813	0.00015603058199407	0.00010725202438196	0.0001602660416291	0.0	9.698568491290691e-05	0.0	0.0	1.26162704010827e-05	3.715604079566021e-05	8.83084436233673e-05
Candidatus Tectomicrobia	6.620762711864411e-05	9.53948152917889e-06	0.0	0.0	0.0	5.548158011540171e-06	0.0	0.0	1.4487756397068802e-05	0.0	0.0	1.9220050356531898e-05	0.00016210082671421	0.00019769357495881	0.0	0.0	0.00010013618521188	0.00011064853874773001	0.00018723669839288	0.00017875337396993	2.0033255203638e-05	8.2815734989648e-05	7.75885479303255e-05	2.6964716668239603e-05	0.0	0.0	1.3142007998465e-05	3.39126127585896e-07
Spirochaetota	0.00033103813559322	0.0001764804082898	0.00013035260379326002	0.00010793523885668	7.63906925580187e-05	0.0001109631602308	0.0	0.00041296716911005	0.00011300449989713	0.0	9.59646849959215e-05	9.610025178265971e-05	0.00054033608904738	0.00101043382756727	0.0	0.0007549068948163	0.00082111671873748	0.00069155336717334	0.0008581682009673901	0.0008043901828647	0.0007211971873309599	0.0005797101449275299	0.00079528261628583	0.00022920009168002998	8.389027152484549e-05	5.3905882622807896e-05	0.0009434169650898	0.0009760049951922
Bdellovibrionota	0.0	6.20066299396628e-05	0.0	2.7983210073955603e-05	0.00010694696958122	7.767421216156241e-05	4.5530084003005e-05	0.0	4.9258371750034004e-05	0.0	4.7982342497960706e-05	9.610025178265971e-05	0.00027016804452369	0.00042833607907742996	0.0	0.00041939271934239	0.00048065368901706	0.00027662134686933	0.00042128257138398996	0.00035750674793986	0.00044073161448003	0.00024844720496894	0.00052372269852969	0.0	2.79634238416152e-05	4.5877346913028e-06	0.00012998640638481	0.00019364101885154
Synergistota	0.0	4.2927666881305e-05	0.0	2.39856086348191e-05	0.0	2.21926320461607e-05	0.0	0.0	3.7668166632378996e-05	0.0	0.0	1.9220050356531898e-05	0.00016210082671421	0.00026359143327841004	0.0	8.387854386847841e-05	0.00010013618521188	0.0001244796060912	0.00034326728038695	0.00021450404876392	8.01330208145522e-05	8.2815734989648e-05	0.00017457423284323	1.3482358334119802e-05	0.0	5.7346683641285e-06	7.55068095911808e-05	0.0002854763742018
Caldisericota	0.0	0.0	0.0	0.0	0.0	0.0	0.0	0.0	0.0	0.0	0.0	0.0	5.4033608904738706e-05	0.0	0.0	0.0	0.0	0.0	0.0	0.0	0.0	0.0	0.0	0.0	0.0	0.0	2.32971959972789e-06	6.30774597309767e-06
Fusobacteriota	0.00013241525423728	7.15461114688417e-05	0.0	7.99520287827304e-06	4.5834415534811206e-05	5.548158011540171e-06	2.27650420015025e-05	0.00020648358455501998	3.18730640735514e-05	0.0	4.7982342497960706e-05	0.0	0.00021613443561895	0.00010982976386599999	0.0	0.00025163563160542996	0.00012016342225426001	6.91553367173345e-05	9.361834919644251e-05	0.00014300269917594	0.00012019953122182	0.00033126293995859	5.81914109477441e-05	0.0	0.0	2.2938673456514e-06	0.00020172982277643001	3.0860477610316496e-05
Thermotogota	6.620762711864411e-05	2.38487038229472e-05	0.0	0.0	3.05562770232075e-05	1.10963160230803e-05	0.0	0.0	1.4487756397068802e-05	0.0	0.0	0.0	0.00016210082671421	6.58978583196046e-05	0.0	0.00025163563160542996	8.01089481695105e-05	8.29864040608014e-05	7.80152909970354e-05	0.00010725202438196	4.00665104072761e-05	8.2815734989648e-05	0.00011638282189548	0.0	0.0	0.0	0.00011355889638673	3.6354320877208096e-05
Atribacterota	0.0	9.53948152917889e-06	0.0	3.99760143913652e-06	1.5278138511603698e-05	0.0	0.0	0.0	8.6926538382413e-06	0.0	0.0	0.0	0.0	5.4914881933003796e-05	0.0	8.387854386847841e-05	2.00272370423776e-05	0.0	3.12061163988142e-05	0.0	0.0	0.0	0.0	0.0	0.0	0.0	4.7132019594495e-05	3.9474281250998296e-05
Chrysiogenota	6.620762711864411e-05	4.76974076458944e-06	0.0	0.0	1.5278138511603698e-05	0.0	0.0	0.0	8.6926538382413e-06	0.0	2.3991171248980397e-05	0.0	0.0	1.0982976386600802e-05	0.00077279752704791	0.0	4.00544740847553e-05	1.38310673434669e-05	6.24122327976283e-05	1.7875337396993398e-05	4.00665104072761e-05	0.0	1.93971369825814e-05	0.0	0.0	1.1469336728257e-06	1.88169659978022e-05	7.82703102468248e-05
Aquificota	0.0	1.43092222937683e-05	0.0	0.0	0.0	5.548158011540171e-06	0.0	0.0	5.79510255882754e-06	0.0	0.0	0.0	5.4033608904738706e-05	7.688083470620541e-05	0.0	8.387854386847841e-05	0.00010013618521188	8.29864040608014e-05	0.00010922140739585	8.937668698496679e-05	2.0033255203638e-05	0.00016563146997928998	7.75885479303255e-05	0.0	0.0	0.0	2.29985139973138e-05	3.81856019661719e-05
Calditrichota	0.0	4.76974076458944e-06	0.0	0.0	0.0	0.0	0.0	0.0	5.79510255882754e-06	0.0	0.0	0.0	0.0	3.29489291598023e-05	0.00077279752704791	0.0	6.00817111271329e-05	5.53242693738676e-05	4.68091745982212e-05	7.15013495879735e-05	0.00010016627601819	0.0	3.87942739651627e-05	0.0	0.0	6.881602036954201e-06	1.8458547597844e-05	1.91267135958445e-05
Deferribacterota	0.0	4.76974076458944e-06	0.0	3.99760143913652e-06	0.0	5.548158011540171e-06	0.0	0.0	0.0	0.0	0.0	1.9220050356531898e-05	0.0	6.58978583196046e-05	0.0	0.0	0.0	5.53242693738676e-05	6.24122327976283e-05	5.36260121909801e-05	0.0	8.2815734989648e-05	0.00011638282189548	0.0	0.0	1.1469336728257e-06	3.22576559962323e-05	6.531569217304361e-05
Dictyoglomota	0.0	0.0	0.0	0.0	0.0	0.0	0.0	0.0	0.0	0.0	0.0	0.0	5.4033608904738706e-05	1.0982976386600802e-05	0.0	0.0	2.00272370423776e-05	1.38310673434669e-05	0.0	0.0	2.0033255203638e-05	0.0	0.0	0.0	0.0	0.0	2.74787439967905e-06	6.17209552206331e-06
Coprothermobacterota	0.0	0.0	0.0	0.0	0.0	0.0	0.0	0.0	0.0	0.0	0.0	0.0	0.0	0.0	0.0	0.0	0.0	0.0	1.56030581994071e-05	0.0	0.0	0.0	0.0	0.0	0.0	0.0	5.97363999930228e-08	0.0
Nitrososphaerota	6.620762711864411e-05	3.81579261167156e-05	0.0	1.1992804317409599e-05	0.0	5.548158011540171e-06	0.0	0.0	5.79510255882754e-06	0.0	2.3991171248980397e-05	1.9220050356531898e-05	0.00345815096990328	0.0026798462383305897	0.00077279752704791	0.00025163563160542996	0.00016021789633902	0.00138310673434669	0.00404119207364643	0.0035571921420016798	0.00028046557285093	0.00049689440993788	0.00032975132870387996	0.0	0.0	2.8673341820642498e-05	6.42166299924995e-05	8.37641535137163e-05
Candidatus Bathyarchaeota	0.0	0.0	0.0	0.0	0.0	0.0	0.0	0.0	2.89755127941377e-06	0.0	0.0	0.0	0.0	0.0	0.0	0.0	0.0	1.38310673434669e-05	0.0	0.0	2.0033255203638e-05	0.0	0.0	0.0	0.0	0.0	5.25680319938601e-06	2.4959682990322e-05
Thermoproteota	0.0	0.0	0.0	0.0	0.0	0.0	0.0	0.0	0.0	0.0	0.0	0.0	0.0	8.78638110928062e-05	0.0	0.0	0.00010013618521188	2.76621346869338e-05	7.80152909970354e-05	3.57506747939867e-05	6.00997656109141e-05	8.2815734989648e-05	7.75885479303255e-05	1.3482358334119802e-05	2.79634238416152e-05	1.1469336728257e-06	2.5208760797055603e-05	1.28189676227469e-05
Candidatus Korarchaeota	0.0	0.0	0.0	0.0	0.0	0.0	0.0	0.0	0.0	0.0	0.0	0.0	0.0	1.0982976386600802e-05	0.0	0.0	0.0	0.0	0.0	0.0	0.0	0.0	0.0	0.0	0.0	0.0	0.0	0.0
Euryarchaeota	0.0009931144067796599	0.00084424411533233	0.00078211562275956	0.00039976014391365	0.00035139718576688	0.0004937860630270701	0.00027318050401803	0.00185835226099525	0.00073308047369168	0.00022483699317994	0.00026390288373877996	0.00030752080570451	0.00470092397471227	0.0042394288852279	0.00540958268933539	0.00394229156181849	0.00384522951213651	0.003969516327575	0.00450928381962865	0.0040934522639114795	0.00304505479095298	0.0023188405797101397	0.00306474764324786	0.0008493885750495401	0.0007270490198819901	4.1289612221725204e-05	0.0005393599555369999	0.00044764648841338
Candidatus Woesearchaeota	0.0	0.0	0.0	0.0	0.0	0.0	2.27650420015025e-05	0.0	0.0	0.0	0.0	0.0	0.0	5.4914881933003796e-05	0.0	0.0	0.0	8.29864040608014e-05	3.12061163988142e-05	3.57506747939867e-05	0.0	0.00016563146997928998	1.93971369825814e-05	0.0	0.0	0.0	1.07525519987441e-06	8.817279317233299e-07
Nanoarchaeota	0.0	0.0	0.0	0.0	0.0	0.0	0.0	0.0	0.0	0.0	0.0	0.0	0.0	0.0	0.0	0.0	0.0	0.0	0.0	0.0	2.0033255203638e-05	0.0	0.0	0.0	0.0	0.0	1.19472799986046e-07	0.0
Candidatus Micrarchaeota	0.0	0.0	0.0	0.0	0.0	0.0	0.0	0.0	0.0	0.0	0.0	0.0	0.00010806721780947	3.29489291598023e-05	0.0	8.387854386847841e-05	4.00544740847553e-05	0.0	1.56030581994071e-05	1.7875337396993398e-05	0.0	0.0	3.87942739651627e-05	2.6964716668239603e-05	0.0	0.0	1.01551879988139e-06	2.0347567655153802e-07
Candidatus Diapherotrites	0.0	0.0	0.0	0.0	0.0	0.0	0.0	0.0	0.0	0.0	0.0	0.0	0.0	0.0	0.0	0.0	0.0	0.0	0.0	1.7875337396993398e-05	2.0033255203638e-05	0.0	0.0	0.0	0.0	0.0	4.24128439950462e-06	5.42601804137434e-07
Candidatus Altiarchaeota	0.0	0.0	0.0	0.0	0.0	0.0	0.0	0.0	0.0	0.0	0.0	0.0	0.0	1.0982976386600802e-05	0.0	0.0	0.0	2.76621346869338e-05	0.0	0.0	0.0	0.0	0.0	0.0	0.0	0.0	1.7920919997906803e-07	0.0
Candidatus Aenigmarchaeota	0.0	0.0	0.0	0.0	0.0	0.0	0.0	0.0	0.0	0.0	0.0	0.0	0.0	0.0	0.0	0.0	0.0	0.0	0.0	0.0	0.0	0.0	0.0	0.0	0.0	0.0	5.97363999930228e-08	0.0
Candidatus Huberarchaea	0.0	0.0	0.0	0.0	0.0	0.0	0.0	0.0	0.0	0.0	0.0	0.0	0.0	0.0	0.0	0.0	0.0	0.0	0.0	0.0	0.0	0.0	0.0	0.0	0.0	0.0	0.0	0.0
Candidatus Nanohaloarchaeota	0.0	0.0	0.0	0.0	0.0	0.0	0.0	0.0	0.0	0.0	0.0	0.0	0.0	1.0982976386600802e-05	0.0	0.0	0.0	1.38310673434669e-05	0.0	0.0	0.0	0.0	0.0	0.0	0.0	0.0	4.77891199944182e-07	0.0
Candidatus Thermoplasmatota	0.0	0.0	0.0	0.0	0.0	0.0	0.0	0.0	2.89755127941377e-06	0.0	0.0	0.0	5.4033608904738706e-05	2.19659527732015e-05	0.0	0.0	2.00272370423776e-05	1.38310673434669e-05	0.0	1.7875337396993398e-05	0.0	8.2815734989648e-05	1.93971369825814e-05	6.7411791670599e-05	0.00011185369536646001	0.0	1.7323555997976601e-06	0.0
Candidatus Heimdallarchaeota	0.0	0.0	0.0	0.0	0.0	0.0	0.0	0.0	0.0	0.0	0.0	0.0	0.0	0.0	0.0	0.0	0.0	1.38310673434669e-05	0.0	1.7875337396993398e-05	2.0033255203638e-05	0.0	0.0	0.0	0.0	0.0	2.5089287997069597e-06	6.78252255171792e-08
Candidatus Lokiarchaeota	0.0	0.0	0.0	0.0	0.0	0.0	0.0	0.0	0.0	0.0	0.0	0.0	0.0	0.0	0.0	0.0	0.0	0.0	1.56030581994071e-05	0.0	0.0	0.0	0.0	0.0	0.0	0.0	3.10629279963718e-06	0.0
Candidatus Odinarchaeota	0.0	0.0	0.0	0.0	0.0	0.0	0.0	0.0	0.0	0.0	0.0	0.0	0.0	0.0	0.0	0.0	0.0	0.0	0.0	0.0	0.0	0.0	0.0	0.0	0.0	0.0	5.97363999930228e-08	0.0
Candidatus Thorarchaeota	0.0	0.0	0.0	0.0	0.0	0.0	0.0	0.0	0.0	0.0	0.0	0.0	0.0	0.0	0.0	0.0	0.0	0.0	0.0	0.0	0.0	0.0	0.0	0.0	0.0	0.0	3.5841839995813706e-07	1.22085405930923e-06
