#OTU ID	mgm4562562	mgm4562563	mgm4562564	mgm4562565	mgm4562566	mgm4562567	mgm4563006	mgm4563007	mgm4563008	mgm4563009	mgm4563010	mgm4563011	mgm4563012	mgm4563013	mgm4563014	mgm4563015	mgm4563016	mgm4563017	mgm4563018	mgm4563019	mgm4563020	mgm4563021	mgm4563022	mgm4563023	mgm4563024	mgm4563025	mgm4563027	mgm4563030	mgm4563032	mgm4563033	mgm4563034	mgm4563035	mgm4563036	mgm4563037	mgm4563038	mgm4563039	mgm4563040	mgm4563041	mgm4563042	mgm4563043	mgm4563044	mgm4563045
Pseudomonadota	0.132388188900644	0.131727421946574	0.143421998562185	0.131446001745083	0.132681891887015	0.131528314039279	0.0845508237488343	0.0865533230293663	0.0908662900188324	0.0796752856283824	0.0851826326671261	0.0780062583817613	0.254569190600522	0.0791884816753927	0.122854561878952	0.107988165680473	0.113532110091743	0.118530884808013	0.101571946795647	0.0825688073394495	0.104793233082707	0.111854684512428	0.577360021639167	0.576832478869336	0.578931706591281	0.57371550541241	0.416877210712481	0.173372348207754	0.199173932996788	0.17914964442427	0.181592425888561	0.176563558365319	0.176093574747637	0.125818181818182	0.180363864491844	0.174690956408588	0.24950884086444	0.248084691461206	0.239864147739333	0.23505376344086	0.181871174584669	0.245426829268293
Actinomycetota	0.181245689003696	0.180932454739817	0.163191948238677	0.180372938483195	0.180311619477764	0.179194113978619	0.129623873173764	0.123647604327666	0.115819209039548	0.129585087191822	0.129014472777395	0.126285203397407	0.106396866840731	0.110602094240838	0.161698283649503	0.161612426035503	0.104357798165138	0.161380077907624	0.100362756952842	0.0892966360856269	0.163063909774436	0.158699808795411	0.0440898025426021	0.0410142718581128	0.0479095372712394	0.0463485287391371	0.0333501768569985	0.0273104120946111	0.174850849013309	0.0285973672265093	0.0277820890889337	0.0284488597877625	0.0268386476526198	0.02	0.313676286072773	0.0178919973975277	0.0231546449621106	0.024237358963644	0.0301422203353853	0.030752688172043	0.324103759836782	0.0285823170731707
Chloroflexota	0.0033075475068357	0.0033733659966761	0.0028756290438533	0.0032666458941491	0.0032994207404313	0.003315828394805	0.0031084861672365	0.0030911901081916	0.0018832391713747	0.0021046301864101	0.003170227429359	0.0020116227089852	0.0013054830287206	0.0032722513089005	0.001806684733514	0.0048076923076923	0.0011467889908256	0.003338898163606	0.0024183796856106	0.000611620795107	0.0037593984962406	0.005736137667304	0.0008114687584528	0.0015241790217541	0.0008927242969796	0.0016770849214819	0.0005053057099545	0.0004876859302609	0.0	0.0003026176426085	0.0006208288064566	0.0004515692029803	0.0001602307322544	0.0003636363636363	0.0003136762860727	0.0003253090435914	0.0004209935447656	0.0006964758322886	0.0003184037359371	0.0005376344086021	0.0002914602156805	0.0003810975609756
Bacillota	0.566332595941137	0.566904236635931	0.577282530553559	0.567674133764483	0.566707011180457	0.567482389986403	0.670189617656201	0.673493044822257	0.683145009416196	0.679494888755262	0.671399035148174	0.680151989271346	0.538511749347259	0.50261780104712	0.614272809394761	0.619082840236686	0.361238532110092	0.621591541457986	0.351269649334946	0.325382262996942	0.635338345864662	0.635755258126195	0.323911279415742	0.318691977275876	0.314536527302485	0.318493672815978	0.236483072258717	0.747866374055108	0.580541532813217	0.748676047813588	0.748409126183455	0.752088507563784	0.754606633552315	0.52	0.473337515683814	0.491867273910215	0.685377490878473	0.684775038306171	0.687433665888346	0.692043010752688	0.464004663363451	0.68578506097561
Cyanobacteriota	0.0038318745792055	0.0038251394173709	0.0035945363048166	0.003801274973089	0.0037905153012691	0.0038096244219451	0.0037301834006838	0.0023183925811437	0.0018832391713747	0.0036079374624173	0.0023432115782219	0.0020116227089852	0.0013054830287206	0.0013089005235602	0.006323396567299	0.0048076923076923	0.003440366972477	0.0027824151363383	0.0036275695284159	0.0048929663608562	0.0046992481203007	0.002868068833652	0.0013524479307546	0.0023555493972564	0.0023805981252789	0.0021344717182497	0.0015159171298635	0.0014630577907827	0.0	0.0018157058556513	0.0009312432096849	0.0022578460149017	0.0008011536612722	0.001090909090909	0.001254705144291	0.0006506180871828	0.0011226494527083	0.0012536564981195	0.0015920186796858	0.0012903225806451	0.0005829204313611	0.0020960365853658
Candidatus.Melainabacteria	0.0002368815180203	0.0002235531699512	0.0003594536304816	0.0002096396925475	0.0002465140019953	0.0002518393816814	0.0	0.0003863987635239	0.0004708097928436	0.0	0.0001378359751895	0.0004470272686633	0.0	0.0	0.0	0.0	0.0	0.0	0.0	0.0	0.0	0.0	0.0001352447930754	0.0001385617292503	0.0002975747656598	0.0003049245311785	0.0	0.0	0.0	0.0004539264639128	0.0001552072016141	0.0	8.01153661272232e-05	0.0	0.0	0.0	0.0	0.0	0.0	0.0	0.0002914602156805	0.0003810975609756
Candidatus.Margulisbacteria	4.94648181480922e-05	5.83385099037788e-05	0.0	5.45637555945798e-05	4.6080395144222e-05	4.87321130993965e-05	0.0003108486167236	0.0	0.0	0.0	0.0	0.0	0.0	0.0	0.0	0.0	0.0	0.0	0.0	0.0	0.0	0.0	0.0	0.0001385617292503	0.0	0.0	0.0	0.0	0.0	0.0	0.0	0.0002257846014901	0.0	0.0	0.0	0.0	0.0001403311815885	0.0001392951664577	0.0	0.0	0.0	0.0
Deinococcota	0.0024853323073963	0.0024114806453826	0.0007189072609633	0.0024003266167264	0.0024474167910515	0.0024372872229852	0.0015542430836182	0.0015455950540958	0.0	0.0009019843656043	0.0015161957270847	0.0013410818059901	0.0006527415143603	0.0019633507853403	0.003613369467028	0.0033284023668639	0.0011467889908256	0.001669449081803	0.0012091898428053	0.0024464831804281	0.0037593984962406	0.0019120458891013	0.0008114687584528	0.001108493834003	0.0007439369141496	0.0004573867967678	0.0005053057099545	0.0002438429651304	0.0004589261128958	0.0006052352852171	0.0001552072016141	0.0002257846014901	0.0003204614645088	0.0	0.0009410288582183	0.0006506180871828	0.0	0.0	0.0001061345786457	0.0003225806451612	0.0	0.0
Armatimonadota	0.000336360763407	0.0003425637301549	0.0007189072609633	0.0003230748686521	0.0003370635896563	0.0003380577356265	0.0	0.0	0.0009416195856873	0.0006013229104028	0.0001378359751895	0.0002235136343316	0.0006527415143603	0.0006544502617801	0.0	0.0007396449704142	0.0	0.0011129660545353	0.0	0.0	0.00046992481203	0.001434034416826	0.0001352447930754	0.0	0.0	0.0	0.0005053057099545	0.0	0.0004589261128958	0.0	0.0001552072016141	0.0	0.0	0.0003636363636363	0.0	0.0	0.0001403311815885	0.0001392951664577	0.0	0.0	0.0	0.0
Mycoplasmatota	0.0014702043171794	0.0015639387735005	0.0028756290438533	0.0014818367308843	0.0015006741271793	0.0015509080189884	0.0015542430836182	0.0027047913446677	0.0037664783427495	0.0027059530968129	0.0022053756030323	0.0020116227089852	0.0032637075718015	0.0006544502617801	0.003613369467028	0.0055473372781065	0.0	0.0022259321090706	0.0	0.0	0.0046992481203007	0.004302103250478	0.0010819583446037	0.0012470555632534	0.0019342359767891	0.0018295471870712	0.001010611419909	0.0024384296513045	0.0004589261128958	0.0016643970343471	0.0012416576129132	0.001354707608941	0.0022432302515622	0.0007272727272727	0.001254705144291	0.001626545217957	0.0019646365422396	0.0022287226633235	0.0011674803651029	0.002258064516129	0.0005829204313611	0.0026676829268292
Thermomicrobiota	7.14491817694665e-05	5.92719260622393e-05	0.0	6.94012680808252e-05	7.83044476926289e-05	7.56540497067554e-05	0.0	0.0	0.0	0.0003006614552014	0.0	0.0	0.0	0.0	0.0	0.0	0.0	0.0	0.0	0.0	0.0	0.0	0.0	0.0	0.0001487873828299	0.0	0.0	0.0	0.0	0.0001513088213042	0.0	0.0	0.0	0.0	0.0	0.0	0.0	0.0	0.0	0.0	0.0	0.0
Candidatus.Kaiserbacteria	0.0001577378089833	0.0001572806227005	0.0	0.0001402384244667	0.0001421080717384	0.0001455147712828	0.0	0.0	0.0	0.0	0.0001378359751895	0.0002235136343316	0.0	0.0	0.0	0.0003698224852071	0.0	0.0005564830272676	0.0	0.0	0.0	0.0	0.0	0.0001385617292503	0.0001487873828299	0.0	0.0	0.0	0.0	0.0	0.0001552072016141	0.0	0.0001602307322544	0.0	0.0	0.0	0.0	0.0	0.0001061345786457	0.0001075268817204	0.0	0.0001905487804878
Candidatus.Nomurabacteria	0.00014399758172	0.0001367454672144	0.0	0.0001493323837325	0.0001495196038246	0.0001301794909368	0.0	0.0	0.0	0.0006013229104028	0.0	0.0	0.0	0.0	0.000903342366757	0.0007396449704142	0.0	0.0	0.0	0.0	0.0	0.0	0.0001352447930754	0.0001385617292503	0.0	0.0	0.0	0.0	0.0009178522257916	0.0003026176426085	0.0	0.0	0.0	0.0	0.0	0.0	0.0	0.0	0.0	0.0001075268817204	0.0	0.0
Candidatus.Yanofskybacteria	0.0001011280726583	9.05413673706647e-05	0.0	8.90250749174723e-05	8.57159797787625e-05	8.45144339066456e-05	0.0	0.0	0.0004708097928436	0.0	0.0	0.0	0.0	0.0	0.0	0.0	0.0	0.0	0.0	0.000611620795107	0.0	0.0	0.0002704895861509	0.0001385617292503	0.0001487873828299	0.0001524622655892	0.0	0.0	0.0	0.0	0.0	0.0	0.0	0.0	0.0	0.0	0.0	0.0001392951664577	0.0	0.0	0.0	0.0
Candidatus.Azambacteria	3.68238090658019e-05	3.78033544176487e-05	0.0	2.68032483622497e-05	3.67354199051839e-05	3.5100752791873e-05	0.0	0.0	0.0	0.0	0.0	0.0	0.0	0.0	0.0	0.0	0.0	0.0	0.0	0.0	0.0	0.0	0.0	0.0	0.0	0.0001524622655892	0.0	0.0	0.0	0.0	0.0	0.0	0.0	0.0003636363636363	0.0	0.0	0.0	0.0	0.0	0.0	0.0	0.0
Candidatus.Falkowbacteria	0.0001527913271685	0.0001535469580667	0.0003594536304816	0.0001545973075179	0.0001501640848755	0.0001717551398747	0.0003108486167236	0.0	0.0009416195856873	0.0	0.0001378359751895	0.0002235136343316	0.0006527415143603	0.0	0.000903342366757	0.0	0.0	0.0	0.0	0.000611620795107	0.0	0.0	0.0001352447930754	0.0001385617292503	0.0001487873828299	0.0003049245311785	0.0	0.0	0.0	0.0	0.0	0.0	8.01153661272232e-05	0.0	0.0	0.0003253090435914	0.0	0.0	0.0001061345786457	0.0001075268817204	0.0	0.0
Candidatus.Magasanikbacteria	0.0001824702180574	0.0001908836044051	0.0003594536304816	0.0001885799974058	0.0002001113663256	0.0002061743246512	0.0006216972334473	0.0007727975270479	0.0004708097928436	0.0003006614552014	0.000275671950379	0.0	0.0	0.0	0.0	0.0	0.0	0.0005564830272676	0.0006045949214026	0.000611620795107	0.00046992481203	0.0009560229445506	0.0004057343792264	0.0001385617292503	0.0002975747656598	0.0003049245311785	0.0	0.0	0.0	0.0	0.0	0.0002257846014901	0.0001602307322544	0.0	0.0	0.0	0.0	0.0	0.0	0.0	0.0	0.0001905487804878
Candidatus.Nealsonbacteria	6.70523090451916e-05	7.88736653899089e-05	0.0	6.55722326005038e-05	6.18701808929414e-05	6.20226893992319e-05	0.0	0.0	0.0	0.0	0.0001378359751895	0.0	0.0	0.0	0.0	0.0	0.0	0.0	0.0	0.0	0.0	0.0	0.0	0.0	0.0002975747656598	0.0003049245311785	0.0	0.0	0.0	0.0001513088213042	0.0	0.0	8.01153661272232e-05	0.0	0.0	0.0003253090435914	0.0	0.0	0.0002122691572914	0.0	0.0	0.0
Candidatus.Uhrbacteria	0.0002033553634977	0.0002067516790989	0.0003594536304816	0.0002172977635082	0.0001936665558159	0.0002034480525897	0.0003108486167236	0.0	0.0	0.0003006614552014	0.000275671950379	0.0004470272686633	0.0	0.0	0.0	0.0	0.0	0.0	0.0	0.0	0.00046992481203	0.0	0.0001352447930754	0.0	0.0002975747656598	0.0001524622655892	0.0	0.0	0.0	0.0	0.0	0.0	0.0	0.0	0.0	0.0	0.0001403311815885	0.0001392951664577	0.0	0.0	0.0	0.0
Candidatus.Giovannonibacteria	4.17702908806112e-05	5.2738012953016e-05	0.0	5.45637555945798e-05	4.6080395144222e-05	4.7028193060956e-05	0.0	0.0	0.0	0.0	0.0001378359751895	0.0	0.0	0.0	0.0	0.0003698224852071	0.0	0.0	0.0	0.0	0.00046992481203	0.0	0.0	0.0	0.0	0.0	0.0	0.0002438429651304	0.0	0.0	0.0	0.0	0.0	0.0	0.0	0.0	0.0	0.0	0.0	0.0001075268817204	0.0	0.0
Candidatus.Moranbacteria	0.0001676307726129	0.0001544803742252	0.0003594536304816	0.0001464606071222	0.0001533864901304	0.0001598276996057	0.0003108486167236	0.0	0.0	0.0006013229104028	0.0	0.0004470272686633	0.0	0.0	0.000903342366757	0.0003698224852071	0.0	0.0	0.0	0.0	0.00046992481203	0.0	0.0	0.0002771234585007	0.0	0.0001524622655892	0.0	0.0	0.0	0.0	0.0001552072016141	0.0	8.01153661272232e-05	0.0	0.0	0.0	0.0001403311815885	0.0	0.0	0.0	0.0	0.0001905487804878
Candidatus.Zambryskibacteria	6.04569999587793e-05	5.78718018245486e-05	0.0	5.93500499449815e-05	6.38036240458458e-05	6.54305294761127e-05	0.0	0.0	0.0	0.0	0.0	0.0	0.0	0.0	0.000903342366757	0.0	0.0	0.0	0.0006045949214026	0.000611620795107	0.0	0.0	0.0	0.0001385617292503	0.0	0.0	0.0	0.0	0.0	0.0	0.0	0.0	0.0	0.0	0.0	0.0	0.0	0.0	0.0	0.0	0.0	0.0
Candidatus.Staskawiczbacteria	4.01214636090081e-05	4.10703109722603e-05	0.0	4.16407608484951e-05	3.77021414816362e-05	4.19164329456347e-05	0.0	0.0	0.0	0.0	0.0	0.0002235136343316	0.0	0.0	0.0	0.0	0.0	0.0005564830272676	0.0	0.0	0.0	0.0	0.0	0.0	0.0	0.0001524622655892	0.0	0.0	0.0	0.0	0.0	0.0	0.0	0.0	0.0	0.0	0.0	0.0	0.0	0.0001075268817204	0.0	0.0
Candidatus.Wolfebacteria	4.83655999670235e-05	4.6670807923023e-05	0.0	4.4033908023696e-05	4.54359140932538e-05	4.94136811147726e-05	0.0003108486167236	0.0	0.0	0.0	0.0001378359751895	0.0	0.0	0.0	0.0	0.0	0.0	0.0	0.0	0.0	0.0	0.0	0.0	0.0	0.0	0.0	0.0	0.0	0.0	0.0	0.0	0.0	0.0	0.0	0.0	0.0	0.0	0.0	0.0	0.0	0.0	0.0
Candidatus.Harrisonbacteria	3.73734181563363e-05	3.59365221007277e-05	0.0	3.3025431017772e-05	3.31907741248592e-05	3.06705606919278e-05	0.0003108486167236	0.0	0.0	0.0	0.0	0.0	0.0006527415143603	0.0	0.0	0.0	0.0	0.0	0.0006045949214026	0.0	0.0	0.0	0.0	0.0	0.0	0.0	0.0	0.0	0.0	0.0001513088213042	0.0	0.0	8.01153661272232e-05	0.0	0.0	0.0	0.0	0.0	0.0	0.0	0.0	0.0
Candidatus.Taylorbacteria	5.55105181439701e-05	5.32047210322463e-05	0.0	4.88202023740977e-05	5.51031298577759e-05	5.21399531762773e-05	0.0	0.0	0.0	0.0	0.0	0.0002235136343316	0.0	0.0	0.0	0.0	0.0	0.0	0.0	0.0	0.0	0.0	0.0	0.0	0.0001487873828299	0.0	0.0	0.0002438429651304	0.0	0.0	0.0	0.0	0.0	0.0	0.0	0.0	0.0	0.0	0.0	0.0	0.0	0.0
Candidatus.Buchananbacteria	9.94792453867187e-05	9.19414916083554e-05	0.0	8.99823337875527e-05	9.89278413236094e-05	9.64418741757287e-05	0.0	0.0	0.0	0.0	0.0	0.0	0.0	0.0	0.0	0.0	0.0	0.0005564830272676	0.0	0.0	0.0	0.0	0.0	0.0001385617292503	0.0001487873828299	0.0	0.0	0.0	0.0004589261128958	0.0	0.0	0.0	0.0	0.0	0.0	0.0	0.0	0.0001392951664577	0.0	0.0	0.0	0.0
Candidatus.Portnoybacteria	5.05640363291609e-05	5.4604845269937e-05	0.0	5.26492378544191e-05	5.44586488068078e-05	6.20226893992319e-05	0.0003108486167236	0.0003863987635239	0.0009416195856873	0.0	0.0	0.0	0.0	0.0	0.0	0.0003698224852071	0.0	0.0005564830272676	0.0	0.0	0.0	0.0	0.0	0.0	0.0	0.0	0.0005053057099545	0.0	0.0	0.0	0.0	0.0	0.0	0.0	0.0	0.0	0.0	0.0	0.0	0.0	0.0	0.0
Candidatus.Adlerbacteria	2.25339727119087e-05	2.28686958822813e-05	0.0	1.62734007913659e-05	2.48125204622734e-05	2.55588005766065e-05	0.0	0.0	0.0	0.0	0.0	0.0	0.0	0.0	0.0	0.0	0.0	0.0	0.0	0.0	0.0	0.0	0.0	0.0	0.0001487873828299	0.0	0.0	0.0	0.0	0.0	0.0	0.0	0.0	0.0	0.0	0.0	0.0	0.0	0.0	0.0	0.0	0.0
Candidatus.Sungbacteria	4.67167726954204e-05	5.36714291114765e-05	0.0	3.92476136732942e-05	4.57581546187379e-05	4.32795689763871e-05	0.0	0.0	0.0	0.0	0.0	0.0002235136343316	0.0	0.0	0.0	0.0	0.0	0.0	0.0	0.0	0.0	0.0	0.0	0.0	0.0	0.0	0.0	0.0	0.0	0.0	0.0	0.0	0.0	0.0	0.0	0.0	0.0	0.0	0.0	0.0	0.0	0.0
Candidatus.Jorgensenbacteria	3.18773272509927e-05	3.40696897838068e-05	0.0003594536304816	4.16407608484951e-05	3.86688630580884e-05	3.85085928687539e-05	0.0	0.0	0.0	0.0	0.0001378359751895	0.0	0.0	0.0	0.0	0.0	0.0	0.0	0.0	0.0	0.0	0.0004780114722753	0.0	0.0	0.0	0.0	0.0	0.0	0.0	0.0	0.0	0.0	0.0	0.0	0.0	0.0	0.0	0.0	0.0	0.0	0.0	0.0
Candidatus.Liptonbacteria	3.18773272509927e-05	3.68699382591882e-05	0.0	3.44613193228925e-05	3.12573309719548e-05	3.30560487457445e-05	0.0	0.0	0.0	0.0	0.0	0.0	0.0	0.0	0.0	0.0	0.0	0.0	0.0	0.0	0.0	0.0	0.0	0.0	0.0	0.0	0.0	0.0	0.0	0.0	0.0	0.0	0.0	0.0	0.0	0.0	0.0	0.0	0.0	0.0	0.0	0.0
Candidatus.Tagabacteria	2.3083581802443e-05	2.19352797238208e-05	0.0	1.86665479665668e-05	1.74009883761398e-05	1.43129283228997e-05	0.0	0.0	0.0	0.0	0.0	0.0	0.0	0.0	0.0	0.0	0.0	0.0	0.0	0.0	0.0	0.0	0.0	0.0	0.0	0.0	0.0	0.0	0.0	0.0	0.0	0.0	0.0	0.0	0.0	0.0	0.0	0.0	0.0	0.0	0.0	0.0
Candidatus.Ryanbacteria	3.29765454320614e-05	3.4536397863037e-05	0.0	3.20681721476916e-05	2.771268519163e-05	3.10113446996159e-05	0.0	0.0	0.0	0.0	0.0	0.0	0.0	0.0	0.0	0.0	0.0	0.0	0.0	0.0	0.0	0.0	0.0	0.0001385617292503	0.0	0.0	0.0	0.0	0.0	0.0	0.0	0.0	0.0	0.0	0.0	0.0	0.0	0.0	0.0	0.0	0.0	0.0
Candidatus.Wildermuthbacteria	2.52820181645804e-05	2.05351554861301e-05	0.0	1.48375124862454e-05	1.8367709952592e-05	2.01062564535971e-05	0.0	0.0	0.0	0.0	0.0	0.0	0.0	0.0	0.0	0.0	0.0	0.0	0.0	0.0	0.0	0.0	0.0	0.0001385617292503	0.0	0.0	0.0	0.0	0.0	0.0	0.0	0.0	0.0	0.0	0.0	0.0	0.0	0.0	0.0	0.0	0.0	0.0
Candidatus.Komeilibacteria	5.88081726871762e-05	5.83385099037788e-05	0.0	5.36064967244995e-05	5.89700161635848e-05	5.92964173377272e-05	0.0	0.0	0.0	0.0	0.0	0.0	0.0	0.0	0.0	0.0	0.0	0.0	0.0	0.0	0.0	0.0	0.0	0.0	0.0001487873828299	0.0001524622655892	0.0	0.0	0.0	0.0	0.0001552072016141	0.0	0.0	0.0	0.0	0.0	0.0	0.0	0.0	0.0	0.0	0.0
Candidatus.Kuenenbacteria	2.58316272551148e-05	2.56689443576627e-05	0.0	2.63246189272096e-05	2.80349257171141e-05	3.06705606919278e-05	0.0	0.0	0.0	0.0	0.0001378359751895	0.0	0.0	0.0	0.0	0.0	0.0	0.0	0.0	0.0	0.0	0.0004780114722753	0.0	0.0	0.0	0.0	0.0	0.0	0.0	0.0	0.0	0.0	0.0	0.0	0.0	0.0	0.0	0.0	0.0	0.0	0.0	0.0
Candidatus.Lloydbacteria	1.86867090781682e-05	1.68014908522883e-05	0.0	1.62734007913659e-05	2.12678746819486e-05	2.28325285151018e-05	0.0	0.0	0.0	0.0	0.0	0.0004470272686633	0.0	0.0	0.0	0.0	0.0	0.0	0.0	0.0	0.0	0.0	0.0001352447930754	0.0	0.0	0.0	0.0	0.0	0.0	0.0	0.0	0.0	0.0	0.0	0.0	0.0	0.0	0.0	0.0	0.0	0.0	0.0
Candidatus.Kerfeldbacteria	2.63812363456492e-05	2.89359009122743e-05	0.0	3.44613193228925e-05	2.86794067680822e-05	3.1352128707304e-05	0.0	0.0	0.0	0.0003006614552014	0.0001378359751895	0.0002235136343316	0.0	0.0	0.0	0.0	0.0	0.0	0.0	0.0	0.0	0.0	0.0001352447930754	0.0	0.0	0.0	0.0	0.0	0.0	0.0	0.0	0.0	0.0	0.0	0.0	0.0	0.0001403311815885	0.0	0.0	0.0	0.0	0.0001905487804878
Candidatus.Terrybacteria	6.37546545019855e-05	5.60049695076276e-05	0.0	6.22218265552226e-05	5.70365730106803e-05	6.67936655068651e-05	0.0	0.0	0.0	0.0	0.0	0.0	0.0	0.0	0.0	0.0	0.0	0.0	0.0	0.0	0.0	0.0	0.0	0.0001385617292503	0.0	0.0	0.0	0.0	0.0	0.0	0.0	0.0	0.0	0.0	0.0	0.0	0.0	0.0	0.0	0.0	0.0	0.0
Candidatus.Yonathbacteria	2.47324090740461e-05	2.38021120407417e-05	0.0	3.25468015827318e-05	2.64237230896937e-05	2.3514096530478e-05	0.0	0.0	0.0	0.0	0.0	0.0	0.0	0.0	0.0	0.0	0.0	0.0	0.0	0.0	0.0	0.0	0.0	0.0	0.0001487873828299	0.0	0.0	0.0	0.0	0.0	0.0	0.0	0.0	0.0	0.0	0.0	0.0001403311815885	0.0001392951664577	0.0	0.0	0.0	0.0
Candidatus.Niyogibacteria	1.64882727160307e-05	1.2134410059986e-05	0.0	1.43588830512052e-05	1.45008236467831e-05	1.5676064353652e-05	0.0	0.0	0.0	0.0	0.0	0.0	0.0	0.0	0.0	0.0	0.0	0.0	0.0	0.0	0.0	0.0	0.0	0.0	0.0	0.0	0.0	0.0	0.0	0.0	0.0	0.0	0.0	0.0	0.0	0.0	0.0	0.0	0.0	0.0	0.0	0.0
Candidatus.Campbellbacteria	2.25339727119087e-05	2.10018635653604e-05	0.0	2.34528423169685e-05	2.15901152074327e-05	2.18101764920376e-05	0.0	0.0	0.0004708097928436	0.0	0.0	0.0	0.0	0.0	0.0	0.0	0.0	0.0	0.0	0.0	0.0	0.0	0.0	0.0	0.0	0.0	0.0	0.0	0.0	0.0	0.0	0.0	0.0	0.0	0.0	0.0	0.0	0.0	0.0	0.0	0.0	0.0
Candidatus.Colwellbacteria	1.15417909012215e-05	1.12009939015255e-05	0.0	1.1008477005924e-05	1.28896210193628e-05	1.12458722537069e-05	0.0	0.0	0.0	0.0	0.0	0.0	0.0	0.0	0.0	0.0	0.0	0.0	0.0	0.0	0.0	0.0	0.0	0.0	0.0	0.0	0.0	0.0	0.0	0.0	0.0	0.0	0.0	0.0	0.0	0.0	0.0	0.0	0.0	0.0	0.0	0.0
Candidatus.Vogelbacteria	1.09921818106871e-05	1.26011181392162e-05	0.0	1.53161419212856e-05	1.19228994429106e-05	1.26090082844592e-05	0.0	0.0	0.0	0.0003006614552014	0.0	0.0002235136343316	0.0	0.0	0.0	0.0	0.0	0.0	0.0	0.0	0.0	0.0	0.0	0.0	0.0	0.0	0.0	0.0	0.0	0.0	0.0	0.0	0.0	0.0	0.0	0.0	0.0	0.0	0.0	0.0001075268817204	0.0	0.0001905487804878
Candidatus.Spechtbacteria	1.09921818106871e-05	1.12009939015255e-05	0.0	9.57258870080348e-06	1.28896210193628e-05	1.1586656261395e-05	0.0003108486167236	0.0	0.0	0.0	0.0	0.0	0.0006527415143603	0.0	0.0	0.0	0.0	0.0	0.0	0.0	0.0	0.0	0.0	0.0	0.0	0.0	0.0	0.0	0.0	0.0	0.0	0.0	0.0	0.0	0.0	0.0	0.0	0.0	0.0	0.0	0.0	0.0
Candidatus.Brennerbacteria	0.0	1.86683231692092e-06	0.0	2.39314717520087e-06	4.51136735677698e-06	5.4525441230094e-06	0.0	0.0	0.0	0.0	0.0	0.0	0.0	0.0	0.0	0.0	0.0	0.0	0.0	0.0	0.0	0.0	0.0	0.0	0.0	0.0	0.0	0.0	0.0	0.0	0.0	0.0	0.0	0.0	0.0	0.0	0.0	0.0	0.0	0.0	0.0	0.0
Candidatus.Andersenbacteria	2.03355363497712e-05	1.8201615089979e-05	0.0003594536304816	1.3880253616165e-05	1.93344315290442e-05	1.87431204228448e-05	0.0003108486167236	0.0	0.0	0.0	0.0	0.0	0.0	0.0006544502617801	0.0	0.0	0.0	0.0	0.0	0.0	0.0	0.0	0.0	0.0	0.0	0.0	0.0	0.0	0.0	0.0	0.0	0.0	0.0	0.0	0.0	0.0	0.0	0.0	0.0	0.0	0.0	0.0
Candidatus.Jacksonbacteria	1.64882727160307e-06	1.40012423769069e-06	0.0	1.91451774016069e-06	2.25568367838849e-06	2.04470404612852e-06	0.0	0.0	0.0	0.0	0.0	0.0	0.0	0.0	0.0	0.0	0.0	0.0	0.0	0.0	0.0	0.0	0.0	0.0	0.0	0.0	0.0	0.0	0.0	0.0	0.0	0.0	0.0	0.0	0.0	0.0	0.0	0.0	0.0	0.0	0.0	0.0
Candidatus.Parcubacteria	2.74804545267179e-06	4.6670807923023e-06	0.0	2.39314717520087e-06	2.57792420387256e-06	3.06705606919278e-06	0.0	0.0	0.0	0.0	0.0001378359751895	0.0	0.0	0.0	0.0	0.0	0.0	0.0	0.0	0.0	0.0	0.0	0.0	0.0	0.0	0.0	0.0	0.0	0.0	0.0	0.0	0.0	0.0	0.0	0.0	0.0	0.0	0.0	0.0	0.0	0.0	0.0
Candidatus.Veblenbacteria	0.0	4.6670807923023e-07	0.0	0.0	0.0	0.0	0.0	0.0	0.0	0.0	0.0	0.0	0.0	0.0	0.0	0.0	0.0	0.0	0.0	0.0	0.0	0.0	0.0	0.0	0.0	0.0	0.0	0.0	0.0	0.0	0.0	0.0	0.0	0.0	0.0	0.0	0.0	0.0	0.0	0.0	0.0	0.0
Candidatus.Woesebacteria	0.0001412495362673	0.0001418792560859	0.0007189072609633	0.0001488537542974	0.0001488751227736	0.0001407437951751	0.0	0.0	0.0	0.0	0.0	0.0	0.0	0.0	0.000903342366757	0.0003698224852071	0.0	0.0	0.0	0.0	0.0	0.0	0.0001352447930754	0.0001385617292503	0.0	0.0	0.0005053057099545	0.0	0.0	0.0	0.0	0.0	0.0	0.0	0.0	0.0003253090435914	0.0	0.0	0.0	0.0	0.0	0.0001905487804878
Candidatus.Gottesmanbacteria	0.0001313565726377	0.0001241443490752	0.0	0.0001354521301163	0.0001243848428368	0.0001397214431521	0.0	0.0003863987635239	0.0004708097928436	0.0	0.0001378359751895	0.000670540902995	0.0	0.0	0.0	0.0	0.0	0.0005564830272676	0.0	0.0	0.0	0.0	0.0	0.0	0.0004463621484898	0.0001524622655892	0.0	0.0002438429651304	0.0	0.0001513088213042	0.0	0.0	0.0	0.0	0.0	0.0	0.0001403311815885	0.0	0.0002122691572914	0.0002150537634408	0.0	0.0
Candidatus.Roizmanbacteria	0.0001709284271561	0.0001708151569982	0.0003594536304816	0.0001617767490435	0.0001688540353536	0.0001608500516287	0.0	0.0003863987635239	0.0	0.0006013229104028	0.0001378359751895	0.0	0.0	0.0	0.0	0.0	0.0	0.0005564830272676	0.0	0.0	0.00046992481203	0.0	0.0	0.0001385617292503	0.0	0.0001524622655892	0.0	0.0	0.0004589261128958	0.0001513088213042	0.0	0.0	8.01153661272232e-05	0.0003636363636363	0.0	0.0	0.0001403311815885	0.0001392951664577	0.0001061345786457	0.0002150537634408	0.0	0.0
Candidatus.Levybacteria	0.0001044257272015	0.0001050093178268	0.0	0.0001148710644096	0.0001063393734097	0.0001076877464294	0.0	0.0003863987635239	0.0004708097928436	0.0006013229104028	0.0	0.0	0.0	0.0	0.0	0.0003698224852071	0.0	0.0005564830272676	0.0	0.0	0.0	0.0	0.0	0.0	0.0	0.0	0.0	0.0	0.0	0.0	0.0	0.0	8.01153661272232e-05	0.0	0.0	0.0	0.0004209935447656	0.0001392951664577	0.0	0.0001075268817204	0.0	0.0
Candidatus.Daviesbacteria	4.4518336333283e-05	4.90043483191742e-05	0.0	4.64270551988969e-05	5.542537038326e-05	4.87321130993965e-05	0.0	0.0	0.0	0.0003006614552014	0.0	0.0	0.0	0.0	0.0	0.0	0.0	0.0	0.0	0.0	0.0009398496240601	0.0009560229445506	0.0001352447930754	0.0	0.0	0.0	0.0	0.0	0.0	0.0003026176426085	0.0001552072016141	0.0	0.0	0.0	0.0	0.0	0.0001403311815885	0.0	0.0	0.0	0.0	0.0
Candidatus.Curtissbacteria	7.41972272221382e-05	7.88736653899089e-05	0.0	8.23242628269099e-05	7.92711692690812e-05	8.75814899758384e-05	0.0	0.0	0.0004708097928436	0.0003006614552014	0.0	0.0002235136343316	0.0	0.0	0.0	0.0	0.0	0.0	0.0	0.0	0.0	0.0	0.0	0.0001385617292503	0.0	0.0001524622655892	0.0	0.0002438429651304	0.0	0.0	0.0001552072016141	0.0	0.0	0.0	0.0	0.0	0.0	0.0	0.0	0.0	0.0	0.0
Candidatus.Shapirobacteria	5.05640363291609e-05	5.18045967945556e-05	0.0	4.83415729390575e-05	4.73693572461582e-05	4.63466250455799e-05	0.0	0.0	0.0	0.0	0.0	0.0002235136343316	0.0	0.0	0.0	0.0003698224852071	0.0	0.0	0.0	0.0	0.0	0.0	0.0002704895861509	0.0	0.0	0.0	0.0	0.0	0.0	0.0001513088213042	0.0	0.0	0.0	0.0	0.0	0.0	0.0	0.0	0.0	0.0	0.0	0.0
Candidatus.Beckwithbacteria	2.85796727077866e-05	3.50031059422673e-05	0.0	3.78117253681737e-05	2.80349257171141e-05	2.86258566457993e-05	0.0	0.0	0.0	0.0	0.0	0.0	0.0	0.0	0.0	0.0003698224852071	0.0	0.0	0.0	0.0	0.0	0.0	0.0001352447930754	0.0	0.0	0.0001524622655892	0.0	0.0	0.0	0.0	0.0	0.0	0.0	0.0	0.0	0.0	0.0	0.0	0.0	0.0001075268817204	0.0	0.0
Candidatus.Amesbacteria	3.46253727036645e-05	3.31362736253464e-05	0.0	3.39826898878523e-05	3.73799009561521e-05	3.85085928687539e-05	0.0	0.0	0.0	0.0	0.0	0.0	0.0	0.0006544502617801	0.0	0.0	0.0	0.0	0.0	0.0	0.0	0.0	0.0	0.0	0.0	0.0	0.0	0.0	0.0	0.0	0.0	0.0	0.0	0.0	0.0	0.0	0.0	0.0	0.0	0.0	0.0	0.0
Candidatus.Chisholmbacteria	1.5389054534962e-05	1.35345342976767e-05	0.0	1.05298475708838e-05	9.66721576452209e-06	1.1586656261395e-05	0.0	0.0	0.0	0.0	0.0	0.0002235136343316	0.0006527415143603	0.0006544502617801	0.0	0.0	0.0	0.0	0.0	0.0	0.0	0.0	0.0	0.0	0.0	0.0	0.0	0.0	0.0	0.0	0.0	0.0	0.0	0.0	0.0	0.0	0.0	0.0	0.0	0.0	0.0	0.0
Candidatus.Collierbacteria	2.41827999835117e-05	2.94026089915045e-05	0.0	3.25468015827318e-05	2.771268519163e-05	3.54415367995611e-05	0.0	0.0003863987635239	0.0	0.0	0.000275671950379	0.0002235136343316	0.0	0.0	0.0	0.0	0.0	0.0	0.0	0.0	0.0	0.0	0.0	0.0	0.0	0.0001524622655892	0.0	0.0	0.0	0.0001513088213042	0.0	0.0	0.0	0.0	0.0	0.0	0.0	0.0	0.0001061345786457	0.0001075268817204	0.0	0.0
Candidatus.Woykebacteria	2.96788908888553e-05	2.19352797238208e-05	0.0	2.01024362716873e-05	2.80349257171141e-05	2.41956645458542e-05	0.0	0.0	0.0	0.0	0.0	0.0	0.0	0.0	0.0	0.0	0.0	0.0	0.0	0.0	0.0	0.0	0.0	0.0	0.0001487873828299	0.0	0.0	0.0	0.0	0.0	0.0001552072016141	0.0	0.0	0.0	0.0	0.0	0.0	0.0	0.0	0.0	0.0	0.0
Candidatus.Pacebacteria	3.24269363415271e-05	4.2470435209951e-05	0.0	4.35552785886558e-05	3.80243820071202e-05	3.74862408456896e-05	0.0003108486167236	0.0	0.0	0.0	0.0	0.0	0.0	0.0	0.0	0.0	0.0	0.0	0.0	0.0	0.0	0.0	0.0	0.0	0.0001487873828299	0.0	0.0	0.0	0.0	0.0	0.0	0.0	0.0	0.0	0.0	0.0	0.0	0.0	0.0	0.0	0.0	0.0
Candidatus.Blackburnbacteria	6.04569999587793e-06	7.00062118845346e-06	0.0	6.22218265552226e-06	1.09561778664584e-05	8.17881618451409e-06	0.0	0.0	0.0	0.0	0.0	0.0	0.0	0.0	0.0	0.0	0.0	0.0	0.0	0.0	0.0	0.0	0.0	0.0	0.0	0.0001524622655892	0.0	0.0	0.0	0.0	0.0	0.0	0.0	0.0	0.0	0.0	0.0	0.0	0.0	0.0	0.0	0.0
Candidatus.Microgenomates	4.94648181480922e-06	9.33416158460461e-07	0.0	1.91451774016069e-06	2.57792420387256e-06	1.70392003844044e-06	0.0	0.0	0.0	0.0	0.0	0.0	0.0	0.0	0.0	0.0	0.0	0.0	0.0	0.0	0.0	0.0	0.0	0.0	0.0	0.0	0.0	0.0	0.0	0.0	0.0	0.0	0.0	0.0	0.0	0.0	0.0	0.0	0.0	0.0	0.0	0.0
Candidatus.Gracilibacteria	4.23198999711455e-05	4.15370190514905e-05	0.0	4.73843140689772e-05	4.02800656855087e-05	4.73689770686441e-05	0.0	0.0	0.0	0.0	0.0	0.0	0.0	0.0	0.0	0.0	0.0	0.0005564830272676	0.0006045949214026	0.0	0.0	0.0	0.0	0.0	0.0	0.0	0.0	0.0	0.0	0.0	0.0	0.0	0.0	0.0	0.0	0.0	0.0	0.0	0.0	0.0	0.0	0.0
candidate.division.NC10	0.0001516921089874	0.0001283447217883	0.0	0.0001402384244667	0.0001501640848755	0.0001448332032674	0.0	0.0	0.0	0.0003006614552014	0.0	0.0	0.0	0.0	0.0	0.0	0.0	0.0005564830272676	0.0	0.0	0.00046992481203	0.0004780114722753	0.0	0.0001385617292503	0.0	0.0	0.0	0.0	0.0	0.0	0.0	0.0	0.0	0.0	0.0	0.0	0.0	0.0	0.0	0.0	0.0	0.0
Candidatus.Rokubacteria	0.0002649115816375	0.0002786247233004	0.0003594536304816	0.0003063228384257	0.0002945278402924	0.0002923926785963	0.0006216972334473	0.0	0.0004708097928436	0.0006013229104028	0.000275671950379	0.0	0.0006527415143603	0.0	0.0	0.0003698224852071	0.0011467889908256	0.0	0.0	0.0	0.00046992481203	0.0004780114722753	0.0001352447930754	0.0001385617292503	0.0	0.0	0.0	0.0	0.0	0.0003026176426085	0.0	0.0	0.0	0.0003636363636363	0.0	0.0	0.0	0.0	0.0	0.0001075268817204	0.0	0.0
Candidatus.Handelsmanbacteria	0.0001242116544607	0.0001241443490752	0.0	0.0001143924349746	0.0001192289944291	0.0001254085148292	0.0	0.0	0.0	0.0	0.0	0.0	0.0	0.0	0.0	0.0	0.0	0.0	0.0	0.0	0.0	0.0	0.0	0.0	0.0001487873828299	0.0003049245311785	0.0	0.0	0.0	0.0	0.0	0.0	8.01153661272232e-05	0.0	0.0	0.0	0.0	0.0	0.0	0.0	0.0	0.0
Candidatus.Schekmanbacteria	5.49609090534357e-05	5.60049695076276e-05	0.0003594536304816	5.07347201142584e-05	7.08929156064953e-05	5.82740653146629e-05	0.0	0.0	0.0	0.0	0.0	0.0	0.0	0.0	0.0	0.0	0.0	0.0	0.0	0.0	0.00046992481203	0.0	0.0	0.0	0.0	0.0	0.0005053057099545	0.0	0.0	0.0	0.0	0.0	0.0	0.0	0.0	0.0	0.0	0.0	0.0	0.0	0.0	0.0
Candidatus.Aminicenantes	0.0003957185451847	0.000387367705761	0.0	0.0004101854258294	0.0003982892894983	0.0003854267126952	0.0003108486167236	0.0	0.0	0.0003006614552014	0.0004135079255685	0.0004470272686633	0.0	0.0	0.0	0.0003698224852071	0.0011467889908256	0.0005564830272676	0.0	0.0	0.0009398496240601	0.0009560229445506	0.0	0.0001385617292503	0.0001487873828299	0.0004573867967678	0.0	0.0	0.0	0.0	0.0001552072016141	0.0	8.01153661272232e-05	0.0	0.0	0.0	0.0	0.0001392951664577	0.0001061345786457	0.0	0.0002914602156805	0.0001905487804878
Candidatus.Glassbacteria	5.11136454196952e-05	5.83385099037788e-05	0.0	4.83415729390575e-05	5.31696867048715e-05	5.69109292839106e-05	0.0	0.0	0.0	0.0	0.0001378359751895	0.0	0.0	0.0	0.0	0.0	0.0	0.0	0.0	0.0	0.0	0.0	0.0	0.0	0.0	0.0	0.0	0.0	0.0	0.0	0.0	0.0	0.0	0.0	0.0	0.0	0.0	0.0	0.0	0.0	0.0	0.0
candidate.division.WWE3	0.0001137690817406	0.0001171437278867	0.0	0.000108170252319	0.000121162437582	0.0001080285304371	0.0	0.0	0.0	0.0003006614552014	0.0	0.0	0.0006527415143603	0.0	0.0	0.0	0.0	0.0005564830272676	0.0	0.0	0.0	0.0	0.0	0.0	0.0	0.0	0.0	0.0	0.0	0.0	0.0001552072016141	0.0	0.0	0.0	0.0	0.0	0.0	0.0	0.0002122691572914	0.0	0.0	0.0
Candidatus.Peregrinibacteria	0.0002319350362054	0.0002678904374781	0.0	0.0002431437530004	0.0002561812177598	0.000271945638135	0.0	0.0003863987635239	0.0	0.0	0.0004135079255685	0.0002235136343316	0.0013054830287206	0.0006544502617801	0.0	0.0007396449704142	0.0	0.0011129660545353	0.0	0.000611620795107	0.0	0.0004780114722753	0.0001352447930754	0.0005542469170015	0.0002975747656598	0.0001524622655892	0.0	0.0002438429651304	0.0	0.0001513088213042	0.0	0.0	0.0	0.0	0.0003136762860727	0.0	0.0	0.0002785903329154	0.0	0.0001075268817204	0.0	0.0
Candidatus.Doudnabacteria	5.27624726912983e-05	6.62725472506927e-05	0.0	5.69569027697807e-05	5.67143324851963e-05	6.50897454684247e-05	0.0	0.0	0.0	0.0	0.0	0.0	0.0	0.0	0.0	0.0	0.0	0.0	0.0	0.0	0.0	0.0	0.0	0.0001385617292503	0.0	0.0	0.0	0.0	0.0	0.0	0.0	0.0	0.0	0.0	0.0	0.0	0.0	0.0	0.0	0.0001075268817204	0.0	0.0
Candidatus.Berkelbacteria	5.3861690872367e-05	5.55382614283974e-05	0.0003594536304816	5.74355322048209e-05	5.0914003026483e-05	6.13411213838557e-05	0.0	0.0	0.0	0.0	0.0	0.0	0.0	0.0	0.0	0.0	0.0	0.0	0.0	0.0	0.0	0.0	0.0	0.0	0.0	0.0	0.0	0.0	0.0	0.0	0.0	0.0	8.01153661272232e-05	0.0	0.0	0.0	0.0	0.0	0.0001061345786457	0.0001075268817204	0.0	0.0
Candidatus.Gribaldobacteria	1.09921818106871e-05	9.33416158460461e-06	0.0	1.05298475708838e-05	1.3856342595815e-05	1.26090082844592e-05	0.0	0.0	0.0	0.0	0.0	0.0	0.0	0.0	0.0	0.0003698224852071	0.0	0.0	0.0	0.0	0.0	0.0	0.0	0.0	0.0	0.0	0.0	0.0	0.0	0.0	0.0	0.0	0.0	0.0	0.0	0.0	0.0	0.0	0.0	0.0	0.0	0.0
Candidatus.Saccharibacteria	0.000112120254469	0.0001101431066983	0.0	0.0001057771051438	9.66721576452209e-05	0.0001039391223448	0.0003108486167236	0.0007727975270479	0.0	0.0006013229104028	0.0001378359751895	0.0	0.0	0.0	0.0	0.0	0.0	0.0	0.0006045949214026	0.000611620795107	0.0	0.0	0.0	0.0002771234585007	0.0	0.0	0.0005053057099545	0.0002438429651304	0.0	0.0003026176426085	0.0	0.0	8.01153661272232e-05	0.0	0.0	0.0003253090435914	0.0001403311815885	0.0	0.0	0.0	0.0	0.0
Candidatus.Eisenbacteria	5.55105181439701e-05	5.2738012953016e-05	0.0	5.59996438997003e-05	5.02695219755149e-05	5.4525441230094e-05	0.0	0.0	0.0	0.0	0.0001378359751895	0.0	0.0	0.0	0.0	0.0	0.0	0.0	0.0	0.0	0.0	0.0	0.0	0.0	0.0001487873828299	0.0001524622655892	0.0	0.0	0.0	0.0	0.0	0.0	0.0	0.0	0.0	0.0	0.0	0.0	0.0	0.0	0.0	0.0
Candidatus.Desantisbacteria	4.67167726954204e-05	5.32047210322463e-05	0.0	5.504238502962e-05	4.80138382971264e-05	4.63466250455799e-05	0.0	0.0	0.0	0.0	0.0	0.0	0.0	0.0	0.0	0.0	0.0	0.0	0.0	0.0	0.0	0.0	0.0	0.0	0.0001487873828299	0.0	0.0	0.0	0.0004589261128958	0.0001513088213042	0.0	0.0	0.0	0.0	0.0	0.0	0.0	0.0	0.0	0.0	0.0	0.0
Candidatus.Edwardsbacteria	8.02429272180162e-05	7.88736653899089e-05	0.0	7.46661918662671e-05	7.3793080335852e-05	7.08830735991221e-05	0.0	0.0	0.0	0.0	0.0001378359751895	0.0	0.0	0.0	0.0	0.0	0.0	0.0	0.0	0.0	0.0	0.0	0.0001352447930754	0.0	0.0	0.0	0.0	0.0	0.0	0.0	0.0	0.0	0.0	0.0	0.0	0.0	0.0	0.0	0.0	0.0	0.0	0.0
Candidatus.Lindowbacteria	2.63812363456492e-05	3.12694413084254e-05	0.0	2.53673600571292e-05	3.19018120229229e-05	2.28325285151018e-05	0.0	0.0	0.0	0.0	0.0	0.0	0.0	0.0	0.0	0.0	0.0	0.0	0.0	0.0	0.0	0.0	0.0	0.0	0.0	0.0	0.0	0.0	0.0	0.0	0.0	0.0	0.0	0.0	0.0	0.0	0.0	0.0	0.0	0.0	0.0	0.0
Candidatus.Ratteibacteria	5.49609090534357e-06	7.46732926768369e-06	0.0	8.13670039568295e-06	9.34497523903802e-06	9.20116820757835e-06	0.0	0.0	0.0	0.0	0.0	0.0	0.0	0.0	0.0	0.0	0.0	0.0	0.0	0.0	0.0	0.0	0.0	0.0001385617292503	0.0	0.0	0.0	0.0	0.0	0.0	0.0	0.0	0.0	0.0	0.0	0.0	0.0	0.0	0.0	0.0	0.0	0.0
Candidatus.Dadabacteria	1.5389054534962e-05	1.40012423769069e-05	0.0	1.53161419212856e-05	1.70787478506557e-05	1.60168483613401e-05	0.0	0.0	0.0	0.0	0.0	0.0	0.0	0.0	0.0	0.0	0.0	0.0	0.0	0.0	0.0	0.0	0.0	0.0	0.0	0.0	0.0	0.0	0.0	0.0	0.0	0.0	0.0	0.0	0.0	0.0	0.0	0.0	0.0001061345786457	0.0	0.0	0.0
Candidatus.Firestonebacteria	2.74804545267179e-05	3.54698140214975e-05	0.0	3.97262431083344e-05	3.86688630580884e-05	3.71454568380015e-05	0.0	0.0	0.0	0.0	0.0	0.0	0.0	0.0	0.0	0.0003698224852071	0.0	0.0	0.0	0.0	0.0	0.0	0.0	0.0	0.0	0.0	0.0	0.0	0.0	0.0	0.0	0.0	0.0	0.0	0.0	0.0	0.0001403311815885	0.0	0.0	0.0	0.0	0.0
Candidatus.Raymondbacteria	2.80300636172522e-05	2.80024847538138e-05	0.0	3.20681721476916e-05	2.51347609877574e-05	2.62403685919827e-05	0.0	0.0	0.0	0.0	0.0	0.0	0.0006527415143603	0.0	0.0	0.0	0.0	0.0	0.0	0.0	0.0	0.0	0.0001352447930754	0.0	0.0	0.0	0.0	0.0	0.0	0.0	0.0	0.0	0.0	0.0	0.0	0.0	0.0	0.0001392951664577	0.0	0.0	0.0	0.0
Candidatus.Riflebacteria	3.24269363415271e-05	3.54698140214975e-05	0.0	3.49399487579327e-05	3.02906093955026e-05	3.06705606919278e-05	0.0	0.0	0.0	0.0	0.0	0.0	0.0	0.0	0.0	0.0	0.0	0.0	0.0	0.0	0.0	0.0	0.0	0.0	0.0	0.0	0.0	0.0	0.0	0.0	0.0	0.0	8.01153661272232e-05	0.0	0.0	0.0	0.0	0.0	0.0001061345786457	0.0	0.0	0.0
Candidatus.Wallbacteria	3.90222454279394e-05	2.98693170707347e-05	0.0003594536304816	4.21193902835353e-05	3.54464578032477e-05	3.06705606919278e-05	0.0	0.0	0.0	0.0	0.0001378359751895	0.0	0.0	0.0	0.0	0.0	0.0	0.0	0.0	0.0	0.0	0.0	0.0	0.0	0.0	0.0	0.0	0.0	0.0	0.0	0.0	0.0	0.0	0.0	0.0	0.0	0.0	0.0	0.0	0.0	0.0	0.0
candidate.division.CPR1	7.694527267481e-06	6.06720502999299e-06	0.0	4.30766491536156e-06	5.80032945871326e-06	6.13411213838557e-06	0.0	0.0	0.0	0.0	0.0	0.0	0.0	0.0	0.0	0.0	0.0	0.0	0.0	0.0	0.0	0.0	0.0	0.0	0.0	0.0	0.0	0.0	0.0	0.0	0.0	0.0	0.0	0.0	0.0	0.0	0.0	0.0	0.0	0.0	0.0	0.0
Candidatus.Coatesbacteria	6.81515272262603e-05	6.4872423013002e-05	0.0	5.88714205099414e-05	5.34919272303556e-05	7.70171857375077e-05	0.0	0.0	0.0	0.0	0.0	0.0	0.0	0.0006544502617801	0.0	0.0	0.0	0.0	0.0	0.0	0.0	0.0004780114722753	0.0	0.0	0.0	0.0	0.0	0.0	0.0	0.0	0.0	0.0	0.0	0.0	0.0	0.0	0.0	0.0	0.0	0.0	0.0	0.0
Candidatus.Bipolaricaulota	2.85796727077866e-05	2.70690685953534e-05	0.0	2.01024362716873e-05	2.73904446661459e-05	2.07878244689733e-05	0.0	0.0	0.0	0.0	0.0	0.0	0.0	0.0	0.0	0.0	0.0	0.0	0.0	0.0	0.0	0.0	0.0	0.0	0.0	0.0	0.0	0.0	0.0	0.0	0.0	0.0	0.0	0.0	0.0	0.0	0.0	0.0	0.0	0.0	0.0	0.0
Candidatus.Blackallbacteria	1.75874908970994e-05	1.72681989315185e-05	0.0	1.57947713563257e-05	1.67565073251716e-05	2.07878244689733e-05	0.0	0.0	0.0	0.0	0.0001378359751895	0.0	0.0	0.0	0.0	0.0	0.0	0.0005564830272676	0.0	0.0	0.0	0.0	0.0	0.0	0.0	0.0	0.0	0.0	0.0	0.0	0.0	0.0	0.0	0.0	0.0	0.0	0.0	0.0	0.0	0.0	0.0	0.0
candidate.division.CPR2	2.52820181645804e-05	2.33354039615115e-05	0.0	1.34016241811249e-05	1.67565073251716e-05	1.46537123305877e-05	0.0	0.0	0.0	0.0003006614552014	0.0001378359751895	0.0	0.0	0.0	0.0	0.0	0.0	0.0	0.0	0.0	0.0	0.0	0.0	0.0	0.0	0.0	0.0	0.0	0.0	0.0	0.0001552072016141	0.0002257846014901	0.0	0.0	0.0	0.0	0.0	0.0	0.0	0.0	0.0	0.0
Candidatus.Fraserbacteria	9.89296362961843e-06	7.46732926768369e-06	0.0	6.70081209056243e-06	9.02273471355395e-06	7.15646416144983e-06	0.0	0.0	0.0	0.0	0.0001378359751895	0.0	0.0	0.0	0.0	0.0	0.0	0.0	0.0	0.0	0.0	0.0	0.0	0.0	0.0	0.0	0.0	0.0	0.0	0.0	0.0	0.0	0.0	0.0	0.0	0.0	0.0	0.0	0.0	0.0	0.0	0.0
Candidatus.Fischerbacteria	9.34335453908408e-06	1.02675777430651e-05	0.0	1.19657358760043e-05	8.70049418806988e-06	1.09050882460188e-05	0.0	0.0	0.0	0.0	0.0	0.0	0.0	0.0	0.0	0.0	0.0	0.0	0.0	0.0	0.00046992481203	0.0	0.0001352447930754	0.0	0.0	0.0	0.0	0.0	0.0	0.0	0.0001552072016141	0.0	0.0	0.0	0.0	0.0	0.0	0.0	0.0	0.0001075268817204	0.0	0.0
Candidatus.Sumerlaeota	4.94648181480922e-06	5.60049695076276e-06	0.0	4.30766491536156e-06	5.80032945871326e-06	5.4525441230094e-06	0.0	0.0	0.0	0.0	0.0	0.0	0.0	0.0	0.0	0.0	0.0	0.0	0.0	0.0	0.0	0.0	0.0	0.0	0.0	0.0	0.0	0.0	0.0	0.0	0.0	0.0	0.0	0.0	0.0	0.0	0.0	0.0	0.0	0.0	0.0	0.0
candidate.division.WOR.3	4.39687272427486e-06	3.26695655461161e-06	0.0	5.26492378544191e-06	4.18912683129291e-06	3.74862408456896e-06	0.0	0.0	0.0004708097928436	0.0	0.0	0.0	0.0	0.0	0.0	0.0	0.0	0.0	0.0	0.0	0.0	0.0	0.0	0.0	0.0	0.0	0.0	0.0	0.0	0.0	0.0	0.0	0.0	0.0	0.0	0.0	0.0	0.0	0.0	0.0	0.0	0.0
Candidatus.Wirthbacteria	3.02284999793897e-05	2.94026089915045e-05	0.0	3.68544664980934e-05	3.35130146503433e-05	3.23744807303683e-05	0.0	0.0	0.0	0.0	0.0	0.0	0.0	0.0	0.0	0.0	0.0	0.0	0.0	0.0	0.0	0.0	0.0	0.0	0.0	0.0	0.0	0.0	0.0	0.0	0.0	0.0	0.0	0.0	0.0	0.0	0.0	0.0	0.0	0.0	0.0	0.0
Candidatus.Abawacabacteria	9.34335453908408e-06	7.46732926768369e-06	0.0	1.00512181358436e-05	7.08929156064953e-06	9.20116820757835e-06	0.0	0.0	0.0	0.0	0.0	0.0	0.0	0.0	0.0	0.0	0.0	0.0	0.0	0.0	0.0	0.0	0.0	0.0	0.0	0.0	0.0	0.0	0.0	0.0	0.0	0.0	0.0	0.0	0.0	0.0	0.0	0.0	0.0	0.0	0.0	0.0
Candidatus.Absconditabacteria	1.09921818106871e-05	9.80086966383484e-06	0.0	1.53161419212856e-05	1.12784183919424e-05	1.19274402690831e-05	0.0	0.0	0.0	0.0	0.0	0.0	0.0	0.0	0.0	0.0	0.0	0.0	0.0	0.000611620795107	0.0	0.0	0.0	0.0001385617292503	0.0001487873828299	0.0	0.0	0.0	0.0	0.0001513088213042	0.0	0.0	0.0	0.0	0.0003136762860727	0.0003253090435914	0.0	0.0	0.0001061345786457	0.0	0.0	0.0
candidate.division.CPR3	2.19843636213743e-06	2.33354039615115e-06	0.0	1.91451774016069e-06	1.93344315290442e-06	2.38548805381661e-06	0.0	0.0	0.0	0.0	0.0	0.0	0.0	0.0	0.0	0.0	0.0	0.0	0.0	0.0	0.00046992481203	0.0	0.0	0.0	0.0	0.0	0.0	0.0	0.0	0.0	0.0	0.0	0.0	0.0	0.0	0.0	0.0	0.0	0.0	0.0	0.0	0.0
Candidatus.Delongbacteria	1.09921818106871e-05	1.40012423769069e-05	0.0	1.1008477005924e-05	1.22451399683946e-05	1.26090082844592e-05	0.0	0.0	0.0	0.0	0.0001378359751895	0.0	0.0	0.0	0.0	0.0	0.0	0.0	0.0	0.0	0.0	0.0	0.0	0.0	0.0	0.0	0.0	0.0	0.0	0.0	0.0	0.0	0.0	0.0	0.0	0.0	0.0	0.0	0.0	0.0	0.0	0.0
Candidatus.Calescamantes	1.64882727160307e-06	0.0	0.0	1.43588830512052e-06	3.2224052548407e-07	6.81568015376174e-07	0.0	0.0	0.0	0.0	0.0	0.0	0.0	0.0	0.0	0.0003698224852071	0.0	0.0	0.0	0.0	0.0	0.0	0.0	0.0	0.0	0.0	0.0	0.0	0.0	0.0	0.0	0.0	0.0	0.0	0.0	0.0	0.0	0.0	0.0	0.0	0.0	0.0
Planctomycetota	0.0026348259800217	0.002708306983773	0.0025161754133716	0.0026922905721009	0.0026597732973455	0.0026455062516826	0.0015542430836182	0.0030911901081916	0.0023540489642184	0.0021046301864101	0.0020675396278428	0.0024586499776486	0.0013054830287206	0.0019633507853403	0.004516711833785	0.0051775147928994	0.0	0.005008347245409	0.0018137847642079	0.001223241590214	0.0028195488721804	0.0023900573613766	0.0008114687584528	0.0009699321047526	0.0005951495313197	0.0015246226558926	0.0	0.0004876859302609	0.0	0.0004539264639128	0.0003104144032283	0.0004515692029803	0.0006409229290177	0.0007272727272727	0.0006273525721455	0.0006506180871828	0.0007016559079427	0.0006964758322886	0.0005306728932286	0.0003225806451612	0.0	0.0001905487804878
Candidatus.Omnitrophica	0.0007276824358674	0.0007201305662522	0.001078360891445	0.0007366107005268	0.0007021621050297	0.000700311135799	0.0003108486167236	0.0011591962905718	0.001412429378531	0.0015033072760072	0.0009648518263266	0.0002235136343316	0.0006527415143603	0.0006544502617801	0.0	0.0014792899408284	0.0011467889908256	0.0005564830272676	0.0006045949214026	0.000611620795107	0.0014097744360902	0.0004780114722753	0.0004057343792264	0.0006928086462519	0.0004463621484898	0.0004573867967678	0.0	0.0	0.0	0.0001513088213042	0.0003104144032283	0.0002257846014901	0.0001602307322544	0.0	0.0	0.0003253090435914	0.0001403311815885	0.0002785903329154	0.0	0.0002150537634408	0.0	0.0
Verrucomicrobiota	0.0034465986067409	0.0033607648785368	0.00431344356578	0.0034236363488423	0.0034154273296056	0.0034064769408501	0.0021759403170655	0.0023183925811437	0.0018832391713747	0.0024052916416115	0.0016540317022742	0.0017881090746535	0.0006527415143603	0.0019633507853403	0.001806684733514	0.0014792899408284	0.0011467889908256	0.001669449081803	0.0006045949214026	0.0	0.0023496240601503	0.0019120458891013	0.0005409791723018	0.0005542469170015	0.0002975747656598	0.000609849062357	0.001010611419909	0.0009753718605218	0.0	0.0	0.0	0.0002257846014901	0.0005608075628905	0.0	0.0003136762860727	0.0006506180871828	0.0004209935447656	0.0005571806658308	0.0005306728932286	0.0005376344086021	0.0	0.0003810975609756
Lentisphaerota	0.0003825279270119	0.0004060360289303	0.0003594536304816	0.000417364867355	0.0004166569994509	0.0003949686649104	0.0003108486167236	0.0015455950540958	0.0004708097928436	0.0003006614552014	0.0009648518263266	0.0008940545373267	0.0013054830287206	0.0006544502617801	0.000903342366757	0.0	0.0	0.0005564830272676	0.0	0.0	0.0	0.0	0.0002704895861509	0.0002771234585007	0.0002975747656598	0.0004573867967678	0.0005053057099545	0.0002438429651304	0.0	0.0	0.0	0.0	0.0	0.0	0.0	0.0	0.0001403311815885	0.0	0.0002122691572914	0.0003225806451612	0.0	0.0005716463414634
Chlamydiota	0.000128608527185	0.0001474797530367	0.0	0.0001507682720376	0.0001540309711813	0.0001458555552905	0.0	0.0003863987635239	0.0	0.0	0.0	0.0002235136343316	0.0	0.0	0.0	0.0007396449704142	0.0	0.0	0.0	0.0	0.0	0.0	0.0001352447930754	0.0001385617292503	0.0001487873828299	0.0	0.0	0.0002438429651304	0.0	0.0003026176426085	0.0	0.0	0.0	0.0	0.0	0.0	0.000280662363177	0.0001392951664577	0.0	0.0001075268817204	0.0	0.0
Kiritimatiellota	0.0001082729908352	0.0001185438521244	0.0	0.0001177428410198	0.0001214846781074	0.0001220006747523	0.0	0.0003863987635239	0.0	0.0	0.000275671950379	0.0002235136343316	0.0	0.0	0.0	0.0007396449704142	0.0	0.0	0.0	0.0	0.0009398496240601	0.0004780114722753	0.0001352447930754	0.0	0.0002975747656598	0.0001524622655892	0.0	0.0	0.0	0.0	0.0	0.0	0.0	0.0003636363636363	0.0	0.0	0.0	0.0	0.0	0.0	0.0	0.0
Thermodesulfobacteriota	0.00931862213001	0.0092137509001632	0.0082674335010783	0.0091820270818106	0.0092834272986705	0.0092420622885009	0.0108797015853279	0.0127511591962906	0.0094161958568738	0.0069152134696331	0.0106133700895934	0.0129637907912383	0.0091383812010443	0.0078534031413612	0.00903342366757	0.0118343195266272	0.0045871559633027	0.0122426265998887	0.0060459492140266	0.0073394495412844	0.0084586466165413	0.0090822179732313	0.0039220989991885	0.0051267839822641	0.0041660467192382	0.0047263302332672	0.0015159171298635	0.0004876859302609	0.0045892611289582	0.0021183234982599	0.0012416576129132	0.0009031384059607	0.0011216151257811	0.0007272727272727	0.0028230865746549	0.0019518542615484	0.0011226494527083	0.0015322468310349	0.0027594990447887	0.002258064516129	0.0011658408627222	0.0022865853658536
Nitrospirota	0.0008463979994229	0.0008223396356036	0.0007189072609633	0.0008174990750486	0.0008771387103676	0.0008720662756738	0.0012433944668946	0.0003863987635239	0.0	0.0009019843656043	0.0006891798759476	0.0008940545373267	0.0006527415143603	0.0013089005235602	0.001806684733514	0.0003698224852071	0.0	0.001669449081803	0.0006045949214026	0.0	0.0014097744360902	0.0009560229445506	0.0	0.0004156851877511	0.0001487873828299	0.000609849062357	0.0005053057099545	0.0	0.0004589261128958	0.0003026176426085	0.0001552072016141	0.0	0.0001602307322544	0.0003636363636363	0.0	0.0003253090435914	0.0001403311815885	0.0	0.0001061345786457	0.0001075268817204	0.0002914602156805	0.0001905487804878
Campylobacterota	0.0032382967614284	0.0032846914616223	0.003235082674335	0.0033149874670882	0.0033007097025333	0.0033693314840121	0.0015542430836182	0.0023183925811437	0.0023540489642184	0.0018039687312086	0.0016540317022742	0.0015645954403218	0.0032637075718015	0.0026178010471204	0.002710027100271	0.0014792899408284	0.0011467889908256	0.0027824151363383	0.0012091898428053	0.000611620795107	0.0018796992481203	0.001434034416826	0.0009467135515282	0.0015241790217541	0.0019342359767891	0.0010672358591248	0.0005053057099545	0.0014630577907827	0.0022946305644791	0.0018157058556513	0.0023281080242123	0.0027094152178821	0.0019227687870533	0.0018181818181818	0.0025094102885821	0.0009759271307742	0.0016839741790625	0.0022287226633235	0.0025472298874973	0.0016129032258064	0.0017487612940833	0.0011432926829268
Bacteroidota	0.0553549787713489	0.0557058096288411	0.0531991373112868	0.0558239868970406	0.0554769288673374	0.0564007756244015	0.0528442648430214	0.0479134466769706	0.0484934086629002	0.0472038484666266	0.0508614748449345	0.0487259722843093	0.0417754569190601	0.254581151832461	0.023486901535682	0.0266272189349112	0.379587155963303	0.0217028380634391	0.405078597339782	0.459327217125382	0.0267857142857143	0.0267686424474187	0.0275899377873952	0.02909796314258	0.0285671775033477	0.0292727549931392	0.292066700353714	0.0131675201170446	0.0201927489674162	0.0110455439552126	0.0099332609033059	0.0112892300745089	0.0100144207659029	0.311272727272727	0.0081555834378921	0.291802212101496	0.0099635138927869	0.0111436133166179	0.0100827849713437	0.0089247311827957	0.0102011075488196	0.0072408536585365
Ignavibacteriota	0.0003380095906786	0.0003336962766496	0.0003594536304816	0.0003561002996698	0.0003338411844014	0.0003394208716573	0.0003108486167236	0.0	0.0009416195856873	0.0	0.0004135079255685	0.0	0.0	0.0	0.0	0.0014792899408284	0.0011467889908256	0.0005564830272676	0.0006045949214026	0.0	0.00046992481203	0.0004780114722753	0.0006762239653773	0.0005542469170015	0.0	0.0001524622655892	0.0	0.0004876859302609	0.0	0.0	0.0007760360080707	0.001354707608941	0.0001602307322544	0.0	0.0	0.0	0.000280662363177	0.0004178854993731	0.0004245383145828	0.0006451612903225	0.0002914602156805	0.0003810975609756
Chlorobiota	0.0005562043996207	0.0005255132972132	0.0003594536304816	0.0005284068962843	0.0005088177897393	0.0005166285556551	0.0003108486167236	0.0	0.0004708097928436	0.0003006614552014	0.0011026878015162	0.0011175681716584	0.0	0.0	0.0	0.0003698224852071	0.0	0.0	0.0	0.0	0.0	0.0004780114722753	0.0001352447930754	0.0002771234585007	0.0005951495313197	0.0003049245311785	0.0	0.0	0.0004589261128958	0.0001513088213042	0.0	0.0	8.01153661272232e-05	0.0	0.0	0.0	0.0	0.0	0.0	0.0	0.0002914602156805	0.0001905487804878
Balneolota	2.91292817983209e-05	2.70690685953534e-05	0.0	2.4888730622089e-05	2.38457988858212e-05	2.41956645458542e-05	0.0003108486167236	0.0003863987635239	0.0	0.0003006614552014	0.0	0.0	0.0	0.0	0.0	0.0	0.0	0.0	0.0	0.0	0.0	0.0	0.0002704895861509	0.0	0.0	0.0	0.0	0.0	0.0	0.0	0.0	0.0	0.0	0.0	0.0	0.0	0.0	0.0	0.0	0.0001075268817204	0.0	0.0
Gemmatimonadota	0.0002824990725346	0.0002828250960135	0.0	0.0003005792852052	0.0002761601303398	0.000270923286112	0.0	0.0003863987635239	0.0004708097928436	0.0003006614552014	0.000275671950379	0.0002235136343316	0.0	0.0	0.0	0.0003698224852071	0.0	0.0005564830272676	0.0	0.0	0.0	0.0	0.0002704895861509	0.0001385617292503	0.0001487873828299	0.0	0.0	0.0	0.0	0.0	0.0	0.0	0.0	0.0	0.0	0.0	0.0	0.0	0.0	0.0	0.0	0.0
candidate.division.Zixibacteria	8.2990972670688e-05	9.28749077668158e-05	0.0	8.90250749174723e-05	8.21713339984378e-05	9.91681462372334e-05	0.0	0.0	0.0	0.0	0.0001378359751895	0.0	0.0006527415143603	0.0	0.0	0.0003698224852071	0.0	0.0	0.0	0.0	0.00046992481203	0.0009560229445506	0.0	0.0001385617292503	0.0	0.0	0.0	0.0	0.0	0.0	0.0	0.0	0.0	0.0	0.0	0.0	0.0	0.0001392951664577	0.0	0.0	0.0	0.0
Candidatus.Marinimicrobia	5.3861690872367e-05	6.16054664583904e-05	0.0	5.88714205099414e-05	5.38141677558396e-05	6.54305294761127e-05	0.0	0.0	0.0004708097928436	0.0	0.0	0.0002235136343316	0.0	0.0	0.0	0.0	0.0	0.0005564830272676	0.0006045949214026	0.000611620795107	0.0	0.0	0.0001352447930754	0.0002771234585007	0.0001487873828299	0.0	0.0	0.0002438429651304	0.0	0.0	0.0	0.0	0.0	0.0	0.0003136762860727	0.0	0.0	0.0	0.0	0.0	0.0	0.0
Candidatus.Hydrogenedentes	1.04425727201528e-05	6.53391310922322e-06	0.0	7.65807096064278e-06	6.44481050968139e-06	6.81568015376174e-06	0.0	0.0	0.0	0.0	0.0	0.0	0.0	0.0	0.0	0.0	0.0	0.0	0.0	0.0	0.0	0.0	0.0	0.0	0.0	0.0	0.0	0.0	0.0	0.0	0.0	0.0	8.01153661272232e-05	0.0003636363636363	0.0	0.0	0.0	0.0	0.0	0.0	0.0	0.0
Fibrobacterota	0.0001247612635512	0.0001241443490752	0.0	0.000131144465201	0.0001359855017542	0.0001301794909368	0.0003108486167236	0.0003863987635239	0.0	0.0003006614552014	0.0006891798759476	0.0002235136343316	0.0006527415143603	0.0	0.0	0.0	0.0	0.0	0.0	0.0	0.0	0.0004780114722753	0.0004057343792264	0.0002771234585007	0.0002975747656598	0.0003049245311785	0.0	0.0	0.0	0.0	0.0001552072016141	0.0002257846014901	0.0	0.0	0.0	0.0	0.0	0.0001392951664577	0.0	0.0	0.0	0.0
Candidatus.Cloacimonetes	7.694527267481e-06	1.07342858222953e-05	0.0	1.14871064409642e-05	7.73377261161767e-06	8.17881618451409e-06	0.0	0.0	0.0	0.0	0.0	0.0	0.0	0.0	0.0	0.0	0.0	0.0	0.0	0.0	0.00046992481203	0.0004780114722753	0.0	0.0	0.0	0.0	0.0	0.0	0.0	0.0	0.0	0.0	0.0	0.0	0.0	0.0	0.0	0.0	0.0	0.0	0.0	0.0
Elusimicrobiota	0.0015482488080352	0.0015256687110036	0.0028756290438533	0.001573733582412	0.0015531993328332	0.0015815785796804	0.0021759403170655	0.0011591962905718	0.0009416195856873	0.0012026458208057	0.0006891798759476	0.0020116227089852	0.0	0.0	0.000903342366757	0.0029585798816568	0.0022935779816513	0.0022259321090706	0.0012091898428053	0.000611620795107	0.00046992481203	0.0004780114722753	0.0006762239653773	0.0005542469170015	0.0002975747656598	0.0003049245311785	0.001010611419909	0.0	0.0	0.0003026176426085	0.0	0.0002257846014901	0.0005608075628905	0.0	0.0003136762860727	0.0	0.0	0.0	0.0006368074718743	0.0002150537634408	0.0	0.0001905487804878
Acidobacteriota	0.0015581417716649	0.0015429369099351	0.001078360891445	0.0015569815521856	0.0016089469437419	0.001575444467542	0.0012433944668946	0.0027047913446677	0.001412429378531	0.0018039687312086	0.0012405237767057	0.0011175681716584	0.0019582245430809	0.0032722513089005	0.002710027100271	0.0011094674556213	0.0011467889908256	0.001669449081803	0.0030229746070133	0.0030581039755351	0.0009398496240601	0.0009560229445506	0.0005409791723018	0.0008313703755022	0.0002975747656598	0.000609849062357	0.0015159171298635	0.0004876859302609	0.0004589261128958	0.0004539264639128	0.0	0.0	0.0004005768306361	0.0	0.0003136762860727	0.0003253090435914	0.000280662363177	0.0002785903329154	0.0002122691572914	0.0005376344086021	0.0002914602156805	0.0003810975609756
Myxococcota	0.0024353178801577	0.0023662099616972	0.0028756290438533	0.0023787882921496	0.0023820019643782	0.0023885551098858	0.0018650917003419	0.0007727975270479	0.0018832391713747	0.0024052916416115	0.0023432115782219	0.0020116227089852	0.0019582245430809	0.0019633507853403	0.003613369467028	0.0022189349112426	0.0	0.0011129660545353	0.0018137847642079	0.001223241590214	0.0042293233082706	0.0033460803059273	0.0006762239653773	0.0008313703755022	0.0008927242969796	0.0009147735935356	0.0005053057099545	0.0004876859302609	0.0004589261128958	0.0001513088213042	0.0004656216048424	0.0002257846014901	0.0001602307322544	0.0	0.0	0.0003253090435914	0.000280662363177	0.0001392951664577	0.0003184037359371	0.0006451612903225	0.0002914602156805	0.0001905487804878
Nitrospinota	0.0001181659544648	0.000121810808679	0.0003594536304816	0.0001258795414155	0.0001308296533465	0.0001322241949829	0.0	0.0	0.0	0.0	0.0	0.000670540902995	0.0	0.0006544502617801	0.0	0.0	0.0	0.0	0.0	0.0	0.0	0.0	0.0	0.0	0.0	0.0	0.0	0.0	0.0	0.0	0.0	0.0002257846014901	8.01153661272232e-05	0.0003636363636363	0.0	0.0	0.0	0.0002785903329154	0.0	0.0	0.0	0.0
Candidatus.Tectomicrobia	9.56319817529782e-05	8.40074542614415e-05	0.0	9.85976636182758e-05	9.34497523903802e-05	9.64418741757287e-05	0.0	0.0	0.0009416195856873	0.0006013229104028	0.0	0.0002235136343316	0.0	0.0	0.0	0.0	0.0	0.0	0.0	0.0	0.0	0.0004780114722753	0.0	0.0	0.0	0.0	0.0	0.0	0.0	0.0	0.0	0.0	0.0	0.0	0.0	0.0	0.0	0.0	0.0	0.0	0.0	0.0
Spirochaetota	0.0046293573695708	0.0046712811650153	0.0028756290438533	0.0045584667393226	0.0046283406675276	0.0046868024577342	0.0087037612682623	0.008500772797527	0.0089453860640301	0.010823812387252	0.0092350103376981	0.0098345999105945	0.008485639686684	0.006544502617801	0.005420054200542	0.0070266272189349	0.0068807339449541	0.0061213132999443	0.0018137847642079	0.0042813455657492	0.0042293233082706	0.005736137667304	0.0044630781714904	0.0059581543577663	0.004612408867728	0.0038115566397316	0.0040424456796361	0.002682272616435	0.0018357044515833	0.0016643970343471	0.0021729008225981	0.0006773538044705	0.0013619612241627	0.001090909090909	0.0009410288582183	0.0013012361743656	0.0019646365422396	0.0015322468310349	0.0020165569942687	0.0018279569892473	0.0011658408627222	0.001905487804878
Bdellovibrionota	0.00040121463609	0.0003976352835041	0.0	0.0004092281669593	0.0004024784163296	0.0003997396410181	0.0006216972334473	0.0003863987635239	0.0	0.0	0.0001378359751895	0.0004470272686633	0.0006527415143603	0.0	0.000903342366757	0.0	0.0	0.0011129660545353	0.0	0.0	0.0009398496240601	0.0004780114722753	0.0002704895861509	0.0002771234585007	0.0004463621484898	0.0001524622655892	0.0	0.0002438429651304	0.0009178522257916	0.0	0.0	0.0	0.0	0.0	0.0003136762860727	0.0003253090435914	0.0	0.0004178854993731	0.0001061345786457	0.0002150537634408	0.0	0.0
Synergistota	0.0017158795806482	0.001686682998338	0.001078360891445	0.0016780747992508	0.0016766174540936	0.0016919925981713	0.0006216972334473	0.0	0.0009416195856873	0.0018039687312086	0.0016540317022742	0.0022351363433169	0.0006527415143603	0.0	0.003613369467028	0.0022189349112426	0.0	0.003338898163606	0.0	0.001223241590214	0.0037593984962406	0.0033460803059273	0.0004057343792264	0.0004156851877511	0.0002975747656598	0.0012196981247141	0.0005053057099545	0.0004876859302609	0.0	0.0003026176426085	0.0004656216048424	0.0009031384059607	0.0001602307322544	0.0	0.0003136762860727	0.0003253090435914	0.000280662363177	0.0004178854993731	0.0006368074718743	0.000752688172043	0.0002914602156805	0.0001905487804878
Caldisericota	1.70378818065651e-05	1.63347827730581e-05	0.0	1.77092890964864e-05	1.90121910035601e-05	1.73799843920924e-05	0.0	0.0	0.0	0.0	0.0	0.0002235136343316	0.0	0.0	0.0	0.0	0.0	0.0	0.0	0.0	0.0	0.0	0.0	0.0	0.0	0.0	0.0	0.0	0.0004589261128958	0.0	0.0	0.0	8.01153661272232e-05	0.0	0.0	0.0	0.0001403311815885	0.0001392951664577	0.0	0.0	0.0	0.0
Fusobacteriota	0.0088085848939941	0.0089808635686273	0.0122214234363767	0.009030780180338	0.0089582866084571	0.0093010179218309	0.0015542430836182	0.0007727975270479	0.0	0.0012026458208057	0.000275671950379	0.0011175681716584	0.0	0.0	0.001806684733514	0.0022189349112426	0.003440366972477	0.0022259321090706	0.0024183796856106	0.000611620795107	0.0018796992481203	0.001434034416826	0.0006762239653773	0.0009699321047526	0.0008927242969796	0.002286933983839	0.001010611419909	0.0034138015118263	0.0009178522257916	0.0010591617491299	0.002017693620984	0.0027094152178821	0.00144207659029	0.0003636363636363	0.0025094102885821	0.0022771633051398	0.0011226494527083	0.0013929516645772	0.0016981532583315	0.001505376344086	0.0011658408627222	0.0022865853658536
Thermotogota	0.0004017642451806	0.0004121032339602	0.0003594536304816	0.000381946289162	0.0004015116947531	0.0003949686649104	0.0	0.0	0.0009416195856873	0.0006013229104028	0.0012405237767057	0.0004470272686633	0.0006527415143603	0.0	0.0	0.0003698224852071	0.0022935779816513	0.001669449081803	0.0006045949214026	0.001223241590214	0.00046992481203	0.0	0.0006762239653773	0.0004156851877511	0.0004463621484898	0.0004573867967678	0.0	0.0007315288953913	0.0	0.0001513088213042	0.0004656216048424	0.0002257846014901	0.0004005768306361	0.0003636363636363	0.0003136762860727	0.0	0.000280662363177	0.0002785903329154	0.0002122691572914	0.0002150537634408	0.0002914602156805	0.0001905487804878
Atribacterota	5.05640363291609e-05	4.76042240814835e-05	0.0	5.69569027697807e-05	5.38141677558396e-05	5.41846572224059e-05	0.0	0.0	0.0	0.0	0.0001378359751895	0.0	0.0	0.0	0.0	0.0	0.0011467889908256	0.0	0.0006045949214026	0.0	0.0	0.0	0.0	0.0002771234585007	0.0	0.0	0.0	0.0	0.0	0.0	0.0	0.0	8.01153661272232e-05	0.0	0.0	0.0	0.0	0.0001392951664577	0.0001061345786457	0.0002150537634408	0.0	0.0001905487804878
Chrysiogenota	4.94648181480922e-05	5.36714291114765e-05	0.0	5.31278672894593e-05	5.60698514342281e-05	6.2704257414608e-05	0.0	0.0	0.0	0.0	0.0	0.0002235136343316	0.0	0.0	0.0	0.0	0.0	0.0	0.0	0.0	0.0	0.0	0.0	0.0	0.0	0.0	0.0	0.0	0.0	0.0	0.0	0.0	0.0	0.0	0.0	0.0	0.0	0.0	0.0	0.0	0.0	0.0
Aquificota	0.0001176163453743	0.0001190105602037	0.0003594536304816	0.0001153496938446	0.0001266405265152	0.0001254085148292	0.0006216972334473	0.0011591962905718	0.0	0.0	0.0001378359751895	0.0	0.0	0.0	0.000903342366757	0.0003698224852071	0.0	0.0	0.0	0.0	0.00046992481203	0.0004780114722753	0.0	0.0	0.0	0.0	0.0005053057099545	0.0	0.0	0.0001513088213042	0.0001552072016141	0.0	0.0	0.0	0.0	0.0	0.0	0.0	0.0001061345786457	0.0	0.0	0.0
Calditrichota	6.26554363209167e-05	6.16054664583904e-05	0.0	5.12133495492986e-05	5.89700161635848e-05	6.71344495145532e-05	0.0	0.0	0.0	0.0	0.0	0.0	0.0	0.0	0.0	0.0	0.0	0.0	0.0006045949214026	0.0	0.0	0.0	0.0001352447930754	0.0	0.0001487873828299	0.0001524622655892	0.0	0.0	0.0	0.0	0.0	0.0	0.0	0.0	0.0	0.0	0.0	0.0	0.0	0.0	0.0	0.0
Deferribacterota	0.0001582874180738	0.000146079628799	0.0	0.0001416743127718	0.0001437192743658	0.0001574422115518	0.0	0.0	0.0	0.0	0.0	0.0	0.0	0.0	0.0	0.0	0.0	0.0	0.0	0.0	0.00046992481203	0.0	0.0002704895861509	0.0	0.0001487873828299	0.0001524622655892	0.0	0.0	0.0	0.0001513088213042	0.0	0.0	0.0	0.0	0.0	0.0	0.000280662363177	0.0002785903329154	0.0001061345786457	0.0	0.0	0.0
Dictyoglomota	2.19843636213743e-05	1.8201615089979e-05	0.0	2.96750249724908e-05	2.19123557329167e-05	1.90839044305329e-05	0.0	0.0	0.0	0.0	0.0	0.0	0.0006527415143603	0.0	0.0	0.0	0.0	0.0	0.0	0.0	0.0	0.0	0.0	0.0	0.0	0.0	0.0	0.0	0.0	0.0	0.0001552072016141	0.0	0.0	0.0	0.0003136762860727	0.0	0.0	0.0001392951664577	0.0	0.0	0.0	0.0001905487804878
Coprothermobacterota	6.59530908641229e-06	9.80086966383484e-06	0.0	5.26492378544191e-06	5.47808893322919e-06	7.15646416144983e-06	0.0	0.0	0.0	0.0	0.0	0.0	0.0	0.0	0.0	0.0	0.0	0.0	0.0	0.0	0.0	0.0	0.0	0.0	0.0	0.0	0.0	0.0	0.0	0.0	0.0	0.0	8.01153661272232e-05	0.0	0.0	0.0	0.0	0.0	0.0001061345786457	0.0001075268817204	0.0	0.0
Nitrososphaerota	0.0001341046180903	0.000121810808679	0.0	0.0001517255309077	0.0001363077422797	0.0001315426269676	0.0	0.0	0.0	0.0003006614552014	0.0	0.0	0.0	0.0	0.000903342366757	0.0	0.0	0.0	0.0	0.0	0.0	0.0004780114722753	0.0	0.0	0.0001487873828299	0.0001524622655892	0.0	0.0004876859302609	0.0	0.0	0.0	0.0	0.0	0.0	0.0	0.0	0.000280662363177	0.0001392951664577	0.0	0.0	0.0	0.0
Candidatus.Bathyarchaeota	1.86867090781682e-05	2.10018635653604e-05	0.0	2.53673600571292e-05	1.74009883761398e-05	1.80615524074686e-05	0.0	0.0	0.0	0.0	0.0	0.0	0.0	0.0	0.0	0.0	0.0	0.0	0.0	0.0	0.0	0.0	0.0	0.0	0.0	0.0	0.0	0.0	0.0	0.0	0.0	0.0	0.0	0.0	0.0	0.0	0.0	0.0	0.0	0.0	0.0	0.0
Thermoproteota	0.0001417991453578	0.0001292781379467	0.0	0.0001297085768958	0.0001330853370249	0.0001349504670444	0.0003108486167236	0.0007727975270479	0.0	0.0003006614552014	0.0	0.0	0.0019582245430809	0.0006544502617801	0.0	0.0003698224852071	0.0	0.0	0.0006045949214026	0.001223241590214	0.0	0.0009560229445506	0.0004057343792264	0.0001385617292503	0.0001487873828299	0.0003049245311785	0.001010611419909	0.0007315288953913	0.0009178522257916	0.0006052352852171	0.0001552072016141	0.0	0.0001602307322544	0.0003636363636363	0.0	0.0003253090435914	0.000280662363177	0.0001392951664577	0.0001061345786457	0.0001075268817204	0.0008743806470416	0.0001905487804878
Candidatus.Korarchaeota	0.0	4.6670807923023e-07	0.0	4.78629435040174e-07	0.0	3.40784007688087e-07	0.0	0.0	0.0	0.0	0.0	0.0	0.0	0.0	0.0	0.0	0.0	0.0	0.0	0.0	0.0	0.0	0.0	0.0	0.0	0.0	0.0	0.0	0.0	0.0	0.0	0.0	0.0	0.0	0.0	0.0	0.0	0.0	0.0	0.0	0.0	0.0
Euryarchaeota	0.0021083004712897	0.0020735839960199	0.0014378145219266	0.0021748921528225	0.0021370991650103	0.002116268687743	0.0102580043518806	0.0127511591962906	0.0108286252354049	0.0087191822008418	0.0101998621640248	0.0093875726419311	0.0097911227154047	0.0104712041884817	0.016260162601626	0.0144230769230769	0.0068807339449541	0.0111296605453534	0.0066505441354292	0.0073394495412844	0.0075187969924812	0.00717017208413	0.001758182309981	0.0020784259387557	0.0011902990626394	0.0009147735935356	0.001010611419909	0.0178005364545233	0.0073428178063331	0.0145256468452111	0.015986341766258	0.015127568299842	0.0177856112802436	0.0123636363636364	0.0078419071518193	0.0081327260897853	0.0162784170642717	0.0136509263128569	0.0141158989598811	0.0143010752688172	0.0093267269017779	0.014672256097561
Candidatus.Woesearchaeota	3.57245908847332e-05	3.78033544176487e-05	0.0	4.21193902835353e-05	3.28685335993751e-05	2.65811525996708e-05	0.0	0.0	0.0	0.0	0.0	0.0	0.0	0.0	0.0	0.0	0.0	0.0	0.0	0.0	0.0	0.0	0.0	0.0	0.0	0.0	0.0	0.0	0.0	0.0	0.0001552072016141	0.0002257846014901	0.0	0.0	0.0	0.0	0.0	0.0001392951664577	0.0	0.0	0.0002914602156805	0.0001905487804878
Nanoarchaeota	2.19843636213743e-06	1.86683231692092e-06	0.0	1.43588830512052e-06	1.93344315290442e-06	2.04470404612852e-06	0.0	0.0	0.0	0.0	0.0	0.0	0.0006527415143603	0.0006544502617801	0.0	0.0	0.0	0.0	0.0	0.0	0.0	0.0	0.0	0.0	0.0	0.0	0.0	0.0	0.0004589261128958	0.0	0.0	0.0	0.0	0.0	0.0	0.0	0.0	0.0	0.0	0.0	0.0	0.0
Candidatus.Micrarchaeota	2.3083581802443e-05	2.80024847538138e-05	0.0	2.10596951417676e-05	2.38457988858212e-05	2.21509604997257e-05	0.0	0.0	0.0	0.0003006614552014	0.0001378359751895	0.0	0.0	0.0	0.0	0.0	0.0	0.0	0.0	0.0	0.0	0.0	0.0	0.0	0.0001487873828299	0.0	0.0	0.0	0.0	0.0	0.0	0.0	0.0	0.0	0.0	0.0	0.0	0.0	0.0	0.0	0.0	0.0
Candidatus.Diapherotrites	1.92363181687025e-05	1.2134410059986e-05	0.0	1.1008477005924e-05	1.16006589174265e-05	1.09050882460188e-05	0.0	0.0	0.0	0.0	0.0	0.0	0.0	0.0006544502617801	0.0	0.0	0.0	0.0	0.0	0.0	0.0	0.0	0.0	0.0	0.0001487873828299	0.0001524622655892	0.0	0.0	0.0	0.0	0.0	0.0	0.0	0.0	0.0003136762860727	0.0003253090435914	0.0	0.0	0.0	0.0	0.0	0.0
Candidatus.Altiarchaeota	2.74804545267179e-06	4.20037271307207e-06	0.0	3.82903548032139e-06	1.93344315290442e-06	2.38548805381661e-06	0.0	0.0	0.0	0.0	0.0	0.0	0.0	0.0	0.0	0.0	0.0	0.0	0.0	0.0	0.0	0.0	0.0	0.0	0.0	0.0	0.0	0.0	0.0	0.0	0.0	0.0	0.0	0.0	0.0	0.0	0.0	0.0	0.0001061345786457	0.0	0.0	0.0
Candidatus.Aenigmarchaeota	2.74804545267179e-06	1.86683231692092e-06	0.0	4.30766491536156e-06	2.57792420387256e-06	2.7262720615047e-06	0.0	0.0	0.0	0.0	0.0	0.0	0.0	0.0	0.0	0.0	0.0	0.0	0.0	0.0	0.0	0.0	0.0	0.0	0.0	0.0	0.0	0.0	0.0	0.0	0.0	0.0	0.0	0.0	0.0	0.0	0.0	0.0	0.0	0.0	0.0	0.0
Candidatus.Huberarchaea	1.64882727160307e-06	4.6670807923023e-07	0.0	9.57258870080347e-07	3.2224052548407e-07	0.0	0.0	0.0	0.0	0.0	0.0	0.0	0.0	0.0	0.0	0.0	0.0	0.0	0.0	0.0	0.0	0.0	0.0	0.0	0.0	0.0	0.0	0.0	0.0	0.0	0.0	0.0	0.0	0.0	0.0	0.0	0.0	0.0	0.0	0.0	0.0	0.0
Candidatus.Nanohaloarchaeota	5.49609090534357e-07	4.6670807923023e-07	0.0	4.78629435040174e-07	0.0	3.40784007688087e-07	0.0	0.0	0.0	0.0	0.0	0.0	0.0	0.0	0.0	0.0	0.0	0.0	0.0	0.0	0.0	0.0	0.0	0.0	0.0	0.0	0.0	0.0	0.0	0.0	0.0	0.0	0.0	0.0	0.0	0.0	0.0	0.0	0.0	0.0	0.0	0.0
Candidatus.Thermoplasmatota	0.0005111364541969	0.0005180459679455	0.0003594536304816	0.000501125018487	0.0005101067518412	0.0005169693396628	0.0006216972334473	0.0	0.0	0.0	0.0004135079255685	0.000670540902995	0.0	0.0	0.0	0.0	0.0	0.0005564830272676	0.0	0.0	0.0	0.0	0.0	0.0	0.0	0.0	0.0	0.0	0.0	0.0	0.0	0.0	0.0	0.0	0.0	0.0003253090435914	0.0001403311815885	0.0001392951664577	0.0	0.0	0.0	0.0
Candidatus.Heimdallarchaeota	3.13277181604584e-05	3.0336025149965e-05	0.0	2.82391366673703e-05	2.96461283445344e-05	3.23744807303683e-05	0.0	0.0	0.0	0.0	0.0	0.0	0.0	0.0	0.0	0.0	0.0	0.0	0.0	0.0	0.0	0.0	0.0	0.0	0.0	0.0	0.0	0.0	0.0	0.0001513088213042	0.0	0.0	0.0	0.0	0.0	0.0	0.0	0.0	0.0	0.0	0.0	0.0
Candidatus.Lokiarchaeota	1.15417909012215e-05	9.33416158460461e-06	0.0	1.00512181358436e-05	1.12784183919424e-05	1.12458722537069e-05	0.0	0.0	0.0	0.0	0.0	0.0	0.0	0.0	0.0	0.0	0.0	0.0	0.0	0.0	0.0	0.0	0.0	0.0	0.0	0.0	0.0	0.0	0.0	0.0	0.0	0.0	0.0	0.0	0.0	0.0	0.0	0.0001392951664577	0.0	0.0	0.0	0.0
Candidatus.Odinarchaeota	5.49609090534357e-07	4.6670807923023e-07	0.0	0.0	9.66721576452209e-07	6.81568015376174e-07	0.0	0.0	0.0	0.0	0.0	0.0	0.0	0.0	0.0	0.0	0.0	0.0	0.0	0.0	0.0	0.0	0.0	0.0	0.0	0.0	0.0	0.0	0.0	0.0	0.0	0.0	0.0	0.0	0.0	0.0	0.0	0.0	0.0	0.0	0.0	0.0
Candidatus.Thorarchaeota	2.19843636213743e-06	2.80024847538138e-06	0.0	9.57258870080347e-07	6.44481050968139e-07	6.81568015376174e-07	0.0	0.0	0.0	0.0	0.0	0.0	0.0	0.0	0.0	0.0	0.0	0.0	0.0	0.0	0.0	0.0	0.0	0.0	0.0	0.0	0.0	0.0	0.0	0.0	0.0	0.0	0.0	0.0	0.0	0.0	0.0	0.0	0.0	0.0	0.0	0.0
