#OTU ID	Pseudomonadota	Actinomycetota	Chloroflexota	Bacillota	Cyanobacteriota	Candidatus.Melainabacteria	Candidatus.Margulisbacteria	Deinococcota	Armatimonadota	Mycoplasmatota	Thermomicrobiota	Candidatus.Kaiserbacteria	Candidatus.Nomurabacteria	Candidatus.Yanofskybacteria	Candidatus.Falkowbacteria	Candidatus.Magasanikbacteria	Candidatus.Nealsonbacteria	Candidatus.Uhrbacteria	Candidatus.Giovannonibacteria	Candidatus.Moranbacteria	Candidatus.Zambryskibacteria	Candidatus.Staskawiczbacteria	Candidatus.Wolfebacteria	Candidatus.Harrisonbacteria	Candidatus.Taylorbacteria	Candidatus.Buchananbacteria	Candidatus.Jorgensenbacteria	Candidatus.Liptonbacteria	Candidatus.Ryanbacteria	Candidatus.Komeilibacteria	Candidatus.Kerfeldbacteria	Candidatus.Terrybacteria	Candidatus.Spechtbacteria	Candidatus.Parcubacteria	Candidatus.Woesebacteria	Candidatus.Gottesmanbacteria	Candidatus.Roizmanbacteria	Candidatus.Levybacteria	Candidatus.Daviesbacteria	Candidatus.Curtissbacteria	Candidatus.Shapirobacteria	Candidatus.Beckwithbacteria	Candidatus.Amesbacteria	Candidatus.Collierbacteria	Candidatus.Woykebacteria	Candidatus.Pacebacteria	Candidatus.Microgenomates	Candidatus.Gracilibacteria	Candidatus.Rokubacteria	Candidatus.Handelsmanbacteria	Candidatus.Schekmanbacteria	Candidatus.Aminicenantes	candidate.division.WWE3	Candidatus.Peregrinibacteria	Candidatus.Doudnabacteria	Candidatus.Berkelbacteria	Candidatus.Gribaldobacteria	Candidatus.Saccharibacteria	Candidatus.Eisenbacteria	Candidatus.Desantisbacteria	Candidatus.Edwardsbacteria	Candidatus.Ratteibacteria	Candidatus.Raymondbacteria	Candidatus.Bipolaricaulota	Candidatus.Blackallbacteria	candidate.division.CPR2	Candidatus.Fischerbacteria	Candidatus.Absconditabacteria	Planctomycetota	Candidatus.Omnitrophica	Verrucomicrobiota	Lentisphaerota	Chlamydiota	Kiritimatiellota	Thermodesulfobacteriota	Nitrospirota	Campylobacterota	Bacteroidota	Ignavibacteriota	Chlorobiota	Balneolota	Gemmatimonadota	candidate.division.Zixibacteria	Candidatus.Marinimicrobia	Fibrobacterota	Candidatus.Cloacimonetes	Elusimicrobiota	Acidobacteriota	Myxococcota	Nitrospinota	Spirochaetota	Bdellovibrionota	Synergistota	Caldisericota	Fusobacteriota	Thermotogota	Atribacterota	Chrysiogenota	Aquificota	Deferribacterota	Nitrososphaerota	Thermoproteota	Euryarchaeota	Candidatus.Woesearchaeota	Candidatus.Micrarchaeota	Candidatus.Altiarchaeota	Candidatus.Heimdallarchaeota
Pseudomonadota	1.0000	-0.0337	-0.0007	-0.0381	0.0015	-0.0000	-0.0043	-0.0032	-0.0014	0.0012	-0.0016	0.0025	0.0048	-0.0017	-0.0028	0.0041	-0.0015	-0.0027	-0.0058	0.0006	-0.0033	-0.0041	-0.0004	-0.0006	0.0022	0.0011	-0.0048	0.0033	0.0004	0.0000	0.0017	0.0017	-0.0013	-0.0009	-0.0005	0.0014	0.0026	-0.0015	-0.0042	0.0028	0.0000	0.0055	-0.0011	0.0025	-0.0012	-0.0009	0.0037	-0.0001	-0.0028	-0.0052	-0.0025	-0.0078	-0.0014	0.0019	-0.0004	0.0037	-0.0039	-0.0005	-0.0034	-0.0011	-0.0039	-0.0029	-0.0002	0.0027	-0.0016	-0.0012	0.0002	0.0005	-0.0045	-0.0082	-0.0019	-0.0002	0.0006	-0.0048	-0.0041	-0.0047	0.0028	-0.0211	-0.0022	-0.0009	-0.0033	0.0065	0.0024	0.0011	0.0051	-0.0003	-0.0014	0.0016	-0.0005	0.0010	0.0048	-0.0011	-0.0035	-0.0020	-0.0028	0.0034	-0.0047	0.0003	-0.0014	-0.0038	-0.0088	0.0002	-0.0013	-0.0035	0.0010	-0.0026	-0.0025
Actinomycetota	-0.0337	1.0000	0.0005	0.0107	-0.0003	-0.0032	-0.0018	-0.0029	-0.0056	-0.0010	0.0056	0.0003	-0.0012	-0.0005	-0.0045	-0.0032	0.0027	0.0014	-0.0030	0.0002	-0.0050	-0.0025	-0.0010	-0.0026	-0.0053	-0.0029	-0.0038	0.0029	-0.0005	-0.0019	-0.0030	0.0001	0.0015	-0.0044	0.0007	-0.0016	-0.0004	0.0008	0.0027	-0.0034	-0.0042	-0.0038	-0.0043	-0.0068	-0.0031	0.0049	-0.0031	0.0013	-0.0051	-0.0045	0.0002	-0.0006	-0.0016	-0.0020	-0.0028	-0.0008	-0.0033	-0.0025	-0.0026	0.0033	-0.0005	-0.0024	-0.0005	-0.0026	-0.0050	0.0007	0.0039	0.0005	0.0003	-0.0014	-0.0005	0.0008	-0.0017	0.0002	-0.0040	-0.0008	0.0017	-0.0075	-0.0032	-0.0055	0.0003	-0.0020	0.0014	-0.0064	-0.0022	0.0004	-0.0019	-0.0028	-0.0009	-0.0050	0.0012	-0.0055	0.0042	-0.0012	0.0001	-0.0106	-0.0013	-0.0008	-0.0032	0.0026	-0.0032	0.0052	-0.0026	-0.0056	-0.0029	-0.0046	-0.0003
Chloroflexota	-0.0007	0.0005	1.0000	-0.0054	-0.0020	-0.0093	-0.0000	-0.0002	-0.0018	-0.0068	0.0022	-0.0015	-0.0059	0.0014	-0.0000	-0.0027	-0.0021	0.0009	-0.0033	-0.0032	-0.0040	-0.0021	-0.0012	0.0010	-0.0011	-0.0028	0.0022	0.0020	0.0005	-0.0005	-0.0015	0.0019	-0.0049	0.0007	-0.0035	0.0052	0.0013	0.0004	-0.0038	-0.0021	-0.0022	0.0030	-0.0040	-0.0020	0.0018	-0.0018	-0.0036	0.0012	0.0004	0.0026	0.0011	0.0004	-0.0010	-0.0079	-0.0053	-0.0029	-0.0008	-0.0043	-0.0028	-0.0023	-0.0015	-0.0009	-0.0036	-0.0009	0.0027	0.0007	-0.0021	-0.0028	-0.0010	-0.0003	-0.0006	-0.0023	0.0015	-0.0014	-0.0048	-0.0033	-0.0015	-0.0016	-0.0041	0.0034	-0.0031	0.0019	-0.0013	-0.0010	-0.0004	-0.0051	-0.0022	-0.0053	-0.0029	-0.0035	0.0050	-0.0068	-0.0045	-0.0026	-0.0021	0.0008	-0.0060	-0.0042	-0.0061	-0.0033	0.0036	-0.0011	-0.0031	-0.0001	-0.0023	-0.0052	-0.0006
Bacillota	-0.0381	0.0107	-0.0054	1.0000	-0.0019	0.0005	0.0002	-0.0027	-0.0026	0.0005	-0.0027	0.0016	-0.0017	0.0005	0.0017	-0.0000	-0.0015	-0.0027	-0.0031	-0.0022	0.0043	-0.0031	0.0028	-0.0028	-0.0022	-0.0012	-0.0002	-0.0020	-0.0054	-0.0048	-0.0011	0.0072	-0.0022	0.0002	-0.0034	0.0001	0.0008	-0.0037	-0.0066	-0.0033	0.0002	-0.0040	-0.0015	-0.0046	-0.0016	-0.0015	-0.0061	-0.0049	-0.0010	-0.0005	-0.0051	-0.0053	0.0020	-0.0028	-0.0037	0.0022	-0.0009	0.0002	-0.0014	-0.0030	-0.0003	-0.0024	-0.0013	-0.0017	-0.0069	-0.0001	0.0019	-0.0032	-0.0040	-0.0061	-0.0027	-0.0068	0.0003	-0.0040	0.0033	-0.0039	-0.0010	0.0105	-0.0038	-0.0049	-0.0017	-0.0047	-0.0032	-0.0009	-0.0032	-0.0030	-0.0044	-0.0021	-0.0034	0.0026	0.0010	0.0021	-0.0003	-0.0077	-0.0011	-0.0016	0.0023	-0.0034	-0.0009	-0.0068	-0.0038	0.0003	-0.0032	0.0019	-0.0007	0.0015	0.0001
Cyanobacteriota	0.0015	-0.0003	-0.0020	-0.0019	1.0000	-0.0016	-0.0012	-0.0012	-0.0021	-0.0057	0.0028	-0.0041	0.0008	-0.0010	-0.0020	0.0004	0.0013	-0.0023	0.0016	-0.0047	0.0025	-0.0012	-0.0020	0.0040	-0.0014	-0.0030	-0.0025	-0.0030	-0.0004	-0.0007	-0.0047	-0.0001	-0.0024	0.0030	-0.0030	0.0006	-0.0007	-0.0007	-0.0054	-0.0046	-0.0084	-0.0003	0.0022	-0.0006	-0.0033	-0.0027	-0.0007	-0.0087	-0.0029	-0.0083	0.0021	-0.0035	0.0053	-0.0066	-0.0021	-0.0024	-0.0020	0.0007	-0.0037	0.0015	0.0005	0.0012	-0.0030	-0.0034	-0.0069	-0.0005	-0.0049	0.0005	-0.0004	0.0005	-0.0037	-0.0029	-0.0058	0.0036	-0.0012	-0.0017	0.0008	-0.0075	-0.0043	-0.0036	-0.0020	0.0010	-0.0029	-0.0098	-0.0024	-0.0024	-0.0001	-0.0004	-0.0027	-0.0002	-0.0001	0.0049	-0.0002	0.0019	0.0023	0.0010	0.0021	-0.0016	0.0037	0.0044	-0.0041	0.0052	-0.0024	-0.0050	0.0019	-0.0002	0.0043
Candidatus.Melainabacteria	-0.0000	-0.0032	-0.0093	0.0005	-0.0016	1.0000	-0.0055	0.0017	-0.0025	0.0000	-0.0014	0.0028	-0.0006	-0.0021	-0.0043	0.0023	0.0040	0.0025	-0.0066	-0.0059	0.0008	-0.0048	-0.0060	-0.0048	-0.0014	-0.0005	-0.0007	-0.0054	-0.0082	0.0028	0.0029	0.0012	-0.0013	-0.0050	-0.0049	-0.0013	0.0024	-0.0036	0.0040	-0.0087	0.0011	0.0032	0.0007	-0.0070	-0.0026	-0.0019	0.0014	-0.0013	-0.0010	-0.0024	-0.0046	0.0023	-0.0027	-0.0000	0.0004	0.0013	-0.0040	-0.0018	-0.0049	-0.0024	-0.0058	-0.0024	-0.0038	0.0002	-0.0007	-0.0001	-0.0021	-0.0038	-0.0015	-0.0020	-0.0017	0.0056	-0.0016	0.0037	-0.0004	-0.0009	-0.0063	-0.0023	-0.0017	0.0063	-0.0020	-0.0023	-0.0005	-0.0011	-0.0037	-0.0048	-0.0016	-0.0040	-0.0057	0.0004	0.0005	-0.0049	-0.0038	0.0022	-0.0055	0.0013	-0.0023	-0.0026	-0.0049	-0.0005	-0.0025	-0.0015	-0.0032	-0.0023	-0.0037	0.0025	0.0007
Candidatus.Margulisbacteria	-0.0043	-0.0018	-0.0000	0.0002	-0.0012	-0.0055	1.0000	0.0023	-0.0065	0.0059	-0.0025	0.0020	-0.0028	-0.0003	-0.0022	-0.0056	0.0003	0.0013	-0.0003	-0.0010	-0.0022	0.0012	-0.0041	0.0005	-0.0008	-0.0049	-0.0002	0.0019	-0.0044	-0.0055	-0.0027	-0.0057	-0.0012	-0.0038	-0.0033	-0.0020	-0.0054	-0.0051	-0.0046	-0.0044	0.0021	0.0016	-0.0048	0.0023	0.0041	0.0020	0.0028	-0.0026	-0.0003	-0.0022	-0.0010	-0.0082	-0.0027	-0.0038	-0.0042	-0.0062	-0.0061	-0.0014	0.0036	0.0003	-0.0002	-0.0053	-0.0021	-0.0072	0.0004	-0.0018	0.0022	0.0035	-0.0010	-0.0042	-0.0016	-0.0035	-0.0019	-0.0044	-0.0029	0.0026	-0.0020	-0.0004	-0.0027	0.0069	-0.0048	0.0022	-0.0002	-0.0008	-0.0009	0.0004	-0.0035	-0.0026	0.0014	-0.0031	-0.0007	-0.0038	-0.0030	-0.0021	-0.0019	-0.0014	-0.0015	0.0009	-0.0001	-0.0071	-0.0004	-0.0003	-0.0035	-0.0030	-0.0033	-0.0027	0.0004
Deinococcota	-0.0032	-0.0029	-0.0002	-0.0027	-0.0012	0.0017	0.0023	1.0000	-0.0051	0.0026	-0.0025	0.0039	-0.0035	0.0017	-0.0063	0.0031	-0.0079	0.0003	-0.0007	-0.0005	-0.0063	-0.0017	-0.0018	0.0073	-0.0028	0.0017	0.0045	-0.0039	0.0010	0.0006	-0.0053	-0.0005	0.0011	0.0028	-0.0029	0.0007	-0.0021	-0.0020	-0.0016	-0.0024	0.0014	-0.0021	0.0050	0.0025	-0.0015	-0.0088	-0.0032	-0.0058	0.0001	0.0005	-0.0032	0.0009	-0.0058	-0.0071	0.0017	-0.0027	-0.0026	0.0001	-0.0013	-0.0006	0.0007	0.0042	-0.0018	-0.0035	-0.0023	-0.0014	-0.0029	0.0013	-0.0031	-0.0044	-0.0006	0.0016	-0.0018	0.0017	0.0014	-0.0070	-0.0016	-0.0006	-0.0037	-0.0002	-0.0026	-0.0020	-0.0039	-0.0029	0.0029	-0.0050	-0.0011	-0.0048	0.0008	0.0022	-0.0045	0.0010	-0.0010	-0.0001	-0.0051	-0.0001	-0.0036	0.0041	0.0013	0.0036	-0.0008	-0.0026	-0.0005	-0.0027	-0.0040	-0.0048	-0.0012
Armatimonadota	-0.0014	-0.0056	-0.0018	-0.0026	-0.0021	-0.0025	-0.0065	-0.0051	1.0000	0.0035	-0.0051	-0.0038	-0.0013	-0.0023	0.0008	0.0002	-0.0003	-0.0024	-0.0016	-0.0088	-0.0046	-0.0041	-0.0072	-0.0040	-0.0005	-0.0061	-0.0005	-0.0082	-0.0018	0.0040	-0.0022	-0.0049	0.0012	0.0013	0.0015	0.0021	-0.0007	-0.0023	0.0029	0.0012	-0.0007	-0.0055	-0.0028	-0.0064	-0.0037	-0.0016	0.0015	-0.0041	0.0002	0.0015	0.0006	-0.0019	-0.0009	-0.0009	0.0014	-0.0027	-0.0061	-0.0019	-0.0004	-0.0039	-0.0006	-0.0035	0.0017	0.0003	-0.0008	-0.0023	0.0036	-0.0009	-0.0047	-0.0031	0.0004	-0.0038	-0.0043	-0.0012	-0.0036	0.0001	-0.0074	0.0031	0.0026	-0.0021	-0.0082	-0.0030	-0.0018	-0.0021	-0.0044	-0.0033	-0.0027	0.0042	0.0000	0.0018	-0.0000	-0.0049	-0.0025	-0.0039	0.0020	-0.0059	0.0048	0.0044	-0.0009	0.0032	0.0012	-0.0001	0.0018	0.0006	-0.0059	0.0015	0.0020
Mycoplasmatota	0.0012	-0.0010	-0.0068	0.0005	-0.0057	0.0000	0.0059	0.0026	0.0035	1.0000	0.0019	0.0007	-0.0016	-0.0041	-0.0008	0.0012	-0.0055	-0.0049	-0.0047	0.0024	-0.0049	0.0002	-0.0018	-0.0003	-0.0001	-0.0054	-0.0014	-0.0049	0.0008	-0.0044	0.0053	0.0028	0.0030	-0.0006	-0.0021	-0.0033	-0.0014	-0.0039	-0.0043	-0.0043	0.0016	-0.0031	-0.0043	0.0059	0.0013	-0.0041	-0.0049	0.0006	0.0009	-0.0030	0.0001	-0.0013	0.0004	-0.0033	-0.0054	0.0040	-0.0035	0.0031	-0.0065	0.0000	-0.0008	-0.0033	-0.0027	0.0001	0.0029	0.0002	-0.0013	-0.0013	-0.0033	0.0053	-0.0002	-0.0038	0.0021	-0.0025	-0.0026	-0.0004	-0.0027	0.0013	-0.0047	0.0031	-0.0010	-0.0072	0.0001	-0.0027	-0.0069	-0.0055	-0.0053	0.0017	0.0008	-0.0003	0.0043	-0.0036	-0.0023	-0.0009	-0.0050	0.0030	-0.0001	-0.0064	-0.0013	-0.0073	-0.0020	0.0001	-0.0017	-0.0008	-0.0002	-0.0005	-0.0019
Thermomicrobiota	-0.0016	0.0056	0.0022	-0.0027	0.0028	-0.0014	-0.0025	-0.0025	-0.0051	0.0019	1.0000	-0.0017	-0.0028	0.0002	-0.0021	-0.0017	-0.0001	-0.0019	0.0044	-0.0059	-0.0018	0.0010	-0.0025	-0.0051	-0.0056	0.0005	-0.0030	0.0004	-0.0035	-0.0046	-0.0067	-0.0051	0.0003	-0.0047	0.0006	0.0019	0.0030	-0.0007	-0.0028	-0.0009	-0.0032	-0.0031	-0.0025	0.0022	-0.0002	0.0030	-0.0029	0.0000	0.0022	-0.0029	-0.0001	0.0011	-0.0012	-0.0014	-0.0006	-0.0055	-0.0016	0.0018	-0.0021	-0.0017	-0.0032	-0.0011	-0.0006	-0.0006	-0.0012	-0.0012	0.0010	-0.0007	-0.0057	-0.0019	-0.0004	-0.0045	0.0023	0.0026	-0.0017	-0.0017	-0.0002	-0.0031	0.0053	0.0013	-0.0066	-0.0030	-0.0035	-0.0047	-0.0058	-0.0055	-0.0014	-0.0030	-0.0033	0.0001	-0.0033	0.0032	-0.0013	-0.0022	-0.0008	-0.0077	0.0012	-0.0021	-0.0014	-0.0014	-0.0033	-0.0050	-0.0016	0.0030	0.0000	-0.0022	-0.0022
Candidatus.Kaiserbacteria	0.0025	0.0003	-0.0015	0.0016	-0.0041	0.0028	0.0020	0.0039	-0.0038	0.0007	-0.0017	1.0000	-0.0036	-0.0078	-0.0030	-0.0005	-0.0011	0.0051	0.0013	-0.0038	-0.0024	-0.0041	0.0004	-0.0061	-0.0076	-0.0066	-0.0067	-0.0002	-0.0032	-0.0047	0.0028	0.0009	0.0002	-0.0014	-0.0028	-0.0009	-0.0028	-0.0028	0.0011	0.0012	-0.0024	-0.0048	0.0038	-0.0023	0.0003	-0.0008	0.0013	-0.0058	-0.0015	-0.0046	-0.0085	-0.0032	-0.0029	-0.0065	-0.0024	0.0013	-0.0036	-0.0017	-0.0017	0.0006	0.0027	-0.0052	0.0004	-0.0041	-0.0019	-0.0033	0.0019	-0.0018	-0.0046	-0.0017	0.0010	-0.0037	-0.0013	0.0005	0.0006	-0.0018	-0.0036	0.0006	-0.0090	-0.0064	-0.0012	0.0060	0.0007	-0.0017	-0.0033	-0.0041	-0.0043	0.0016	-0.0017	-0.0014	-0.0025	0.0045	0.0032	0.0034	-0.0037	-0.0040	-0.0057	-0.0012	-0.0036	-0.0053	0.0035	-0.0034	-0.0034	-0.0028	-0.0009	-0.0068	-0.0016
Candidatus.Nomurabacteria	0.0048	-0.0012	-0.0059	-0.0017	0.0008	-0.0006	-0.0028	-0.0035	-0.0013	-0.0016	-0.0028	-0.0036	1.0000	-0.0028	0.0014	-0.0006	0.0009	-0.0016	-0.0014	-0.0058	0.0001	-0.0014	-0.0051	-0.0061	0.0005	-0.0019	-0.0023	-0.0016	0.0021	-0.0028	-0.0001	-0.0038	-0.0021	-0.0042	-0.0049	0.0001	0.0006	0.0020	-0.0077	-0.0058	-0.0035	0.0036	-0.0009	-0.0064	-0.0033	-0.0032	-0.0054	-0.0063	-0.0040	-0.0000	-0.0012	-0.0015	-0.0034	-0.0039	-0.0017	-0.0058	0.0013	-0.0005	0.0010	0.0009	0.0032	0.0001	-0.0010	-0.0012	0.0009	0.0010	-0.0017	-0.0003	0.0012	0.0040	-0.0059	-0.0035	0.0005	-0.0000	-0.0036	0.0060	-0.0056	-0.0001	-0.0044	-0.0006	0.0006	-0.0025	-0.0042	0.0008	-0.0038	-0.0003	-0.0030	0.0001	-0.0008	-0.0042	-0.0030	-0.0006	-0.0037	-0.0014	-0.0083	-0.0046	-0.0009	-0.0015	-0.0021	-0.0012	-0.0041	-0.0084	-0.0011	0.0009	-0.0008	-0.0025	-0.0048
Candidatus.Yanofskybacteria	-0.0017	-0.0005	0.0014	0.0005	-0.0010	-0.0021	-0.0003	0.0017	-0.0023	-0.0041	0.0002	-0.0078	-0.0028	1.0000	-0.0004	-0.0033	-0.0003	0.0004	0.0001	-0.0013	-0.0032	0.0004	0.0029	-0.0041	-0.0036	0.0035	-0.0032	-0.0051	-0.0001	-0.0046	-0.0022	-0.0015	0.0022	0.0031	0.0014	-0.0018	-0.0016	-0.0019	-0.0018	-0.0014	0.0008	0.0036	-0.0058	-0.0050	-0.0078	-0.0058	-0.0034	-0.0028	-0.0027	-0.0048	-0.0039	-0.0031	-0.0056	-0.0021	-0.0055	-0.0020	-0.0007	-0.0055	-0.0063	0.0040	-0.0021	-0.0018	-0.0044	0.0029	-0.0001	-0.0020	0.0005	-0.0036	0.0014	-0.0064	-0.0008	-0.0071	-0.0028	0.0008	-0.0032	-0.0052	-0.0015	-0.0001	0.0015	-0.0009	-0.0050	-0.0013	-0.0055	-0.0016	-0.0060	-0.0001	-0.0030	-0.0010	-0.0008	-0.0036	-0.0029	0.0024	-0.0017	-0.0013	-0.0019	-0.0012	0.0031	-0.0024	-0.0041	-0.0049	-0.0051	0.0012	-0.0051	0.0020	-0.0032	-0.0014	0.0033
Candidatus.Falkowbacteria	-0.0028	-0.0045	-0.0000	0.0017	-0.0020	-0.0043	-0.0022	-0.0063	0.0008	-0.0008	-0.0021	-0.0030	0.0014	-0.0004	1.0000	-0.0031	-0.0081	0.0028	0.0008	-0.0033	0.0039	-0.0063	0.0007	0.0024	0.0043	-0.0030	0.0008	0.0010	-0.0063	-0.0045	-0.0039	-0.0009	-0.0007	0.0007	-0.0038	-0.0019	0.0019	-0.0007	-0.0051	-0.0048	-0.0033	-0.0017	0.0017	-0.0009	-0.0054	-0.0000	-0.0032	0.0015	0.0025	-0.0041	0.0005	-0.0021	-0.0049	-0.0068	-0.0062	-0.0018	-0.0042	-0.0059	-0.0008	-0.0101	-0.0040	0.0001	0.0009	-0.0040	0.0005	-0.0024	-0.0004	0.0008	-0.0072	0.0015	-0.0025	-0.0037	0.0033	-0.0014	-0.0049	-0.0023	0.0007	-0.0013	-0.0001	0.0033	-0.0056	-0.0012	-0.0028	0.0006	0.0003	-0.0039	-0.0035	-0.0020	-0.0019	-0.0052	-0.0040	0.0045	-0.0018	-0.0055	-0.0018	-0.0061	-0.0013	0.0023	-0.0003	-0.0002	0.0002	-0.0008	0.0028	-0.0032	0.0019	-0.0017	0.0020
Candidatus.Magasanikbacteria	0.0041	-0.0032	-0.0027	-0.0000	0.0004	0.0023	-0.0056	0.0031	0.0002	0.0012	-0.0017	-0.0005	-0.0006	-0.0033	-0.0031	1.0000	-0.0061	-0.0015	-0.0003	-0.0051	0.0021	0.0024	0.0014	0.0016	-0.0027	-0.0015	-0.0019	-0.0053	-0.0005	-0.0057	0.0008	0.0038	-0.0032	-0.0030	0.0031	-0.0015	-0.0064	-0.0002	-0.0037	0.0003	-0.0054	-0.0008	-0.0068	-0.0007	-0.0007	-0.0016	-0.0086	0.0016	-0.0040	0.0020	0.0000	-0.0031	0.0023	-0.0039	-0.0010	-0.0060	-0.0023	0.0048	-0.0017	0.0017	-0.0035	-0.0030	-0.0013	-0.0008	-0.0067	-0.0017	-0.0017	-0.0005	-0.0031	-0.0026	-0.0051	-0.0007	-0.0014	-0.0020	0.0042	-0.0020	-0.0025	0.0028	-0.0007	-0.0024	-0.0022	-0.0012	0.0012	-0.0004	-0.0044	-0.0067	-0.0017	-0.0052	-0.0005	-0.0028	-0.0042	-0.0048	0.0006	-0.0031	-0.0046	0.0036	0.0000	0.0007	-0.0028	0.0002	-0.0002	-0.0043	-0.0002	0.0017	-0.0011	-0.0025	-0.0031
Candidatus.Nealsonbacteria	-0.0015	0.0027	-0.0021	-0.0015	0.0013	0.0040	0.0003	-0.0079	-0.0003	-0.0055	-0.0001	-0.0011	0.0009	-0.0003	-0.0081	-0.0061	1.0000	0.0006	-0.0028	-0.0033	-0.0040	-0.0043	-0.0002	-0.0016	-0.0026	0.0007	0.0013	-0.0081	-0.0021	-0.0040	-0.0003	-0.0003	-0.0030	-0.0024	-0.0022	-0.0031	-0.0030	-0.0036	-0.0067	-0.0038	0.0013	-0.0035	0.0030	-0.0017	-0.0053	-0.0021	-0.0055	0.0013	-0.0039	0.0014	-0.0035	-0.0064	-0.0026	0.0020	-0.0061	-0.0043	-0.0050	-0.0008	-0.0044	-0.0065	0.0035	0.0013	-0.0025	-0.0026	-0.0021	-0.0011	-0.0004	0.0002	-0.0027	0.0001	0.0004	0.0009	0.0030	-0.0043	0.0020	-0.0053	0.0008	-0.0033	-0.0026	0.0020	0.0000	-0.0071	0.0010	-0.0024	0.0035	0.0035	0.0049	-0.0040	-0.0037	-0.0010	-0.0020	-0.0021	-0.0014	-0.0089	-0.0041	-0.0031	-0.0021	0.0020	0.0006	0.0008	0.0008	0.0024	-0.0008	0.0055	-0.0045	-0.0020	-0.0008
Candidatus.Uhrbacteria	-0.0027	0.0014	0.0009	-0.0027	-0.0023	0.0025	0.0013	0.0003	-0.0024	-0.0049	-0.0019	0.0051	-0.0016	0.0004	0.0028	-0.0015	0.0006	1.0000	-0.0054	-0.0006	-0.0040	0.0013	-0.0062	-0.0012	-0.0017	-0.0018	-0.0044	0.0042	-0.0002	-0.0026	-0.0006	-0.0016	-0.0009	0.0009	0.0006	-0.0040	-0.0000	0.0019	0.0012	-0.0005	0.0029	-0.0051	-0.0009	-0.0002	-0.0060	-0.0005	-0.0023	0.0013	0.0004	-0.0013	0.0025	-0.0071	-0.0065	0.0001	0.0003	-0.0062	0.0012	-0.0053	-0.0048	-0.0011	0.0038	-0.0046	-0.0006	-0.0026	-0.0030	-0.0029	-0.0022	-0.0015	-0.0022	-0.0011	-0.0006	0.0016	-0.0045	-0.0009	0.0003	0.0001	0.0015	0.0052	0.0005	-0.0027	-0.0023	0.0006	0.0004	-0.0030	-0.0009	-0.0030	-0.0012	0.0008	-0.0027	-0.0067	0.0004	-0.0016	-0.0064	-0.0055	-0.0029	-0.0017	-0.0014	-0.0044	-0.0032	0.0010	-0.0048	-0.0020	-0.0056	0.0035	-0.0005	-0.0034	-0.0086
Candidatus.Giovannonibacteria	-0.0058	-0.0030	-0.0033	-0.0031	0.0016	-0.0066	-0.0003	-0.0007	-0.0016	-0.0047	0.0044	0.0013	-0.0014	0.0001	0.0008	-0.0003	-0.0028	-0.0054	1.0000	-0.0031	-0.0061	0.0010	0.0020	-0.0007	-0.0035	0.0016	-0.0068	0.0012	0.0018	-0.0001	-0.0028	-0.0005	-0.0010	-0.0005	-0.0031	-0.0003	-0.0013	0.0021	0.0028	-0.0049	-0.0053	0.0004	-0.0042	0.0026	0.0001	-0.0035	-0.0022	0.0020	0.0010	-0.0033	0.0038	-0.0047	0.0018	-0.0032	0.0030	-0.0003	-0.0041	-0.0034	0.0017	-0.0012	-0.0035	-0.0056	-0.0003	-0.0045	-0.0032	-0.0018	-0.0037	-0.0023	-0.0016	-0.0009	-0.0068	-0.0030	-0.0013	0.0049	-0.0014	-0.0027	-0.0046	-0.0055	-0.0016	-0.0032	0.0013	0.0004	0.0003	-0.0061	-0.0048	0.0002	0.0035	-0.0008	-0.0019	-0.0040	-0.0024	-0.0024	-0.0087	-0.0025	0.0014	-0.0026	-0.0022	-0.0087	0.0002	-0.0023	-0.0059	-0.0016	0.0002	0.0039	-0.0006	0.0015	0.0001
Candidatus.Moranbacteria	0.0006	0.0002	-0.0032	-0.0022	-0.0047	-0.0059	-0.0010	-0.0005	-0.0088	0.0024	-0.0059	-0.0038	-0.0058	-0.0013	-0.0033	-0.0051	-0.0033	-0.0006	-0.0031	1.0000	-0.0037	-0.0049	-0.0053	-0.0007	0.0032	-0.0074	-0.0028	0.0021	0.0007	-0.0010	0.0011	-0.0007	-0.0059	0.0011	0.0026	0.0002	-0.0030	-0.0011	-0.0040	-0.0055	-0.0021	0.0002	0.0007	-0.0001	-0.0074	-0.0034	0.0032	-0.0054	-0.0024	0.0019	0.0020	-0.0042	-0.0028	-0.0040	-0.0071	-0.0011	0.0015	-0.0008	0.0018	0.0026	0.0019	0.0007	-0.0041	-0.0014	-0.0003	-0.0063	-0.0039	0.0015	-0.0026	-0.0009	0.0008	-0.0038	-0.0028	-0.0004	-0.0036	0.0024	-0.0029	0.0016	0.0028	0.0007	0.0031	-0.0042	-0.0045	0.0046	-0.0022	-0.0024	-0.0056	0.0025	0.0004	-0.0012	-0.0021	0.0011	-0.0005	0.0000	0.0001	-0.0016	-0.0033	-0.0018	-0.0007	-0.0011	-0.0024	-0.0007	-0.0044	-0.0033	-0.0044	-0.0042	-0.0010
Candidatus.Zambryskibacteria	-0.0033	-0.0050	-0.0040	0.0043	0.0025	0.0008	-0.0022	-0.0063	-0.0046	-0.0049	-0.0018	-0.0024	0.0001	-0.0032	0.0039	0.0021	-0.0040	-0.0040	-0.0061	-0.0037	1.0000	-0.0032	0.0011	-0.0033	0.0049	-0.0002	-0.0034	0.0023	0.0004	-0.0008	-0.0006	0.0010	-0.0096	-0.0025	0.0029	0.0050	0.0007	-0.0038	-0.0109	0.0007	-0.0018	0.0030	-0.0081	0.0002	0.0017	0.0008	0.0017	-0.0007	-0.0071	-0.0012	-0.0029	0.0010	0.0004	-0.0031	-0.0014	-0.0020	-0.0008	-0.0049	-0.0001	-0.0030	-0.0017	-0.0025	-0.0065	-0.0029	0.0005	-0.0053	0.0010	-0.0040	-0.0031	0.0007	-0.0010	-0.0068	0.0033	-0.0011	0.0031	0.0001	-0.0057	-0.0079	-0.0017	-0.0005	-0.0013	-0.0016	-0.0048	-0.0040	0.0053	-0.0010	0.0016	-0.0060	0.0020	0.0032	0.0001	-0.0058	0.0002	-0.0064	0.0004	-0.0031	-0.0003	0.0031	-0.0050	0.0007	0.0002	0.0006	0.0007	0.0034	-0.0042	-0.0031	0.0028
Candidatus.Staskawiczbacteria	-0.0041	-0.0025	-0.0021	-0.0031	-0.0012	-0.0048	0.0012	-0.0017	-0.0041	0.0002	0.0010	-0.0041	-0.0014	0.0004	-0.0063	0.0024	-0.0043	0.0013	0.0010	-0.0049	-0.0032	1.0000	-0.0043	-0.0046	0.0046	-0.0009	-0.0034	-0.0013	-0.0017	-0.0042	-0.0014	-0.0083	-0.0026	-0.0020	0.0019	-0.0018	-0.0052	0.0017	-0.0053	-0.0025	-0.0025	-0.0023	0.0000	-0.0034	-0.0006	-0.0035	-0.0013	-0.0061	-0.0050	0.0035	-0.0016	-0.0076	-0.0028	-0.0035	-0.0050	-0.0030	-0.0038	-0.0024	0.0048	-0.0037	-0.0034	-0.0015	-0.0013	0.0029	0.0029	-0.0033	-0.0034	-0.0018	-0.0097	0.0008	-0.0041	-0.0024	-0.0014	-0.0016	-0.0053	0.0032	-0.0035	-0.0013	-0.0033	0.0035	0.0071	0.0001	-0.0067	-0.0003	0.0005	0.0027	-0.0025	-0.0006	-0.0022	-0.0014	-0.0019	0.0018	-0.0024	0.0018	0.0017	0.0006	-0.0032	-0.0046	0.0019	-0.0005	0.0028	-0.0012	-0.0022	-0.0040	-0.0093	0.0017	-0.0032
Candidatus.Wolfebacteria	-0.0004	-0.0010	-0.0012	0.0028	-0.0020	-0.0060	-0.0041	-0.0018	-0.0072	-0.0018	-0.0025	0.0004	-0.0051	0.0029	0.0007	0.0014	-0.0002	-0.0062	0.0020	-0.0053	0.0011	-0.0043	1.0000	0.0009	-0.0020	-0.0039	-0.0005	0.0012	-0.0027	-0.0029	-0.0031	-0.0012	-0.0039	-0.0000	-0.0049	-0.0021	0.0000	-0.0001	0.0034	-0.0014	0.0003	-0.0004	0.0006	0.0008	-0.0002	-0.0043	-0.0025	-0.0024	-0.0011	-0.0022	-0.0010	-0.0013	-0.0030	0.0013	0.0016	-0.0069	-0.0028	-0.0035	0.0007	-0.0031	-0.0044	-0.0025	-0.0018	-0.0045	0.0026	-0.0069	-0.0092	-0.0005	-0.0012	0.0028	-0.0009	-0.0005	0.0007	0.0004	0.0005	-0.0045	0.0006	-0.0003	0.0001	-0.0056	-0.0087	-0.0019	-0.0003	0.0003	0.0009	-0.0008	-0.0000	-0.0039	0.0001	-0.0000	-0.0015	-0.0008	-0.0024	0.0034	-0.0035	-0.0007	-0.0030	-0.0020	-0.0031	-0.0051	0.0002	-0.0005	-0.0014	0.0015	-0.0040	0.0018	-0.0040
Candidatus.Harrisonbacteria	-0.0006	-0.0026	0.0010	-0.0028	0.0040	-0.0048	0.0005	0.0073	-0.0040	-0.0003	-0.0051	-0.0061	-0.0061	-0.0041	0.0024	0.0016	-0.0016	-0.0012	-0.0007	-0.0007	-0.0033	-0.0046	0.0009	1.0000	-0.0043	-0.0002	0.0002	0.0014	0.0023	-0.0031	-0.0016	-0.0023	-0.0003	0.0010	-0.0021	-0.0012	-0.0034	-0.0015	-0.0021	-0.0015	0.0004	-0.0043	0.0010	-0.0028	-0.0069	-0.0066	-0.0038	-0.0035	-0.0020	-0.0027	0.0007	-0.0003	-0.0049	-0.0062	-0.0018	-0.0010	0.0022	0.0005	0.0046	-0.0043	-0.0017	0.0006	-0.0008	0.0001	-0.0014	-0.0007	-0.0000	-0.0010	-0.0022	-0.0001	0.0008	-0.0044	0.0018	-0.0011	-0.0002	-0.0013	-0.0038	0.0003	-0.0022	-0.0037	0.0035	-0.0044	-0.0033	-0.0036	0.0030	-0.0010	-0.0027	-0.0017	0.0002	-0.0017	-0.0012	0.0012	0.0007	-0.0007	-0.0004	-0.0015	-0.0020	-0.0018	-0.0011	-0.0026	0.0024	-0.0005	0.0005	-0.0053	-0.0036	-0.0004	-0.0016
Candidatus.Taylorbacteria	0.0022	-0.0053	-0.0011	-0.0022	-0.0014	-0.0014	-0.0008	-0.0028	-0.0005	-0.0001	-0.0056	-0.0076	0.0005	-0.0036	0.0043	-0.0027	-0.0026	-0.0017	-0.0035	0.0032	0.0049	0.0046	-0.0020	-0.0043	1.0000	-0.0020	-0.0006	-0.0011	-0.0023	-0.0023	-0.0032	-0.0001	0.0014	0.0009	-0.0008	0.0028	-0.0025	0.0003	-0.0049	-0.0015	-0.0045	-0.0024	-0.0042	0.0005	-0.0024	-0.0018	-0.0025	-0.0006	-0.0062	0.0010	-0.0021	0.0017	-0.0002	0.0011	-0.0006	-0.0036	-0.0001	-0.0031	0.0005	-0.0026	0.0019	-0.0030	-0.0069	0.0011	0.0014	-0.0024	-0.0031	0.0004	-0.0039	0.0011	0.0003	0.0002	-0.0007	0.0032	-0.0013	-0.0004	-0.0031	-0.0041	0.0007	-0.0018	-0.0047	-0.0048	0.0028	-0.0003	-0.0012	0.0027	-0.0065	-0.0015	0.0011	-0.0035	-0.0080	-0.0017	0.0039	-0.0036	-0.0015	-0.0003	0.0003	-0.0036	-0.0080	-0.0015	-0.0055	-0.0035	0.0001	-0.0023	-0.0008	-0.0012	-0.0004
Candidatus.Buchananbacteria	0.0011	-0.0029	-0.0028	-0.0012	-0.0030	-0.0005	-0.0049	0.0017	-0.0061	-0.0054	0.0005	-0.0066	-0.0019	0.0035	-0.0030	-0.0015	0.0007	-0.0018	0.0016	-0.0074	-0.0002	-0.0009	-0.0039	-0.0002	-0.0020	1.0000	-0.0038	0.0018	0.0007	-0.0011	-0.0056	-0.0075	-0.0029	-0.0017	0.0019	0.0003	0.0025	-0.0034	-0.0011	-0.0030	-0.0003	0.0000	0.0008	0.0014	-0.0039	-0.0050	-0.0057	-0.0029	0.0013	-0.0001	0.0003	-0.0012	0.0011	0.0000	-0.0024	-0.0070	0.0001	-0.0046	-0.0004	-0.0009	0.0020	-0.0033	-0.0031	0.0031	-0.0053	-0.0037	-0.0020	0.0002	-0.0033	-0.0001	-0.0042	-0.0008	-0.0002	-0.0090	-0.0011	-0.0032	-0.0008	-0.0070	-0.0034	-0.0065	0.0026	-0.0024	-0.0038	-0.0033	-0.0012	-0.0007	0.0041	-0.0042	-0.0022	0.0011	-0.0041	-0.0086	0.0050	0.0044	-0.0074	-0.0052	-0.0001	-0.0071	-0.0004	0.0025	-0.0020	-0.0007	-0.0060	-0.0006	0.0005	0.0007	-0.0020
Candidatus.Jorgensenbacteria	-0.0048	-0.0038	0.0022	-0.0002	-0.0025	-0.0007	-0.0002	0.0045	-0.0005	-0.0014	-0.0030	-0.0067	-0.0023	-0.0032	0.0008	-0.0019	0.0013	-0.0044	-0.0068	-0.0028	-0.0034	-0.0034	-0.0005	0.0002	-0.0006	-0.0038	1.0000	-0.0034	-0.0007	0.0003	-0.0089	0.0003	-0.0019	0.0035	-0.0048	-0.0033	-0.0004	-0.0018	-0.0043	-0.0033	-0.0010	0.0046	-0.0034	0.0023	0.0007	0.0001	0.0024	0.0056	-0.0041	-0.0036	-0.0002	-0.0020	-0.0050	-0.0012	0.0030	0.0005	-0.0019	-0.0004	-0.0047	-0.0042	-0.0016	-0.0031	-0.0001	0.0034	-0.0004	0.0003	-0.0031	0.0054	-0.0009	-0.0022	-0.0009	-0.0014	-0.0009	-0.0017	-0.0006	-0.0048	-0.0005	0.0031	-0.0017	-0.0051	-0.0029	0.0003	-0.0010	-0.0003	-0.0029	0.0022	-0.0013	-0.0026	-0.0035	-0.0037	-0.0039	-0.0003	-0.0038	0.0029	-0.0025	-0.0020	-0.0034	-0.0019	-0.0038	-0.0047	0.0013	-0.0043	-0.0057	-0.0008	-0.0057	-0.0062	0.0004
Candidatus.Liptonbacteria	0.0033	0.0029	0.0020	-0.0020	-0.0030	-0.0054	0.0019	-0.0039	-0.0082	-0.0049	0.0004	-0.0002	-0.0016	-0.0051	0.0010	-0.0053	-0.0081	0.0042	0.0012	0.0021	0.0023	-0.0013	0.0012	0.0014	-0.0011	0.0018	-0.0034	1.0000	-0.0041	-0.0039	-0.0022	-0.0012	0.0017	0.0003	-0.0021	0.0003	0.0005	-0.0022	-0.0022	0.0011	-0.0008	0.0008	-0.0005	-0.0025	0.0052	-0.0025	0.0007	-0.0028	0.0001	-0.0046	-0.0007	-0.0014	0.0038	0.0057	-0.0036	-0.0047	-0.0046	-0.0002	-0.0045	0.0024	-0.0035	0.0000	-0.0081	-0.0051	0.0018	0.0001	0.0030	-0.0037	-0.0010	-0.0069	-0.0008	-0.0047	0.0007	-0.0044	-0.0077	0.0044	-0.0000	-0.0034	-0.0038	-0.0051	-0.0106	-0.0023	0.0005	-0.0009	0.0002	-0.0019	-0.0006	-0.0018	-0.0010	0.0044	-0.0006	-0.0025	-0.0045	-0.0090	-0.0020	0.0025	-0.0037	-0.0026	-0.0019	-0.0036	-0.0026	-0.0046	0.0040	-0.0051	-0.0038	-0.0030	-0.0069
Candidatus.Ryanbacteria	0.0004	-0.0005	0.0005	-0.0054	-0.0004	-0.0082	-0.0044	0.0010	-0.0018	0.0008	-0.0035	-0.0032	0.0021	-0.0001	-0.0063	-0.0005	-0.0021	-0.0002	0.0018	0.0007	0.0004	-0.0017	-0.0027	0.0023	-0.0023	0.0007	-0.0007	-0.0041	1.0000	-0.0020	0.0007	-0.0048	-0.0050	-0.0072	0.0010	-0.0059	0.0008	-0.0010	0.0008	-0.0017	-0.0015	0.0036	-0.0092	0.0008	-0.0038	-0.0038	-0.0045	-0.0016	-0.0017	-0.0023	0.0003	0.0020	0.0007	-0.0012	-0.0042	-0.0080	0.0023	0.0012	-0.0016	0.0014	-0.0079	-0.0047	-0.0003	0.0016	0.0031	-0.0007	-0.0040	0.0022	-0.0042	-0.0008	-0.0065	-0.0020	-0.0066	0.0006	-0.0030	-0.0074	-0.0013	-0.0033	0.0039	-0.0014	-0.0007	-0.0093	-0.0083	0.0005	0.0017	0.0004	0.0025	0.0007	-0.0038	-0.0015	0.0016	-0.0056	-0.0025	-0.0055	-0.0040	-0.0040	-0.0003	-0.0009	-0.0009	-0.0026	-0.0009	-0.0035	0.0023	-0.0041	-0.0024	-0.0033	0.0000
Candidatus.Komeilibacteria	0.0000	-0.0019	-0.0005	-0.0048	-0.0007	0.0028	-0.0055	0.0006	0.0040	-0.0044	-0.0046	-0.0047	-0.0028	-0.0046	-0.0045	-0.0057	-0.0040	-0.0026	-0.0001	-0.0010	-0.0008	-0.0042	-0.0029	-0.0031	-0.0023	-0.0011	0.0003	-0.0039	-0.0020	1.0000	-0.0020	-0.0039	0.0019	0.0008	-0.0055	0.0010	0.0029	-0.0041	-0.0065	0.0017	-0.0006	-0.0012	0.0002	-0.0006	0.0024	-0.0088	0.0029	-0.0038	0.0011	0.0025	-0.0057	-0.0017	-0.0020	-0.0028	-0.0022	-0.0051	-0.0013	-0.0017	-0.0045	-0.0042	-0.0043	-0.0044	0.0031	0.0028	0.0016	-0.0024	-0.0021	-0.0042	-0.0058	0.0005	0.0037	-0.0048	-0.0001	-0.0011	-0.0045	-0.0019	0.0002	-0.0051	-0.0014	-0.0022	-0.0036	0.0033	-0.0041	-0.0032	-0.0016	-0.0048	-0.0030	0.0006	-0.0015	0.0023	-0.0091	-0.0002	-0.0096	0.0023	-0.0017	-0.0016	-0.0069	-0.0018	-0.0030	0.0014	0.0038	-0.0039	-0.0027	0.0008	-0.0030	-0.0001	0.0006
Candidatus.Kerfeldbacteria	0.0017	-0.0030	-0.0015	-0.0011	-0.0047	0.0029	-0.0027	-0.0053	-0.0022	0.0053	-0.0067	0.0028	-0.0001	-0.0022	-0.0039	0.0008	-0.0003	-0.0006	-0.0028	0.0011	-0.0006	-0.0014	-0.0031	-0.0016	-0.0032	-0.0056	-0.0089	-0.0022	0.0007	-0.0020	1.0000	-0.0046	-0.0004	0.0008	-0.0001	-0.0005	-0.0042	0.0016	-0.0032	-0.0014	-0.0061	-0.0049	-0.0032	-0.0036	-0.0011	-0.0012	-0.0036	-0.0019	-0.0036	-0.0036	-0.0015	-0.0043	-0.0009	-0.0032	-0.0031	-0.0028	-0.0028	-0.0013	0.0039	0.0026	-0.0002	0.0006	0.0003	-0.0006	-0.0048	-0.0062	-0.0026	-0.0009	0.0021	0.0009	-0.0042	-0.0032	-0.0021	0.0000	0.0045	-0.0013	-0.0024	0.0013	-0.0011	-0.0029	-0.0022	-0.0001	-0.0046	-0.0059	0.0009	-0.0016	-0.0041	-0.0028	-0.0033	-0.0015	-0.0009	-0.0021	-0.0019	0.0003	-0.0037	-0.0042	0.0030	-0.0030	-0.0016	-0.0071	0.0009	-0.0015	-0.0012	0.0004	0.0036	-0.0008	0.0026
Candidatus.Terrybacteria	0.0017	0.0001	0.0019	0.0072	-0.0001	0.0012	-0.0057	-0.0005	-0.0049	0.0028	-0.0051	0.0009	-0.0038	-0.0015	-0.0009	0.0038	-0.0003	-0.0016	-0.0005	-0.0007	0.0010	-0.0083	-0.0012	-0.0023	-0.0001	-0.0075	0.0003	-0.0012	-0.0048	-0.0039	-0.0046	1.0000	-0.0029	0.0038	0.0035	0.0012	-0.0015	-0.0020	-0.0021	-0.0018	0.0011	0.0014	0.0012	-0.0014	-0.0013	-0.0020	-0.0015	-0.0029	-0.0022	-0.0050	0.0006	-0.0067	-0.0105	-0.0025	-0.0024	-0.0057	-0.0047	-0.0026	0.0057	0.0043	-0.0014	0.0005	-0.0022	-0.0059	-0.0069	0.0018	0.0003	-0.0024	-0.0016	0.0003	-0.0035	-0.0017	-0.0048	-0.0016	-0.0076	-0.0005	0.0020	-0.0028	-0.0010	-0.0011	-0.0014	-0.0001	-0.0031	-0.0010	-0.0021	-0.0028	0.0011	0.0023	-0.0027	-0.0018	0.0053	-0.0029	0.0067	-0.0012	-0.0017	0.0006	-0.0016	0.0005	-0.0004	-0.0009	-0.0037	-0.0016	0.0019	0.0009	-0.0032	-0.0018	-0.0001
Candidatus.Spechtbacteria	-0.0013	0.0015	-0.0049	-0.0022	-0.0024	-0.0013	-0.0012	0.0011	0.0012	0.0030	0.0003	0.0002	-0.0021	0.0022	-0.0007	-0.0032	-0.0030	-0.0009	-0.0010	-0.0059	-0.0096	-0.0026	-0.0039	-0.0003	0.0014	-0.0029	-0.0019	0.0017	-0.0050	0.0019	-0.0004	-0.0029	1.0000	-0.0031	-0.0052	-0.0009	0.0028	-0.0013	-0.0020	-0.0037	0.0017	-0.0026	0.0003	-0.0000	0.0018	0.0044	0.0027	-0.0021	-0.0009	-0.0003	-0.0020	-0.0040	-0.0046	-0.0024	0.0021	-0.0037	-0.0012	-0.0036	-0.0008	-0.0022	0.0003	-0.0024	-0.0070	0.0027	-0.0036	-0.0077	-0.0002	-0.0067	-0.0003	-0.0008	-0.0056	-0.0047	-0.0050	-0.0018	0.0021	-0.0062	-0.0010	-0.0043	0.0015	-0.0041	-0.0053	-0.0015	0.0009	0.0010	-0.0012	-0.0004	-0.0072	0.0001	0.0045	0.0029	0.0006	-0.0011	-0.0041	-0.0003	0.0004	-0.0033	-0.0030	-0.0038	-0.0017	0.0001	-0.0036	0.0002	0.0012	-0.0013	-0.0039	-0.0050	0.0001
Candidatus.Parcubacteria	-0.0009	-0.0044	0.0007	0.0002	0.0030	-0.0050	-0.0038	0.0028	0.0013	-0.0006	-0.0047	-0.0014	-0.0042	0.0031	0.0007	-0.0030	-0.0024	0.0009	-0.0005	0.0011	-0.0025	-0.0020	-0.0000	0.0010	0.0009	-0.0017	0.0035	0.0003	-0.0072	0.0008	0.0008	0.0038	-0.0031	1.0000	-0.0072	-0.0070	-0.0029	0.0018	-0.0039	0.0001	-0.0049	0.0023	-0.0038	-0.0019	-0.0065	-0.0045	-0.0006	0.0004	-0.0029	-0.0065	0.0002	-0.0062	-0.0002	-0.0029	0.0006	-0.0046	-0.0023	-0.0006	-0.0026	-0.0025	-0.0024	-0.0011	-0.0011	0.0002	-0.0020	-0.0041	-0.0092	-0.0023	-0.0043	0.0011	-0.0015	-0.0010	-0.0006	-0.0032	-0.0036	-0.0015	-0.0023	-0.0069	0.0023	0.0008	-0.0021	-0.0005	0.0009	-0.0061	0.0015	-0.0034	0.0009	-0.0004	-0.0052	-0.0045	-0.0043	-0.0025	0.0018	-0.0028	-0.0014	-0.0041	-0.0002	0.0015	-0.0007	-0.0004	-0.0029	0.0001	-0.0068	0.0001	0.0004	-0.0049	-0.0034
Candidatus.Woesebacteria	-0.0005	0.0007	-0.0035	-0.0034	-0.0030	-0.0049	-0.0033	-0.0029	0.0015	-0.0021	0.0006	-0.0028	-0.0049	0.0014	-0.0038	0.0031	-0.0022	0.0006	-0.0031	0.0026	0.0029	0.0019	-0.0049	-0.0021	-0.0008	0.0019	-0.0048	-0.0021	0.0010	-0.0055	-0.0001	0.0035	-0.0052	-0.0072	1.0000	-0.0017	0.0040	0.0018	-0.0041	-0.0034	-0.0045	-0.0017	-0.0054	-0.0015	-0.0002	-0.0013	0.0069	-0.0010	-0.0008	0.0002	-0.0077	-0.0022	-0.0037	-0.0018	0.0025	-0.0017	0.0038	-0.0021	-0.0023	-0.0025	-0.0013	-0.0059	0.0020	-0.0024	-0.0053	-0.0052	-0.0006	0.0013	-0.0024	-0.0004	0.0026	0.0003	0.0025	-0.0002	-0.0024	-0.0022	0.0025	-0.0024	0.0035	-0.0068	-0.0040	-0.0018	-0.0000	-0.0044	0.0009	-0.0058	0.0010	-0.0046	-0.0021	-0.0028	-0.0018	0.0005	0.0005	-0.0008	-0.0006	0.0033	-0.0041	-0.0021	0.0012	-0.0029	-0.0030	-0.0019	-0.0047	-0.0024	0.0006	-0.0015	-0.0003
Candidatus.Gottesmanbacteria	0.0014	-0.0016	0.0052	0.0001	0.0006	-0.0013	-0.0020	0.0007	0.0021	-0.0033	0.0019	-0.0009	0.0001	-0.0018	-0.0019	-0.0015	-0.0031	-0.0040	-0.0003	0.0002	0.0050	-0.0018	-0.0021	-0.0012	0.0028	0.0003	-0.0033	0.0003	-0.0059	0.0010	-0.0005	0.0012	-0.0009	-0.0070	-0.0017	1.0000	-0.0079	-0.0068	0.0007	-0.0016	-0.0020	-0.0006	0.0018	-0.0036	-0.0063	-0.0028	-0.0034	-0.0003	-0.0007	-0.0025	0.0044	-0.0030	0.0043	-0.0040	0.0013	-0.0032	0.0027	-0.0039	-0.0023	-0.0012	-0.0095	-0.0014	-0.0055	-0.0025	-0.0020	0.0000	-0.0003	-0.0050	-0.0055	-0.0028	0.0047	0.0014	0.0015	-0.0125	0.0015	-0.0015	-0.0065	0.0025	-0.0002	-0.0040	-0.0005	0.0015	-0.0038	-0.0082	-0.0068	-0.0062	0.0011	-0.0057	0.0055	-0.0019	-0.0026	-0.0021	-0.0049	-0.0002	-0.0041	-0.0040	-0.0079	-0.0006	-0.0037	-0.0024	-0.0039	0.0006	0.0009	-0.0073	-0.0016	-0.0009	-0.0009
Candidatus.Roizmanbacteria	0.0026	-0.0004	0.0013	0.0008	-0.0007	0.0024	-0.0054	-0.0021	-0.0007	-0.0014	0.0030	-0.0028	0.0006	-0.0016	0.0019	-0.0064	-0.0030	-0.0000	-0.0013	-0.0030	0.0007	-0.0052	0.0000	-0.0034	-0.0025	0.0025	-0.0004	0.0005	0.0008	0.0029	-0.0042	-0.0015	0.0028	-0.0029	0.0040	-0.0079	1.0000	0.0007	-0.0041	-0.0011	-0.0063	-0.0061	-0.0057	0.0006	-0.0064	0.0034	-0.0026	-0.0072	-0.0008	-0.0077	-0.0020	0.0049	-0.0002	-0.0034	-0.0030	0.0013	-0.0012	0.0027	-0.0042	-0.0052	0.0015	-0.0037	0.0019	-0.0023	-0.0067	-0.0016	0.0055	-0.0074	0.0002	0.0004	0.0018	0.0022	-0.0033	-0.0049	-0.0064	-0.0002	0.0019	0.0048	-0.0090	-0.0013	-0.0008	-0.0003	-0.0045	-0.0017	-0.0028	0.0013	-0.0043	-0.0011	-0.0042	-0.0086	-0.0021	-0.0014	0.0064	0.0020	-0.0003	0.0002	0.0008	0.0015	-0.0116	-0.0025	-0.0009	-0.0060	-0.0040	-0.0001	-0.0008	-0.0006	-0.0006
Candidatus.Levybacteria	-0.0015	0.0008	0.0004	-0.0037	-0.0007	-0.0036	-0.0051	-0.0020	-0.0023	-0.0039	-0.0007	-0.0028	0.0020	-0.0019	-0.0007	-0.0002	-0.0036	0.0019	0.0021	-0.0011	-0.0038	0.0017	-0.0001	-0.0015	0.0003	-0.0034	-0.0018	-0.0022	-0.0010	-0.0041	0.0016	-0.0020	-0.0013	0.0018	0.0018	-0.0068	0.0007	1.0000	-0.0000	-0.0020	-0.0022	-0.0019	-0.0009	-0.0076	0.0011	0.0054	-0.0032	-0.0040	-0.0025	0.0023	0.0018	-0.0019	-0.0027	-0.0078	-0.0039	-0.0060	-0.0025	-0.0067	0.0046	-0.0041	-0.0066	-0.0018	-0.0077	-0.0045	-0.0034	-0.0019	-0.0012	0.0024	0.0026	-0.0006	-0.0010	-0.0037	-0.0023	0.0011	-0.0055	-0.0034	-0.0005	-0.0082	0.0011	-0.0089	0.0027	0.0003	-0.0017	-0.0053	-0.0027	-0.0049	0.0026	-0.0021	-0.0014	-0.0011	-0.0038	0.0047	-0.0021	0.0005	-0.0011	-0.0022	0.0046	-0.0013	-0.0059	-0.0006	-0.0020	-0.0006	0.0042	0.0011	-0.0011	-0.0023	0.0063
Candidatus.Daviesbacteria	-0.0042	0.0027	-0.0038	-0.0066	-0.0054	0.0040	-0.0046	-0.0016	0.0029	-0.0043	-0.0028	0.0011	-0.0077	-0.0018	-0.0051	-0.0037	-0.0067	0.0012	0.0028	-0.0040	-0.0109	-0.0053	0.0034	-0.0021	-0.0049	-0.0011	-0.0043	-0.0022	0.0008	-0.0065	-0.0032	-0.0021	-0.0020	-0.0039	-0.0041	0.0007	-0.0041	-0.0000	1.0000	-0.0038	-0.0019	-0.0014	0.0037	0.0012	0.0016	-0.0090	-0.0065	0.0016	0.0005	-0.0037	-0.0044	-0.0027	0.0032	-0.0059	-0.0004	-0.0059	-0.0045	0.0006	-0.0041	0.0023	-0.0009	-0.0023	0.0009	-0.0060	-0.0005	-0.0001	0.0015	-0.0068	-0.0038	0.0024	-0.0049	-0.0061	-0.0034	-0.0054	-0.0019	0.0003	-0.0047	0.0000	-0.0008	-0.0009	-0.0005	0.0029	0.0011	-0.0051	-0.0023	-0.0069	-0.0024	0.0004	-0.0059	-0.0041	0.0018	0.0022	0.0022	0.0035	-0.0017	0.0003	-0.0001	-0.0014	-0.0020	-0.0012	0.0001	0.0012	0.0006	-0.0012	0.0006	-0.0034	0.0004
Candidatus.Curtissbacteria	0.0028	-0.0034	-0.0021	-0.0033	-0.0046	-0.0087	-0.0044	-0.0024	0.0012	-0.0043	-0.0009	0.0012	-0.0058	-0.0014	-0.0048	0.0003	-0.0038	-0.0005	-0.0049	-0.0055	0.0007	-0.0025	-0.0014	-0.0015	-0.0015	-0.0030	-0.0033	0.0011	-0.0017	0.0017	-0.0014	-0.0018	-0.0037	0.0001	-0.0034	-0.0016	-0.0011	-0.0020	-0.0038	1.0000	-0.0011	-0.0073	-0.0044	-0.0070	-0.0043	-0.0020	-0.0012	0.0052	-0.0041	-0.0000	0.0052	0.0049	-0.0014	0.0020	0.0000	-0.0020	-0.0030	-0.0002	-0.0030	-0.0040	0.0003	0.0050	-0.0036	-0.0063	-0.0038	0.0036	-0.0042	-0.0068	-0.0006	-0.0033	-0.0018	-0.0006	0.0002	0.0032	-0.0080	-0.0068	-0.0003	-0.0020	-0.0023	-0.0038	0.0017	0.0009	0.0002	-0.0035	0.0006	-0.0012	-0.0032	-0.0017	-0.0015	-0.0000	-0.0001	0.0007	0.0015	0.0021	-0.0057	-0.0052	0.0036	-0.0056	0.0003	-0.0028	-0.0012	-0.0034	-0.0001	-0.0022	-0.0014	0.0027	-0.0036
Candidatus.Shapirobacteria	0.0000	-0.0042	-0.0022	0.0002	-0.0084	0.0011	0.0021	0.0014	-0.0007	0.0016	-0.0032	-0.0024	-0.0035	0.0008	-0.0033	-0.0054	0.0013	0.0029	-0.0053	-0.0021	-0.0018	-0.0025	0.0003	0.0004	-0.0045	-0.0003	-0.0010	-0.0008	-0.0015	-0.0006	-0.0061	0.0011	0.0017	-0.0049	-0.0045	-0.0020	-0.0063	-0.0022	-0.0019	-0.0011	1.0000	-0.0017	-0.0031	-0.0027	-0.0009	-0.0040	-0.0073	-0.0002	-0.0003	0.0002	-0.0073	-0.0032	-0.0045	-0.0016	-0.0014	0.0030	0.0020	-0.0056	-0.0010	-0.0022	-0.0014	-0.0053	-0.0026	-0.0038	-0.0006	0.0004	-0.0019	-0.0022	-0.0048	-0.0001	-0.0037	-0.0026	-0.0011	-0.0010	-0.0018	-0.0034	0.0021	-0.0002	-0.0060	-0.0001	-0.0020	-0.0029	-0.0008	-0.0022	0.0003	-0.0058	-0.0010	0.0011	-0.0021	-0.0002	0.0007	0.0013	-0.0013	-0.0013	-0.0010	0.0008	-0.0019	-0.0029	-0.0014	-0.0031	-0.0036	-0.0002	0.0039	-0.0007	-0.0027	-0.0061	-0.0024
Candidatus.Beckwithbacteria	0.0055	-0.0038	0.0030	-0.0040	-0.0003	0.0032	0.0016	-0.0021	-0.0055	-0.0031	-0.0031	-0.0048	0.0036	0.0036	-0.0017	-0.0008	-0.0035	-0.0051	0.0004	0.0002	0.0030	-0.0023	-0.0004	-0.0043	-0.0024	0.0000	0.0046	0.0008	0.0036	-0.0012	-0.0049	0.0014	-0.0026	0.0023	-0.0017	-0.0006	-0.0061	-0.0019	-0.0014	-0.0073	-0.0017	1.0000	-0.0002	-0.0069	-0.0016	-0.0050	-0.0067	-0.0030	0.0025	0.0007	0.0012	-0.0053	-0.0011	-0.0050	-0.0015	-0.0000	0.0005	-0.0025	0.0016	-0.0035	-0.0009	-0.0024	0.0017	0.0001	-0.0003	0.0004	0.0017	0.0044	-0.0018	-0.0023	-0.0036	0.0009	-0.0046	-0.0013	0.0019	-0.0075	-0.0043	-0.0036	-0.0027	-0.0039	0.0027	-0.0056	-0.0002	-0.0067	-0.0004	-0.0013	-0.0002	-0.0003	-0.0002	-0.0073	-0.0038	-0.0092	-0.0016	0.0017	-0.0058	0.0048	-0.0043	-0.0051	-0.0016	-0.0060	-0.0027	0.0032	-0.0034	-0.0015	-0.0071	-0.0072	-0.0037
Candidatus.Amesbacteria	-0.0011	-0.0043	-0.0040	-0.0015	0.0022	0.0007	-0.0048	0.0050	-0.0028	-0.0043	-0.0025	0.0038	-0.0009	-0.0058	0.0017	-0.0068	0.0030	-0.0009	-0.0042	0.0007	-0.0081	0.0000	0.0006	0.0010	-0.0042	0.0008	-0.0034	-0.0005	-0.0092	0.0002	-0.0032	0.0012	0.0003	-0.0038	-0.0054	0.0018	-0.0057	-0.0009	0.0037	-0.0044	-0.0031	-0.0002	1.0000	-0.0028	-0.0021	-0.0007	-0.0065	-0.0032	0.0041	-0.0025	-0.0004	-0.0021	-0.0029	-0.0009	-0.0018	0.0003	-0.0031	-0.0042	0.0013	-0.0043	-0.0022	-0.0069	-0.0009	0.0040	-0.0011	-0.0025	-0.0056	-0.0007	0.0008	-0.0015	-0.0024	-0.0011	0.0000	-0.0039	-0.0044	0.0037	0.0031	-0.0007	0.0010	0.0015	-0.0021	0.0005	-0.0017	-0.0016	0.0005	-0.0029	0.0003	-0.0012	0.0024	0.0010	-0.0012	-0.0068	-0.0060	-0.0058	-0.0011	-0.0028	0.0017	0.0015	-0.0020	-0.0057	0.0048	-0.0071	-0.0017	0.0026	0.0023	-0.0004	-0.0010
Candidatus.Collierbacteria	0.0025	-0.0068	-0.0020	-0.0046	-0.0006	-0.0070	0.0023	0.0025	-0.0064	0.0059	0.0022	-0.0023	-0.0064	-0.0050	-0.0009	-0.0007	-0.0017	-0.0002	0.0026	-0.0001	0.0002	-0.0034	0.0008	-0.0028	0.0005	0.0014	0.0023	-0.0025	0.0008	-0.0006	-0.0036	-0.0014	-0.0000	-0.0019	-0.0015	-0.0036	0.0006	-0.0076	0.0012	-0.0070	-0.0027	-0.0069	-0.0028	1.0000	-0.0030	-0.0017	-0.0069	-0.0010	-0.0005	0.0008	-0.0025	-0.0014	0.0004	-0.0082	0.0014	-0.0008	-0.0006	-0.0088	-0.0037	-0.0016	0.0006	-0.0034	-0.0000	-0.0051	-0.0069	-0.0005	-0.0031	-0.0003	-0.0011	-0.0005	0.0037	-0.0006	0.0026	-0.0038	-0.0049	-0.0003	-0.0023	0.0008	-0.0052	-0.0011	0.0026	-0.0032	0.0060	0.0007	0.0028	0.0022	-0.0037	-0.0029	0.0013	-0.0037	-0.0064	0.0065	-0.0053	-0.0008	-0.0014	0.0030	-0.0025	-0.0005	0.0013	-0.0018	0.0023	0.0002	-0.0054	-0.0011	-0.0022	-0.0037	-0.0041
Candidatus.Woykebacteria	-0.0012	-0.0031	0.0018	-0.0016	-0.0033	-0.0026	0.0041	-0.0015	-0.0037	0.0013	-0.0002	0.0003	-0.0033	-0.0078	-0.0054	-0.0007	-0.0053	-0.0060	0.0001	-0.0074	0.0017	-0.0006	-0.0002	-0.0069	-0.0024	-0.0039	0.0007	0.0052	-0.0038	0.0024	-0.0011	-0.0013	0.0018	-0.0065	-0.0002	-0.0063	-0.0064	0.0011	0.0016	-0.0043	-0.0009	-0.0016	-0.0021	-0.0030	1.0000	-0.0006	-0.0018	-0.0032	0.0058	0.0012	-0.0028	-0.0025	-0.0040	-0.0001	-0.0026	0.0003	-0.0058	-0.0002	-0.0056	-0.0023	0.0006	-0.0032	-0.0044	-0.0012	-0.0040	-0.0004	-0.0028	0.0006	-0.0059	-0.0053	-0.0046	-0.0008	-0.0009	-0.0010	-0.0065	-0.0034	0.0023	0.0021	0.0016	-0.0024	-0.0029	-0.0043	-0.0021	-0.0028	-0.0019	-0.0003	-0.0057	-0.0051	-0.0036	0.0023	0.0003	-0.0007	0.0024	-0.0049	0.0026	-0.0049	-0.0001	-0.0007	-0.0005	-0.0036	-0.0004	-0.0043	0.0019	0.0000	-0.0042	-0.0015	-0.0021
Candidatus.Pacebacteria	-0.0009	0.0049	-0.0018	-0.0015	-0.0027	-0.0019	0.0020	-0.0088	-0.0016	-0.0041	0.0030	-0.0008	-0.0032	-0.0058	-0.0000	-0.0016	-0.0021	-0.0005	-0.0035	-0.0034	0.0008	-0.0035	-0.0043	-0.0066	-0.0018	-0.0050	0.0001	-0.0025	-0.0038	-0.0088	-0.0012	-0.0020	0.0044	-0.0045	-0.0013	-0.0028	0.0034	0.0054	-0.0090	-0.0020	-0.0040	-0.0050	-0.0007	-0.0017	-0.0006	1.0000	0.0038	-0.0018	-0.0027	0.0009	-0.0035	0.0002	0.0017	-0.0024	-0.0051	-0.0028	-0.0036	-0.0001	-0.0022	-0.0002	-0.0074	-0.0015	-0.0002	0.0022	-0.0027	0.0001	-0.0001	-0.0018	-0.0002	0.0009	-0.0005	-0.0007	0.0027	-0.0020	-0.0019	-0.0060	-0.0050	-0.0003	0.0036	-0.0007	-0.0025	-0.0040	-0.0022	-0.0045	-0.0027	0.0005	0.0056	-0.0005	-0.0054	0.0041	-0.0017	-0.0038	0.0033	-0.0034	0.0020	-0.0047	-0.0004	-0.0045	-0.0060	-0.0008	-0.0056	-0.0037	-0.0024	-0.0034	-0.0020	-0.0047	0.0023
Candidatus.Microgenomates	0.0037	-0.0031	-0.0036	-0.0061	-0.0007	0.0014	0.0028	-0.0032	0.0015	-0.0049	-0.0029	0.0013	-0.0054	-0.0034	-0.0032	-0.0086	-0.0055	-0.0023	-0.0022	0.0032	0.0017	-0.0013	-0.0025	-0.0038	-0.0025	-0.0057	0.0024	0.0007	-0.0045	0.0029	-0.0036	-0.0015	0.0027	-0.0006	0.0069	-0.0034	-0.0026	-0.0032	-0.0065	-0.0012	-0.0073	-0.0067	-0.0065	-0.0069	-0.0018	0.0038	1.0000	0.0023	-0.0027	-0.0047	-0.0026	-0.0030	0.0015	-0.0032	0.0006	0.0025	-0.0007	0.0001	-0.0020	-0.0028	-0.0024	-0.0016	0.0003	0.0044	0.0017	-0.0017	0.0028	-0.0063	0.0029	0.0008	0.0036	-0.0000	-0.0055	-0.0026	-0.0034	0.0030	-0.0018	0.0009	-0.0001	-0.0052	-0.0022	-0.0027	-0.0009	0.0020	-0.0053	-0.0057	-0.0027	0.0028	-0.0060	0.0015	-0.0002	0.0024	0.0036	-0.0006	-0.0030	-0.0044	-0.0015	-0.0023	-0.0043	-0.0024	-0.0017	0.0021	-0.0043	-0.0005	-0.0003	-0.0028	-0.0050
Candidatus.Gracilibacteria	-0.0001	0.0013	0.0012	-0.0049	-0.0087	-0.0013	-0.0026	-0.0058	-0.0041	0.0006	0.0000	-0.0058	-0.0063	-0.0028	0.0015	0.0016	0.0013	0.0013	0.0020	-0.0054	-0.0007	-0.0061	-0.0024	-0.0035	-0.0006	-0.0029	0.0056	-0.0028	-0.0016	-0.0038	-0.0019	-0.0029	-0.0021	0.0004	-0.0010	-0.0003	-0.0072	-0.0040	0.0016	0.0052	-0.0002	-0.0030	-0.0032	-0.0010	-0.0032	-0.0018	0.0023	1.0000	-0.0037	-0.0011	0.0013	-0.0004	0.0033	0.0024	0.0005	-0.0064	-0.0046	-0.0058	-0.0050	0.0002	0.0018	-0.0024	-0.0056	-0.0010	-0.0023	-0.0051	0.0021	-0.0037	0.0005	-0.0014	-0.0025	-0.0012	-0.0010	0.0014	-0.0036	-0.0040	0.0017	-0.0008	-0.0065	-0.0035	-0.0017	-0.0062	-0.0009	-0.0010	-0.0028	-0.0040	-0.0039	-0.0007	0.0027	0.0016	-0.0050	-0.0026	0.0019	0.0033	-0.0061	-0.0007	-0.0028	-0.0077	-0.0030	0.0008	0.0025	-0.0013	0.0039	-0.0003	-0.0030	0.0029	0.0016
Candidatus.Rokubacteria	-0.0028	-0.0051	0.0004	-0.0010	-0.0029	-0.0010	-0.0003	0.0001	0.0002	0.0009	0.0022	-0.0015	-0.0040	-0.0027	0.0025	-0.0040	-0.0039	0.0004	0.0010	-0.0024	-0.0071	-0.0050	-0.0011	-0.0020	-0.0062	0.0013	-0.0041	0.0001	-0.0017	0.0011	-0.0036	-0.0022	-0.0009	-0.0029	-0.0008	-0.0007	-0.0008	-0.0025	0.0005	-0.0041	-0.0003	0.0025	0.0041	-0.0005	0.0058	-0.0027	-0.0027	-0.0037	1.0000	-0.0013	-0.0022	-0.0033	-0.0006	-0.0037	-0.0017	-0.0035	-0.0029	0.0001	-0.0071	-0.0104	0.0024	0.0010	0.0014	0.0016	0.0015	-0.0028	0.0030	-0.0064	-0.0038	-0.0014	-0.0016	-0.0024	-0.0050	-0.0010	-0.0024	-0.0048	-0.0016	-0.0040	-0.0055	-0.0038	0.0018	-0.0000	0.0045	-0.0023	0.0007	-0.0044	-0.0057	-0.0008	-0.0078	-0.0034	-0.0007	-0.0062	-0.0025	-0.0021	-0.0030	0.0030	0.0036	0.0015	-0.0015	0.0015	-0.0046	-0.0016	0.0052	0.0024	-0.0021	-0.0050	-0.0043
Candidatus.Handelsmanbacteria	-0.0052	-0.0045	0.0026	-0.0005	-0.0083	-0.0024	-0.0022	0.0005	0.0015	-0.0030	-0.0029	-0.0046	-0.0000	-0.0048	-0.0041	0.0020	0.0014	-0.0013	-0.0033	0.0019	-0.0012	0.0035	-0.0022	-0.0027	0.0010	-0.0001	-0.0036	-0.0046	-0.0023	0.0025	-0.0036	-0.0050	-0.0003	-0.0065	0.0002	-0.0025	-0.0077	0.0023	-0.0037	-0.0000	0.0002	0.0007	-0.0025	0.0008	0.0012	0.0009	-0.0047	-0.0011	-0.0013	1.0000	-0.0037	-0.0027	-0.0004	0.0080	-0.0027	-0.0010	-0.0015	0.0014	-0.0025	-0.0018	-0.0076	0.0024	0.0004	-0.0008	0.0006	0.0001	-0.0037	-0.0001	0.0032	-0.0078	-0.0074	-0.0013	0.0011	-0.0063	0.0008	0.0028	0.0005	-0.0031	-0.0025	-0.0042	0.0021	0.0004	-0.0012	-0.0023	-0.0003	-0.0036	-0.0006	-0.0041	0.0014	0.0044	-0.0033	-0.0040	-0.0019	0.0019	0.0015	-0.0032	-0.0001	-0.0037	-0.0010	-0.0049	0.0031	-0.0010	0.0012	-0.0010	-0.0037	-0.0010	0.0014
Candidatus.Schekmanbacteria	-0.0025	0.0002	0.0011	-0.0051	0.0021	-0.0046	-0.0010	-0.0032	0.0006	0.0001	-0.0001	-0.0085	-0.0012	-0.0039	0.0005	0.0000	-0.0035	0.0025	0.0038	0.0020	-0.0029	-0.0016	-0.0010	0.0007	-0.0021	0.0003	-0.0002	-0.0007	0.0003	-0.0057	-0.0015	0.0006	-0.0020	0.0002	-0.0077	0.0044	-0.0020	0.0018	-0.0044	0.0052	-0.0073	0.0012	-0.0004	-0.0025	-0.0028	-0.0035	-0.0026	0.0013	-0.0022	-0.0037	1.0000	-0.0016	0.0014	-0.0033	0.0002	-0.0068	0.0011	-0.0108	-0.0002	-0.0014	0.0017	-0.0008	-0.0035	-0.0061	-0.0066	-0.0015	-0.0041	0.0015	-0.0051	-0.0103	-0.0021	-0.0028	0.0038	-0.0030	-0.0026	-0.0065	-0.0004	-0.0041	-0.0001	-0.0046	-0.0005	0.0005	-0.0036	-0.0025	-0.0041	-0.0049	-0.0021	-0.0000	-0.0008	0.0009	-0.0087	-0.0031	-0.0040	0.0005	-0.0086	-0.0000	0.0023	-0.0075	-0.0050	-0.0013	-0.0052	-0.0060	0.0001	-0.0036	-0.0011	-0.0011	0.0018
Candidatus.Aminicenantes	-0.0078	-0.0006	0.0004	-0.0053	-0.0035	0.0023	-0.0082	0.0009	-0.0019	-0.0013	0.0011	-0.0032	-0.0015	-0.0031	-0.0021	-0.0031	-0.0064	-0.0071	-0.0047	-0.0042	0.0010	-0.0076	-0.0013	-0.0003	0.0017	-0.0012	-0.0020	-0.0014	0.0020	-0.0017	-0.0043	-0.0067	-0.0040	-0.0062	-0.0022	-0.0030	0.0049	-0.0019	-0.0027	0.0049	-0.0032	-0.0053	-0.0021	-0.0014	-0.0025	0.0002	-0.0030	-0.0004	-0.0033	-0.0027	-0.0016	1.0000	-0.0035	0.0014	-0.0052	-0.0054	-0.0031	0.0003	-0.0024	-0.0033	-0.0022	0.0037	-0.0015	-0.0015	-0.0003	-0.0000	-0.0013	-0.0037	0.0016	0.0008	-0.0012	0.0023	0.0064	-0.0033	-0.0030	-0.0003	-0.0013	-0.0018	0.0070	-0.0033	-0.0006	-0.0021	-0.0009	-0.0053	-0.0012	-0.0036	-0.0070	0.0037	-0.0002	-0.0047	-0.0075	-0.0039	0.0011	0.0012	-0.0013	-0.0004	-0.0005	-0.0016	-0.0002	-0.0039	0.0016	0.0020	-0.0014	-0.0047	-0.0043	-0.0004	-0.0012
candidate.division.WWE3	-0.0014	-0.0016	-0.0010	0.0020	0.0053	-0.0027	-0.0027	-0.0058	-0.0009	0.0004	-0.0012	-0.0029	-0.0034	-0.0056	-0.0049	0.0023	-0.0026	-0.0065	0.0018	-0.0028	0.0004	-0.0028	-0.0030	-0.0049	-0.0002	0.0011	-0.0050	0.0038	0.0007	-0.0020	-0.0009	-0.0105	-0.0046	-0.0002	-0.0037	0.0043	-0.0002	-0.0027	0.0032	-0.0014	-0.0045	-0.0011	-0.0029	0.0004	-0.0040	0.0017	0.0015	0.0033	-0.0006	-0.0004	0.0014	-0.0035	1.0000	-0.0040	-0.0019	0.0002	-0.0043	-0.0067	-0.0002	-0.0031	0.0013	-0.0074	-0.0042	-0.0055	0.0027	-0.0019	0.0010	-0.0049	0.0022	-0.0002	0.0051	-0.0034	-0.0082	-0.0007	-0.0055	-0.0052	-0.0023	-0.0058	-0.0009	0.0030	0.0071	0.0027	-0.0042	-0.0009	-0.0025	-0.0001	-0.0008	0.0014	0.0005	0.0006	-0.0007	-0.0024	0.0013	-0.0005	0.0045	-0.0017	0.0025	-0.0007	-0.0047	-0.0029	-0.0025	-0.0072	-0.0017	-0.0079	0.0012	-0.0027	-0.0033
Candidatus.Peregrinibacteria	0.0019	-0.0020	-0.0079	-0.0028	-0.0066	-0.0000	-0.0038	-0.0071	-0.0009	-0.0033	-0.0014	-0.0065	-0.0039	-0.0021	-0.0068	-0.0039	0.0020	0.0001	-0.0032	-0.0040	-0.0031	-0.0035	0.0013	-0.0062	0.0011	0.0000	-0.0012	0.0057	-0.0012	-0.0028	-0.0032	-0.0025	-0.0024	-0.0029	-0.0018	-0.0040	-0.0034	-0.0078	-0.0059	0.0020	-0.0016	-0.0050	-0.0009	-0.0082	-0.0001	-0.0024	-0.0032	0.0024	-0.0037	0.0080	-0.0033	0.0014	-0.0040	1.0000	-0.0005	-0.0028	0.0042	-0.0007	-0.0025	0.0043	-0.0030	-0.0003	0.0041	0.0005	-0.0043	-0.0029	-0.0029	0.0026	-0.0053	-0.0006	0.0028	0.0017	-0.0028	0.0017	0.0003	-0.0005	-0.0029	-0.0007	-0.0046	-0.0018	-0.0044	-0.0018	-0.0037	-0.0076	0.0075	-0.0014	-0.0012	0.0028	-0.0001	-0.0027	-0.0041	-0.0002	-0.0005	-0.0026	0.0008	-0.0029	0.0016	-0.0009	-0.0020	0.0005	0.0030	0.0019	-0.0030	-0.0023	-0.0022	-0.0063	-0.0088
Candidatus.Doudnabacteria	-0.0004	-0.0028	-0.0053	-0.0037	-0.0021	0.0004	-0.0042	0.0017	0.0014	-0.0054	-0.0006	-0.0024	-0.0017	-0.0055	-0.0062	-0.0010	-0.0061	0.0003	0.0030	-0.0071	-0.0014	-0.0050	0.0016	-0.0018	-0.0006	-0.0024	0.0030	-0.0036	-0.0042	-0.0022	-0.0031	-0.0024	0.0021	0.0006	0.0025	0.0013	-0.0030	-0.0039	-0.0004	0.0000	-0.0014	-0.0015	-0.0018	0.0014	-0.0026	-0.0051	0.0006	0.0005	-0.0017	-0.0027	0.0002	-0.0052	-0.0019	-0.0005	1.0000	-0.0054	-0.0043	0.0010	-0.0032	-0.0003	0.0013	-0.0051	-0.0017	0.0003	0.0010	-0.0032	0.0032	-0.0002	-0.0003	-0.0031	-0.0030	-0.0002	0.0043	-0.0024	-0.0058	-0.0008	-0.0040	-0.0033	-0.0006	0.0024	-0.0041	0.0024	0.0008	-0.0052	0.0018	-0.0060	0.0057	-0.0004	-0.0025	-0.0030	-0.0030	-0.0080	-0.0025	-0.0036	-0.0031	0.0000	-0.0011	-0.0005	0.0006	0.0001	0.0048	-0.0022	0.0009	0.0022	-0.0029	-0.0016	-0.0028
Candidatus.Berkelbacteria	0.0037	-0.0008	-0.0029	0.0022	-0.0024	0.0013	-0.0062	-0.0027	-0.0027	0.0040	-0.0055	0.0013	-0.0058	-0.0020	-0.0018	-0.0060	-0.0043	-0.0062	-0.0003	-0.0011	-0.0020	-0.0030	-0.0069	-0.0010	-0.0036	-0.0070	0.0005	-0.0047	-0.0080	-0.0051	-0.0028	-0.0057	-0.0037	-0.0046	-0.0017	-0.0032	0.0013	-0.0060	-0.0059	-0.0020	0.0030	-0.0000	0.0003	-0.0008	0.0003	-0.0028	0.0025	-0.0064	-0.0035	-0.0010	-0.0068	-0.0054	0.0002	-0.0028	-0.0054	1.0000	-0.0022	-0.0021	-0.0007	-0.0014	0.0002	-0.0015	0.0031	-0.0026	0.0007	-0.0052	-0.0003	-0.0013	0.0013	-0.0015	-0.0045	-0.0034	-0.0020	0.0009	0.0001	-0.0052	0.0047	-0.0034	0.0023	-0.0013	0.0017	-0.0001	0.0013	0.0002	-0.0001	-0.0037	-0.0030	-0.0037	-0.0024	0.0032	-0.0048	-0.0037	-0.0001	-0.0045	-0.0028	-0.0006	-0.0026	0.0017	0.0014	0.0008	-0.0024	-0.0029	0.0013	0.0044	0.0063	-0.0003	-0.0009
Candidatus.Gribaldobacteria	-0.0039	-0.0033	-0.0008	-0.0009	-0.0020	-0.0040	-0.0061	-0.0026	-0.0061	-0.0035	-0.0016	-0.0036	0.0013	-0.0007	-0.0042	-0.0023	-0.0050	0.0012	-0.0041	0.0015	-0.0008	-0.0038	-0.0028	0.0022	-0.0001	0.0001	-0.0019	-0.0046	0.0023	-0.0013	-0.0028	-0.0047	-0.0012	-0.0023	0.0038	0.0027	-0.0012	-0.0025	-0.0045	-0.0030	0.0020	0.0005	-0.0031	-0.0006	-0.0058	-0.0036	-0.0007	-0.0046	-0.0029	-0.0015	0.0011	-0.0031	-0.0043	0.0042	-0.0043	-0.0022	1.0000	0.0069	-0.0051	-0.0047	-0.0032	-0.0001	0.0033	-0.0021	-0.0063	-0.0003	-0.0044	-0.0008	0.0042	-0.0067	-0.0018	-0.0025	-0.0043	-0.0041	-0.0012	-0.0020	0.0001	0.0019	0.0011	-0.0033	-0.0014	-0.0021	0.0014	0.0070	-0.0040	-0.0048	0.0017	0.0025	-0.0040	0.0009	-0.0043	0.0039	-0.0006	-0.0077	0.0036	-0.0026	-0.0040	-0.0043	-0.0025	-0.0041	0.0009	-0.0054	-0.0005	-0.0009	0.0001	-0.0042	-0.0020
Candidatus.Saccharibacteria	-0.0005	-0.0025	-0.0043	0.0002	0.0007	-0.0018	-0.0014	0.0001	-0.0019	0.0031	0.0018	-0.0017	-0.0005	-0.0055	-0.0059	0.0048	-0.0008	-0.0053	-0.0034	-0.0008	-0.0049	-0.0024	-0.0035	0.0005	-0.0031	-0.0046	-0.0004	-0.0002	0.0012	-0.0017	-0.0013	-0.0026	-0.0036	-0.0006	-0.0021	-0.0039	0.0027	-0.0067	0.0006	-0.0002	-0.0056	-0.0025	-0.0042	-0.0088	-0.0002	-0.0001	0.0001	-0.0058	0.0001	0.0014	-0.0108	0.0003	-0.0067	-0.0007	0.0010	-0.0021	0.0069	1.0000	0.0002	-0.0026	0.0011	0.0011	0.0018	-0.0047	0.0018	-0.0025	-0.0015	0.0026	-0.0004	-0.0049	-0.0003	-0.0069	-0.0013	-0.0016	-0.0020	-0.0013	-0.0018	-0.0053	-0.0083	0.0038	0.0006	-0.0056	-0.0011	-0.0055	0.0019	-0.0036	-0.0035	-0.0049	-0.0042	0.0008	0.0017	0.0003	-0.0008	-0.0002	0.0014	-0.0021	-0.0051	-0.0036	-0.0044	-0.0026	-0.0100	-0.0009	-0.0057	0.0019	0.0006	-0.0008	0.0003
Candidatus.Eisenbacteria	-0.0034	-0.0026	-0.0028	-0.0014	-0.0037	-0.0049	0.0036	-0.0013	-0.0004	-0.0065	-0.0021	-0.0017	0.0010	-0.0063	-0.0008	-0.0017	-0.0044	-0.0048	0.0017	0.0018	-0.0001	0.0048	0.0007	0.0046	0.0005	-0.0004	-0.0047	-0.0045	-0.0016	-0.0045	0.0039	0.0057	-0.0008	-0.0026	-0.0023	-0.0023	-0.0042	0.0046	-0.0041	-0.0030	-0.0010	0.0016	0.0013	-0.0037	-0.0056	-0.0022	-0.0020	-0.0050	-0.0071	-0.0025	-0.0002	-0.0024	-0.0002	-0.0025	-0.0032	-0.0007	-0.0051	0.0002	1.0000	0.0012	-0.0056	-0.0011	0.0017	-0.0003	-0.0031	0.0008	-0.0036	-0.0050	0.0025	0.0025	-0.0030	-0.0024	-0.0033	-0.0032	-0.0054	-0.0016	0.0002	-0.0040	-0.0047	0.0027	-0.0059	0.0035	0.0013	-0.0036	-0.0088	-0.0015	-0.0004	-0.0004	-0.0051	-0.0024	-0.0069	0.0018	-0.0035	0.0017	-0.0070	-0.0016	-0.0011	-0.0032	0.0044	0.0025	-0.0019	-0.0034	-0.0027	-0.0028	-0.0023	0.0005	0.0037
Candidatus.Desantisbacteria	-0.0011	0.0033	-0.0023	-0.0030	0.0015	-0.0024	0.0003	-0.0006	-0.0039	0.0000	-0.0017	0.0006	0.0009	0.0040	-0.0101	0.0017	-0.0065	-0.0011	-0.0012	0.0026	-0.0030	-0.0037	-0.0031	-0.0043	-0.0026	-0.0009	-0.0042	0.0024	0.0014	-0.0042	0.0026	0.0043	-0.0022	-0.0025	-0.0025	-0.0012	-0.0052	-0.0041	0.0023	-0.0040	-0.0022	-0.0035	-0.0043	-0.0016	-0.0023	-0.0002	-0.0028	0.0002	-0.0104	-0.0018	-0.0014	-0.0033	-0.0031	0.0043	-0.0003	-0.0014	-0.0047	-0.0026	0.0012	1.0000	0.0000	-0.0020	-0.0023	-0.0008	-0.0021	-0.0023	-0.0060	-0.0085	-0.0017	0.0007	0.0032	-0.0025	-0.0021	-0.0003	0.0008	-0.0017	0.0029	0.0016	-0.0047	0.0049	0.0020	-0.0043	-0.0053	-0.0027	0.0001	-0.0063	-0.0055	0.0033	0.0003	-0.0044	0.0049	0.0014	-0.0035	-0.0064	-0.0001	-0.0011	-0.0043	-0.0026	-0.0056	-0.0010	0.0051	-0.0057	-0.0028	-0.0061	-0.0024	-0.0013	-0.0037
Candidatus.Edwardsbacteria	-0.0039	-0.0005	-0.0015	-0.0003	0.0005	-0.0058	-0.0002	0.0007	-0.0006	-0.0008	-0.0032	0.0027	0.0032	-0.0021	-0.0040	-0.0035	0.0035	0.0038	-0.0035	0.0019	-0.0017	-0.0034	-0.0044	-0.0017	0.0019	0.0020	-0.0016	-0.0035	-0.0079	-0.0043	-0.0002	-0.0014	0.0003	-0.0024	-0.0013	-0.0095	0.0015	-0.0066	-0.0009	0.0003	-0.0014	-0.0009	-0.0022	0.0006	0.0006	-0.0074	-0.0024	0.0018	0.0024	-0.0076	0.0017	-0.0022	0.0013	-0.0030	0.0013	0.0002	-0.0032	0.0011	-0.0056	0.0000	1.0000	-0.0018	-0.0036	-0.0018	-0.0071	-0.0043	0.0001	-0.0005	-0.0034	-0.0024	-0.0005	0.0000	-0.0031	-0.0005	-0.0024	-0.0051	-0.0013	-0.0023	-0.0028	-0.0007	-0.0009	-0.0028	-0.0064	-0.0038	-0.0024	-0.0039	0.0003	-0.0050	0.0000	-0.0016	0.0055	0.0041	-0.0010	0.0024	-0.0022	-0.0058	-0.0068	-0.0032	0.0034	0.0003	0.0005	-0.0023	-0.0026	-0.0018	-0.0013	-0.0021	-0.0026
Candidatus.Ratteibacteria	-0.0029	-0.0024	-0.0009	-0.0024	0.0012	-0.0024	-0.0053	0.0042	-0.0035	-0.0033	-0.0011	-0.0052	0.0001	-0.0018	0.0001	-0.0030	0.0013	-0.0046	-0.0056	0.0007	-0.0025	-0.0015	-0.0025	0.0006	-0.0030	-0.0033	-0.0031	0.0000	-0.0047	-0.0044	0.0006	0.0005	-0.0024	-0.0011	-0.0059	-0.0014	-0.0037	-0.0018	-0.0023	0.0050	-0.0053	-0.0024	-0.0069	-0.0034	-0.0032	-0.0015	-0.0016	-0.0024	0.0010	0.0024	-0.0008	0.0037	-0.0074	-0.0003	-0.0051	-0.0015	-0.0001	0.0011	-0.0011	-0.0020	-0.0018	1.0000	0.0031	-0.0051	0.0032	-0.0034	-0.0030	-0.0062	0.0021	-0.0039	0.0048	-0.0021	-0.0011	-0.0001	-0.0008	0.0002	0.0001	-0.0025	-0.0054	0.0001	-0.0034	-0.0032	-0.0046	0.0016	-0.0055	-0.0006	-0.0019	0.0001	-0.0023	-0.0005	-0.0016	-0.0006	-0.0051	0.0009	-0.0010	0.0012	-0.0034	-0.0029	-0.0026	-0.0017	-0.0033	0.0041	-0.0014	-0.0035	0.0016	0.0002	-0.0052
Candidatus.Raymondbacteria	-0.0002	-0.0005	-0.0036	-0.0013	-0.0030	-0.0038	-0.0021	-0.0018	0.0017	-0.0027	-0.0006	0.0004	-0.0010	-0.0044	0.0009	-0.0013	-0.0025	-0.0006	-0.0003	-0.0041	-0.0065	-0.0013	-0.0018	-0.0008	-0.0069	-0.0031	-0.0001	-0.0081	-0.0003	0.0031	0.0003	-0.0022	-0.0070	-0.0011	0.0020	-0.0055	0.0019	-0.0077	0.0009	-0.0036	-0.0026	0.0017	-0.0009	-0.0000	-0.0044	-0.0002	0.0003	-0.0056	0.0014	0.0004	-0.0035	-0.0015	-0.0042	0.0041	-0.0017	0.0031	0.0033	0.0018	0.0017	-0.0023	-0.0036	0.0031	1.0000	-0.0046	-0.0026	0.0020	0.0048	0.0003	0.0009	0.0028	-0.0047	-0.0017	-0.0036	-0.0029	-0.0047	-0.0029	-0.0010	-0.0005	-0.0024	-0.0018	0.0053	0.0033	0.0002	-0.0035	0.0016	0.0027	-0.0016	-0.0021	-0.0038	-0.0095	-0.0009	0.0002	-0.0020	0.0002	-0.0039	-0.0025	-0.0031	-0.0040	-0.0005	-0.0056	0.0037	-0.0015	-0.0028	-0.0013	-0.0024	-0.0013	-0.0034
Candidatus.Bipolaricaulota	0.0027	-0.0026	-0.0009	-0.0017	-0.0034	0.0002	-0.0072	-0.0035	0.0003	0.0001	-0.0006	-0.0041	-0.0012	0.0029	-0.0040	-0.0008	-0.0026	-0.0026	-0.0045	-0.0014	-0.0029	0.0029	-0.0045	0.0001	0.0011	0.0031	0.0034	-0.0051	0.0016	0.0028	-0.0006	-0.0059	0.0027	0.0002	-0.0024	-0.0025	-0.0023	-0.0045	-0.0060	-0.0063	-0.0038	0.0001	0.0040	-0.0051	-0.0012	0.0022	0.0044	-0.0010	0.0016	-0.0008	-0.0061	-0.0015	-0.0055	0.0005	0.0003	-0.0026	-0.0021	-0.0047	-0.0003	-0.0008	-0.0018	-0.0051	-0.0046	1.0000	0.0012	-0.0040	-0.0030	-0.0027	0.0012	-0.0036	-0.0054	0.0010	-0.0017	-0.0039	0.0005	0.0020	0.0009	0.0008	-0.0020	-0.0005	-0.0017	-0.0009	-0.0007	-0.0029	-0.0033	0.0014	-0.0004	0.0002	-0.0016	0.0004	0.0031	0.0007	-0.0027	-0.0025	0.0006	0.0013	-0.0014	-0.0026	-0.0007	0.0028	-0.0027	0.0033	-0.0055	-0.0016	0.0036	-0.0019	0.0003
Candidatus.Blackallbacteria	-0.0016	-0.0050	0.0027	-0.0069	-0.0069	-0.0007	0.0004	-0.0023	-0.0008	0.0029	-0.0012	-0.0019	0.0009	-0.0001	0.0005	-0.0067	-0.0021	-0.0030	-0.0032	-0.0003	0.0005	0.0029	0.0026	-0.0014	0.0014	-0.0053	-0.0004	0.0018	0.0031	0.0016	-0.0048	-0.0069	-0.0036	-0.0020	-0.0053	-0.0020	-0.0067	-0.0034	-0.0005	-0.0038	-0.0006	-0.0003	-0.0011	-0.0069	-0.0040	-0.0027	0.0017	-0.0023	0.0015	0.0006	-0.0066	-0.0003	0.0027	-0.0043	0.0010	0.0007	-0.0063	0.0018	-0.0031	-0.0021	-0.0071	0.0032	-0.0026	0.0012	1.0000	-0.0010	-0.0055	0.0048	-0.0020	0.0058	0.0017	-0.0030	-0.0060	-0.0019	0.0000	-0.0021	0.0002	-0.0004	-0.0009	-0.0006	0.0018	-0.0080	-0.0032	0.0047	-0.0003	-0.0008	0.0016	-0.0009	-0.0053	-0.0047	0.0064	0.0003	-0.0017	-0.0038	-0.0041	-0.0031	-0.0011	0.0012	-0.0055	-0.0039	-0.0045	0.0057	-0.0041	-0.0024	-0.0011	-0.0038	0.0019
candidate.division.CPR2	-0.0012	0.0007	0.0007	-0.0001	-0.0005	-0.0001	-0.0018	-0.0014	-0.0023	0.0002	-0.0012	-0.0033	0.0010	-0.0020	-0.0024	-0.0017	-0.0011	-0.0029	-0.0018	-0.0063	-0.0053	-0.0033	-0.0069	-0.0007	-0.0024	-0.0037	0.0003	0.0001	-0.0007	-0.0024	-0.0062	0.0018	-0.0077	-0.0041	-0.0052	0.0000	-0.0016	-0.0019	-0.0001	0.0036	0.0004	0.0004	-0.0025	-0.0005	-0.0004	0.0001	-0.0017	-0.0051	-0.0028	0.0001	-0.0015	-0.0000	-0.0019	-0.0029	-0.0032	-0.0052	-0.0003	-0.0025	0.0008	-0.0023	-0.0043	-0.0034	0.0020	-0.0040	-0.0010	1.0000	-0.0051	-0.0010	0.0010	-0.0075	0.0032	-0.0010	-0.0041	0.0024	-0.0046	-0.0015	-0.0064	-0.0057	-0.0034	-0.0038	-0.0039	-0.0066	-0.0051	-0.0022	0.0055	0.0008	0.0047	0.0018	-0.0083	-0.0055	-0.0016	0.0060	0.0037	0.0055	-0.0025	-0.0051	0.0015	-0.0030	-0.0004	0.0015	-0.0072	-0.0032	-0.0054	-0.0017	-0.0052	-0.0056	-0.0003
Candidatus.Fischerbacteria	0.0002	0.0039	-0.0021	0.0019	-0.0049	-0.0021	0.0022	-0.0029	0.0036	-0.0013	0.0010	0.0019	-0.0017	0.0005	-0.0004	-0.0017	-0.0004	-0.0022	-0.0037	-0.0039	0.0010	-0.0034	-0.0092	-0.0000	-0.0031	-0.0020	-0.0031	0.0030	-0.0040	-0.0021	-0.0026	0.0003	-0.0002	-0.0092	-0.0006	-0.0003	0.0055	-0.0012	0.0015	-0.0042	-0.0019	0.0017	-0.0056	-0.0031	-0.0028	-0.0001	0.0028	0.0021	0.0030	-0.0037	-0.0041	-0.0013	0.0010	-0.0029	0.0032	-0.0003	-0.0044	-0.0015	-0.0036	-0.0060	0.0001	-0.0030	0.0048	-0.0030	-0.0055	-0.0051	1.0000	0.0016	0.0023	-0.0014	-0.0059	0.0011	-0.0023	-0.0017	-0.0012	-0.0060	-0.0026	0.0002	-0.0027	-0.0030	-0.0028	-0.0041	-0.0013	-0.0011	0.0055	-0.0028	-0.0005	0.0011	-0.0011	0.0024	-0.0085	-0.0025	-0.0013	-0.0071	-0.0002	-0.0083	-0.0013	0.0014	-0.0038	0.0020	-0.0007	-0.0032	0.0015	-0.0039	-0.0020	0.0028	-0.0007
Candidatus.Absconditabacteria	0.0005	0.0005	-0.0028	-0.0032	0.0005	-0.0038	0.0035	0.0013	-0.0009	-0.0013	-0.0007	-0.0018	-0.0003	-0.0036	0.0008	-0.0005	0.0002	-0.0015	-0.0023	0.0015	-0.0040	-0.0018	-0.0005	-0.0010	0.0004	0.0002	0.0054	-0.0037	0.0022	-0.0042	-0.0009	-0.0024	-0.0067	-0.0023	0.0013	-0.0050	-0.0074	0.0024	-0.0068	-0.0068	-0.0022	0.0044	-0.0007	-0.0003	0.0006	-0.0018	-0.0063	-0.0037	-0.0064	-0.0001	0.0015	-0.0037	-0.0049	0.0026	-0.0002	-0.0013	-0.0008	0.0026	-0.0050	-0.0085	-0.0005	-0.0062	0.0003	-0.0027	0.0048	-0.0010	0.0016	1.0000	0.0030	0.0023	-0.0019	-0.0045	0.0005	-0.0007	-0.0011	0.0042	-0.0058	-0.0031	0.0011	-0.0055	0.0021	-0.0034	-0.0065	-0.0032	-0.0020	-0.0014	-0.0037	-0.0018	0.0023	-0.0030	-0.0024	-0.0053	-0.0037	0.0037	-0.0022	-0.0045	0.0000	-0.0032	-0.0040	-0.0003	0.0001	-0.0005	-0.0013	0.0025	-0.0082	0.0012	-0.0024
Planctomycetota	-0.0045	0.0003	-0.0010	-0.0040	-0.0004	-0.0015	-0.0010	-0.0031	-0.0047	-0.0033	-0.0057	-0.0046	0.0012	0.0014	-0.0072	-0.0031	-0.0027	-0.0022	-0.0016	-0.0026	-0.0031	-0.0097	-0.0012	-0.0022	-0.0039	-0.0033	-0.0009	-0.0010	-0.0042	-0.0058	0.0021	-0.0016	-0.0003	-0.0043	-0.0024	-0.0055	0.0002	0.0026	-0.0038	-0.0006	-0.0048	-0.0018	0.0008	-0.0011	-0.0059	-0.0002	0.0029	0.0005	-0.0038	0.0032	-0.0051	0.0016	0.0022	-0.0053	-0.0003	0.0013	0.0042	-0.0004	0.0025	-0.0017	-0.0034	0.0021	0.0009	0.0012	-0.0020	0.0010	0.0023	0.0030	1.0000	-0.0044	0.0001	0.0018	-0.0016	-0.0009	-0.0042	-0.0017	-0.0082	-0.0004	0.0012	-0.0032	0.0017	-0.0050	-0.0018	0.0025	-0.0031	-0.0040	-0.0040	-0.0063	-0.0010	-0.0032	-0.0004	-0.0038	0.0019	-0.0048	-0.0027	-0.0015	0.0029	0.0040	-0.0006	-0.0042	0.0003	0.0009	-0.0072	-0.0043	0.0004	0.0057	-0.0043
Candidatus.Omnitrophica	-0.0082	-0.0014	-0.0003	-0.0061	0.0005	-0.0020	-0.0042	-0.0044	-0.0031	0.0053	-0.0019	-0.0017	0.0040	-0.0064	0.0015	-0.0026	0.0001	-0.0011	-0.0009	-0.0009	0.0007	0.0008	0.0028	-0.0001	0.0011	-0.0001	-0.0022	-0.0069	-0.0008	0.0005	0.0009	0.0003	-0.0008	0.0011	-0.0004	-0.0028	0.0004	-0.0006	0.0024	-0.0033	-0.0001	-0.0023	-0.0015	-0.0005	-0.0053	0.0009	0.0008	-0.0014	-0.0014	-0.0078	-0.0103	0.0008	-0.0002	-0.0006	-0.0031	-0.0015	-0.0067	-0.0049	0.0025	0.0007	-0.0024	-0.0039	0.0028	-0.0036	0.0058	-0.0075	-0.0014	0.0023	-0.0044	1.0000	-0.0039	-0.0036	-0.0006	0.0005	-0.0008	-0.0022	0.0007	-0.0007	-0.0032	-0.0042	-0.0028	0.0020	0.0008	-0.0009	-0.0022	-0.0068	-0.0031	-0.0029	-0.0051	-0.0015	-0.0070	-0.0021	-0.0017	0.0044	-0.0012	-0.0003	-0.0038	-0.0042	0.0039	-0.0050	-0.0048	-0.0040	-0.0013	-0.0060	-0.0042	0.0052	-0.0055
Verrucomicrobiota	-0.0019	-0.0005	-0.0006	-0.0027	-0.0037	-0.0017	-0.0016	-0.0006	0.0004	-0.0002	-0.0004	0.0010	-0.0059	-0.0008	-0.0025	-0.0051	0.0004	-0.0006	-0.0068	0.0008	-0.0010	-0.0041	-0.0009	0.0008	0.0003	-0.0042	-0.0009	-0.0008	-0.0065	0.0037	-0.0042	-0.0035	-0.0056	-0.0015	0.0026	0.0047	0.0018	-0.0010	-0.0049	-0.0018	-0.0037	-0.0036	-0.0024	0.0037	-0.0046	-0.0005	0.0036	-0.0025	-0.0016	-0.0074	-0.0021	-0.0012	0.0051	0.0028	-0.0030	-0.0045	-0.0018	-0.0003	-0.0030	0.0032	-0.0005	0.0048	-0.0047	-0.0054	0.0017	0.0032	-0.0059	-0.0019	0.0001	-0.0039	1.0000	-0.0042	-0.0016	0.0072	0.0010	-0.0008	-0.0016	-0.0016	-0.0008	0.0005	0.0029	-0.0029	0.0002	-0.0031	0.0020	-0.0067	-0.0013	0.0021	-0.0044	-0.0047	-0.0016	-0.0011	-0.0052	0.0004	0.0025	-0.0021	-0.0042	0.0011	0.0037	-0.0061	-0.0026	-0.0023	-0.0041	-0.0011	-0.0018	-0.0030	-0.0061
Lentisphaerota	-0.0002	0.0008	-0.0023	-0.0068	-0.0029	0.0056	-0.0035	0.0016	-0.0038	-0.0038	-0.0045	-0.0037	-0.0035	-0.0071	-0.0037	-0.0007	0.0009	0.0016	-0.0030	-0.0038	-0.0068	-0.0024	-0.0005	-0.0044	0.0002	-0.0008	-0.0014	-0.0047	-0.0020	-0.0048	-0.0032	-0.0017	-0.0047	-0.0010	0.0003	0.0014	0.0022	-0.0037	-0.0061	-0.0006	-0.0026	0.0009	-0.0011	-0.0006	-0.0008	-0.0007	-0.0000	-0.0012	-0.0024	-0.0013	-0.0028	0.0023	-0.0034	0.0017	-0.0002	-0.0034	-0.0025	-0.0069	-0.0024	-0.0025	0.0000	-0.0021	-0.0017	0.0010	-0.0030	-0.0010	0.0011	-0.0045	0.0018	-0.0036	-0.0042	1.0000	-0.0009	0.0032	0.0051	0.0002	-0.0013	0.0003	-0.0007	0.0010	-0.0033	-0.0040	-0.0008	0.0018	0.0018	-0.0038	-0.0014	-0.0014	0.0029	-0.0022	-0.0084	-0.0055	-0.0071	0.0006	0.0056	0.0048	-0.0007	0.0002	-0.0025	-0.0002	-0.0061	0.0014	0.0021	-0.0055	0.0018	-0.0068	-0.0016
Chlamydiota	0.0006	-0.0017	0.0015	0.0003	-0.0058	-0.0016	-0.0019	-0.0018	-0.0043	0.0021	0.0023	-0.0013	0.0005	-0.0028	0.0033	-0.0014	0.0030	-0.0045	-0.0013	-0.0028	0.0033	-0.0014	0.0007	0.0018	-0.0007	-0.0002	-0.0009	0.0007	-0.0066	-0.0001	-0.0021	-0.0048	-0.0050	-0.0006	0.0025	0.0015	-0.0033	-0.0023	-0.0034	0.0002	-0.0011	-0.0046	0.0000	0.0026	-0.0009	0.0027	-0.0055	-0.0010	-0.0050	0.0011	0.0038	0.0064	-0.0082	-0.0028	0.0043	-0.0020	-0.0043	-0.0013	-0.0033	-0.0021	-0.0031	-0.0011	-0.0036	-0.0017	-0.0060	-0.0041	-0.0023	0.0005	-0.0016	-0.0006	-0.0016	-0.0009	1.0000	0.0018	-0.0032	-0.0042	0.0019	0.0036	-0.0041	0.0014	-0.0051	-0.0002	-0.0019	-0.0046	-0.0046	-0.0010	0.0016	-0.0060	-0.0036	-0.0011	0.0021	0.0002	-0.0036	-0.0033	-0.0001	-0.0033	-0.0006	-0.0024	0.0010	-0.0014	-0.0043	-0.0038	-0.0013	-0.0050	-0.0034	0.0037	-0.0076
Kiritimatiellota	-0.0048	0.0002	-0.0014	-0.0040	0.0036	0.0037	-0.0044	0.0017	-0.0012	-0.0025	0.0026	0.0005	-0.0000	0.0008	-0.0014	-0.0020	-0.0043	-0.0009	0.0049	-0.0004	-0.0011	-0.0016	0.0004	-0.0011	0.0032	-0.0090	-0.0017	-0.0044	0.0006	-0.0011	0.0000	-0.0016	-0.0018	-0.0032	-0.0002	-0.0125	-0.0049	0.0011	-0.0054	0.0032	-0.0010	-0.0013	-0.0039	-0.0038	-0.0010	-0.0020	-0.0026	0.0014	-0.0010	-0.0063	-0.0030	-0.0033	-0.0007	0.0017	-0.0024	0.0009	-0.0041	-0.0016	-0.0032	-0.0003	-0.0005	-0.0001	-0.0029	-0.0039	-0.0019	0.0024	-0.0017	-0.0007	-0.0009	0.0005	0.0072	0.0032	0.0018	1.0000	-0.0008	-0.0041	0.0002	-0.0051	0.0007	-0.0008	0.0009	-0.0031	0.0009	-0.0040	-0.0016	-0.0072	-0.0046	-0.0019	-0.0019	-0.0037	-0.0069	-0.0003	-0.0069	-0.0035	-0.0009	0.0009	-0.0035	-0.0021	0.0007	-0.0032	-0.0006	-0.0053	-0.0070	0.0008	-0.0000	0.0038	-0.0020
Thermodesulfobacteriota	-0.0041	-0.0040	-0.0048	0.0033	-0.0012	-0.0004	-0.0029	0.0014	-0.0036	-0.0026	-0.0017	0.0006	-0.0036	-0.0032	-0.0049	0.0042	0.0020	0.0003	-0.0014	-0.0036	0.0031	-0.0053	0.0005	-0.0002	-0.0013	-0.0011	-0.0006	-0.0077	-0.0030	-0.0045	0.0045	-0.0076	0.0021	-0.0036	-0.0024	0.0015	-0.0064	-0.0055	-0.0019	-0.0080	-0.0018	0.0019	-0.0044	-0.0049	-0.0065	-0.0019	-0.0034	-0.0036	-0.0024	0.0008	-0.0026	-0.0030	-0.0055	0.0003	-0.0058	0.0001	-0.0012	-0.0020	-0.0054	0.0008	-0.0024	-0.0008	-0.0047	0.0005	0.0000	-0.0046	-0.0012	-0.0011	-0.0042	-0.0008	0.0010	0.0051	-0.0032	-0.0008	1.0000	-0.0014	-0.0020	-0.0012	-0.0092	-0.0020	-0.0018	-0.0014	0.0016	0.0010	-0.0073	0.0003	-0.0038	-0.0003	-0.0023	-0.0080	-0.0012	0.0042	0.0013	-0.0032	0.0006	-0.0043	0.0015	-0.0007	-0.0057	-0.0056	-0.0010	-0.0059	-0.0025	-0.0036	-0.0047	-0.0051	0.0005
Nitrospirota	-0.0047	-0.0008	-0.0033	-0.0039	-0.0017	-0.0009	0.0026	-0.0070	0.0001	-0.0004	-0.0017	-0.0018	0.0060	-0.0052	-0.0023	-0.0020	-0.0053	0.0001	-0.0027	0.0024	0.0001	0.0032	-0.0045	-0.0013	-0.0004	-0.0032	-0.0048	0.0044	-0.0074	-0.0019	-0.0013	-0.0005	-0.0062	-0.0015	-0.0022	-0.0015	-0.0002	-0.0034	0.0003	-0.0068	-0.0034	-0.0075	0.0037	-0.0003	-0.0034	-0.0060	0.0030	-0.0040	-0.0048	0.0028	-0.0065	-0.0003	-0.0052	-0.0005	-0.0008	-0.0052	-0.0020	-0.0013	-0.0016	-0.0017	-0.0051	0.0002	-0.0029	0.0020	-0.0021	-0.0015	-0.0060	0.0042	-0.0017	-0.0022	-0.0008	0.0002	-0.0042	-0.0041	-0.0014	1.0000	-0.0000	-0.0002	0.0035	0.0012	0.0016	-0.0018	0.0012	0.0021	-0.0012	0.0044	-0.0027	0.0008	-0.0026	-0.0015	-0.0019	-0.0040	0.0075	-0.0014	-0.0010	-0.0020	-0.0061	0.0016	-0.0020	0.0021	-0.0050	-0.0002	-0.0055	-0.0024	-0.0010	-0.0008	0.0066
Campylobacterota	0.0028	0.0017	-0.0015	-0.0010	0.0008	-0.0063	-0.0020	-0.0016	-0.0074	-0.0027	-0.0002	-0.0036	-0.0056	-0.0015	0.0007	-0.0025	0.0008	0.0015	-0.0046	-0.0029	-0.0057	-0.0035	0.0006	-0.0038	-0.0031	-0.0008	-0.0005	-0.0000	-0.0013	0.0002	-0.0024	0.0020	-0.0010	-0.0023	0.0025	-0.0065	0.0019	-0.0005	-0.0047	-0.0003	0.0021	-0.0043	0.0031	-0.0023	0.0023	-0.0050	-0.0018	0.0017	-0.0016	0.0005	-0.0004	-0.0013	-0.0023	-0.0029	-0.0040	0.0047	0.0001	-0.0018	0.0002	0.0029	-0.0013	0.0001	-0.0010	0.0009	0.0002	-0.0064	-0.0026	-0.0058	-0.0082	0.0007	-0.0016	-0.0013	0.0019	0.0002	-0.0020	-0.0000	1.0000	0.0010	-0.0028	-0.0051	-0.0064	-0.0034	-0.0064	-0.0009	-0.0021	-0.0023	-0.0058	-0.0033	0.0017	-0.0008	-0.0030	0.0007	-0.0038	-0.0079	0.0004	-0.0071	-0.0045	0.0020	0.0003	-0.0019	0.0021	-0.0091	-0.0065	-0.0058	0.0006	0.0003	-0.0026
Bacteroidota	-0.0211	-0.0075	-0.0016	0.0105	-0.0075	-0.0023	-0.0004	-0.0006	0.0031	0.0013	-0.0031	0.0006	-0.0001	-0.0001	-0.0013	0.0028	-0.0033	0.0052	-0.0055	0.0016	-0.0079	-0.0013	-0.0003	0.0003	-0.0041	-0.0070	0.0031	-0.0034	-0.0033	-0.0051	0.0013	-0.0028	-0.0043	-0.0069	-0.0024	0.0025	0.0048	-0.0082	0.0000	-0.0020	-0.0002	-0.0036	-0.0007	0.0008	0.0021	-0.0003	0.0009	-0.0008	-0.0040	-0.0031	-0.0041	-0.0018	-0.0058	-0.0007	-0.0033	-0.0034	0.0019	-0.0053	-0.0040	0.0016	-0.0023	-0.0025	-0.0005	0.0008	-0.0004	-0.0057	0.0002	-0.0031	-0.0004	-0.0007	-0.0016	0.0003	0.0036	-0.0051	-0.0012	-0.0002	0.0010	1.0000	-0.0041	-0.0040	0.0029	-0.0075	0.0005	-0.0024	0.0026	-0.0005	0.0019	-0.0014	0.0013	-0.0023	-0.0032	0.0009	-0.0046	-0.0019	-0.0054	0.0003	-0.0025	-0.0029	0.0017	-0.0031	-0.0015	-0.0064	-0.0005	0.0005	0.0003	-0.0029	0.0017
Ignavibacteriota	-0.0022	-0.0032	-0.0041	-0.0038	-0.0043	-0.0017	-0.0027	-0.0037	0.0026	-0.0047	0.0053	-0.0090	-0.0044	0.0015	-0.0001	-0.0007	-0.0026	0.0005	-0.0016	0.0028	-0.0017	-0.0033	0.0001	-0.0022	0.0007	-0.0034	-0.0017	-0.0038	0.0039	-0.0014	-0.0011	-0.0010	0.0015	0.0023	0.0035	-0.0002	-0.0090	0.0011	-0.0008	-0.0023	-0.0060	-0.0027	0.0010	-0.0052	0.0016	0.0036	-0.0001	-0.0065	-0.0055	-0.0025	-0.0001	0.0070	-0.0009	-0.0046	-0.0006	0.0023	0.0011	-0.0083	-0.0047	-0.0047	-0.0028	-0.0054	-0.0024	-0.0020	-0.0009	-0.0034	-0.0027	0.0011	0.0012	-0.0032	-0.0008	-0.0007	-0.0041	0.0007	-0.0092	0.0035	-0.0028	-0.0041	1.0000	-0.0001	-0.0007	-0.0061	-0.0051	-0.0004	0.0006	-0.0003	-0.0014	0.0039	0.0052	0.0022	-0.0014	-0.0036	-0.0050	-0.0046	-0.0012	-0.0026	-0.0057	0.0075	-0.0003	-0.0005	-0.0043	0.0008	0.0032	-0.0033	-0.0045	-0.0027	-0.0048
Chlorobiota	-0.0009	-0.0055	0.0034	-0.0049	-0.0036	0.0063	0.0069	-0.0002	-0.0021	0.0031	0.0013	-0.0064	-0.0006	-0.0009	0.0033	-0.0024	0.0020	-0.0027	-0.0032	0.0007	-0.0005	0.0035	-0.0056	-0.0037	-0.0018	-0.0065	-0.0051	-0.0051	-0.0014	-0.0022	-0.0029	-0.0011	-0.0041	0.0008	-0.0068	-0.0040	-0.0013	-0.0089	-0.0009	-0.0038	-0.0001	-0.0039	0.0015	-0.0011	-0.0024	-0.0007	-0.0052	-0.0035	-0.0038	-0.0042	-0.0046	-0.0033	0.0030	-0.0018	0.0024	-0.0013	-0.0033	0.0038	0.0027	0.0049	-0.0007	0.0001	-0.0018	-0.0005	-0.0006	-0.0038	-0.0030	-0.0055	-0.0032	-0.0042	0.0005	0.0010	0.0014	-0.0008	-0.0020	0.0012	-0.0051	-0.0040	-0.0001	1.0000	-0.0009	0.0004	-0.0022	-0.0011	-0.0010	-0.0088	0.0009	-0.0032	-0.0003	-0.0048	-0.0043	-0.0028	0.0059	-0.0042	-0.0085	-0.0069	-0.0026	0.0017	-0.0012	-0.0010	-0.0036	-0.0028	0.0026	-0.0028	-0.0001	-0.0030	0.0035
Balneolota	-0.0033	0.0003	-0.0031	-0.0017	-0.0020	-0.0020	-0.0048	-0.0026	-0.0082	-0.0010	-0.0066	-0.0012	0.0006	-0.0050	-0.0056	-0.0022	0.0000	-0.0023	0.0013	0.0031	-0.0013	0.0071	-0.0087	0.0035	-0.0047	0.0026	-0.0029	-0.0106	-0.0007	-0.0036	-0.0022	-0.0014	-0.0053	-0.0021	-0.0040	-0.0005	-0.0008	0.0027	-0.0005	0.0017	-0.0020	0.0027	-0.0021	0.0026	-0.0029	-0.0025	-0.0022	-0.0017	0.0018	0.0021	-0.0005	-0.0006	0.0071	-0.0044	-0.0041	0.0017	-0.0014	0.0006	-0.0059	0.0020	-0.0009	-0.0034	0.0053	-0.0017	0.0018	-0.0039	-0.0028	0.0021	0.0017	-0.0028	0.0029	-0.0033	-0.0051	0.0009	-0.0018	0.0016	-0.0064	0.0029	-0.0007	-0.0009	1.0000	0.0016	-0.0010	-0.0005	-0.0028	-0.0020	-0.0038	0.0030	-0.0061	-0.0010	0.0088	-0.0063	-0.0007	-0.0029	-0.0003	-0.0063	0.0031	-0.0020	-0.0021	-0.0046	-0.0035	-0.0095	0.0025	0.0005	-0.0027	-0.0017	0.0047
Gemmatimonadota	0.0065	-0.0020	0.0019	-0.0047	0.0010	-0.0023	0.0022	-0.0020	-0.0030	-0.0072	-0.0030	0.0060	-0.0025	-0.0013	-0.0012	-0.0012	-0.0071	0.0006	0.0004	-0.0042	-0.0016	0.0001	-0.0019	-0.0044	-0.0048	-0.0024	0.0003	-0.0023	-0.0093	0.0033	-0.0001	-0.0001	-0.0015	-0.0005	-0.0018	0.0015	-0.0003	0.0003	0.0029	0.0009	-0.0029	-0.0056	0.0005	-0.0032	-0.0043	-0.0040	-0.0027	-0.0062	-0.0000	0.0004	0.0005	-0.0021	0.0027	-0.0018	0.0024	-0.0001	-0.0021	-0.0056	0.0035	-0.0043	-0.0028	-0.0032	0.0033	-0.0009	-0.0080	-0.0066	-0.0041	-0.0034	-0.0050	0.0020	-0.0029	-0.0040	-0.0002	-0.0031	-0.0014	-0.0018	-0.0034	-0.0075	-0.0061	0.0004	0.0016	1.0000	-0.0015	-0.0011	0.0027	-0.0010	-0.0028	-0.0021	-0.0013	-0.0019	0.0019	-0.0003	0.0004	0.0024	-0.0019	-0.0022	0.0028	-0.0072	0.0069	0.0010	-0.0056	-0.0001	-0.0062	0.0027	-0.0007	0.0049	-0.0042
candidate.division.Zixibacteria	0.0024	0.0014	-0.0013	-0.0032	-0.0029	-0.0005	-0.0002	-0.0039	-0.0018	0.0001	-0.0035	0.0007	-0.0042	-0.0055	-0.0028	0.0012	0.0010	0.0004	0.0003	-0.0045	-0.0048	-0.0067	-0.0003	-0.0033	0.0028	-0.0038	-0.0010	0.0005	-0.0083	-0.0041	-0.0046	-0.0031	0.0009	0.0009	-0.0000	-0.0038	-0.0045	-0.0017	0.0011	0.0002	-0.0008	-0.0002	-0.0017	0.0060	-0.0021	-0.0022	-0.0009	-0.0009	0.0045	-0.0012	-0.0036	-0.0009	-0.0042	-0.0037	0.0008	0.0013	0.0014	-0.0011	0.0013	-0.0053	-0.0064	-0.0046	0.0002	-0.0007	-0.0032	-0.0051	-0.0013	-0.0065	-0.0018	0.0008	0.0002	-0.0008	-0.0019	0.0009	0.0016	0.0012	-0.0064	0.0005	-0.0051	-0.0022	-0.0010	-0.0015	1.0000	0.0027	-0.0018	-0.0022	-0.0032	-0.0047	-0.0008	-0.0018	-0.0009	0.0045	-0.0021	-0.0053	0.0030	0.0003	-0.0007	-0.0023	-0.0078	0.0037	-0.0017	0.0002	0.0018	0.0007	-0.0022	-0.0007	-0.0041
Candidatus.Marinimicrobia	0.0011	-0.0064	-0.0010	-0.0009	-0.0098	-0.0011	-0.0008	-0.0029	-0.0021	-0.0027	-0.0047	-0.0017	0.0008	-0.0016	0.0006	-0.0004	-0.0024	-0.0030	-0.0061	0.0046	-0.0040	-0.0003	0.0003	-0.0036	-0.0003	-0.0033	-0.0003	-0.0009	0.0005	-0.0032	-0.0059	-0.0010	0.0010	-0.0061	-0.0044	-0.0082	-0.0017	-0.0053	-0.0051	-0.0035	-0.0022	-0.0067	-0.0016	0.0007	-0.0028	-0.0045	0.0020	-0.0010	-0.0023	-0.0023	-0.0025	-0.0053	-0.0009	-0.0076	-0.0052	0.0002	0.0070	-0.0055	-0.0036	-0.0027	-0.0038	0.0016	-0.0035	-0.0029	0.0047	-0.0022	-0.0011	-0.0032	0.0025	-0.0009	-0.0031	0.0018	-0.0046	-0.0040	0.0010	0.0021	-0.0009	-0.0024	-0.0004	-0.0011	-0.0005	-0.0011	0.0027	1.0000	-0.0016	-0.0017	0.0058	0.0027	0.0023	-0.0028	-0.0024	-0.0009	-0.0012	-0.0018	-0.0036	0.0024	-0.0086	0.0004	-0.0005	-0.0038	-0.0091	-0.0011	-0.0029	-0.0013	-0.0016	-0.0031	0.0031
Fibrobacterota	0.0051	-0.0022	-0.0004	-0.0032	-0.0024	-0.0037	-0.0009	0.0029	-0.0044	-0.0069	-0.0058	-0.0033	-0.0038	-0.0060	0.0003	-0.0044	0.0035	-0.0009	-0.0048	-0.0022	0.0053	0.0005	0.0009	0.0030	-0.0012	-0.0012	-0.0029	0.0002	0.0017	-0.0016	0.0009	-0.0021	-0.0012	0.0015	0.0009	-0.0068	-0.0028	-0.0027	-0.0023	0.0006	0.0003	-0.0004	0.0005	0.0028	-0.0019	-0.0027	-0.0053	-0.0028	0.0007	-0.0003	-0.0041	-0.0012	-0.0025	0.0075	0.0018	-0.0001	-0.0040	0.0019	-0.0088	0.0001	-0.0024	-0.0055	0.0016	-0.0033	-0.0003	0.0055	0.0055	-0.0020	-0.0031	-0.0022	0.0020	0.0018	-0.0046	-0.0016	-0.0073	-0.0012	-0.0021	0.0026	0.0006	-0.0010	-0.0028	0.0027	-0.0018	-0.0016	1.0000	-0.0013	-0.0037	-0.0045	-0.0019	-0.0060	-0.0067	0.0034	-0.0008	0.0005	-0.0001	-0.0059	0.0019	0.0025	0.0014	-0.0053	0.0021	-0.0012	-0.0027	-0.0026	0.0018	-0.0059	-0.0022
Candidatus.Cloacimonetes	-0.0003	0.0004	-0.0051	-0.0030	-0.0024	-0.0048	0.0004	-0.0050	-0.0033	-0.0055	-0.0055	-0.0041	-0.0003	-0.0001	-0.0039	-0.0067	0.0035	-0.0030	0.0002	-0.0024	-0.0010	0.0027	-0.0008	-0.0010	0.0027	-0.0007	0.0022	-0.0019	0.0004	-0.0048	-0.0016	-0.0028	-0.0004	-0.0034	-0.0058	-0.0062	0.0013	-0.0049	-0.0069	-0.0012	-0.0058	-0.0013	-0.0029	0.0022	-0.0003	0.0005	-0.0057	-0.0040	-0.0044	-0.0036	-0.0049	-0.0036	-0.0001	-0.0014	-0.0060	-0.0037	-0.0048	-0.0036	-0.0015	-0.0063	-0.0039	-0.0006	0.0027	0.0014	-0.0008	0.0008	-0.0028	-0.0014	-0.0040	-0.0068	-0.0067	-0.0038	-0.0010	-0.0072	0.0003	0.0044	-0.0023	-0.0005	-0.0003	-0.0088	-0.0020	-0.0010	-0.0022	-0.0017	-0.0013	1.0000	-0.0061	-0.0006	-0.0050	-0.0003	-0.0029	0.0019	0.0012	-0.0017	-0.0017	0.0011	-0.0059	0.0049	-0.0005	-0.0009	-0.0005	-0.0020	-0.0021	-0.0006	-0.0025	0.0009	-0.0013
Elusimicrobiota	-0.0014	-0.0019	-0.0022	-0.0044	-0.0001	-0.0016	-0.0035	-0.0011	-0.0027	-0.0053	-0.0014	-0.0043	-0.0030	-0.0030	-0.0035	-0.0017	0.0049	-0.0012	0.0035	-0.0056	0.0016	-0.0025	-0.0000	-0.0027	-0.0065	0.0041	-0.0013	-0.0006	0.0025	-0.0030	-0.0041	0.0011	-0.0072	0.0009	0.0010	0.0011	-0.0043	0.0026	-0.0024	-0.0032	-0.0010	-0.0002	0.0003	-0.0037	-0.0057	0.0056	-0.0027	-0.0039	-0.0057	-0.0006	-0.0021	-0.0070	-0.0008	-0.0012	0.0057	-0.0030	0.0017	-0.0035	-0.0004	-0.0055	0.0003	-0.0019	-0.0016	-0.0004	0.0016	0.0047	-0.0005	-0.0037	-0.0040	-0.0031	-0.0013	-0.0014	0.0016	-0.0046	-0.0038	-0.0027	-0.0058	0.0019	-0.0014	0.0009	-0.0038	-0.0028	-0.0032	0.0058	-0.0037	-0.0061	1.0000	-0.0084	-0.0021	-0.0024	-0.0012	-0.0040	0.0021	-0.0066	-0.0038	0.0035	-0.0054	-0.0014	-0.0010	0.0050	-0.0052	-0.0037	-0.0008	-0.0019	0.0012	-0.0073	-0.0027
Acidobacteriota	0.0016	-0.0028	-0.0053	-0.0021	-0.0004	-0.0040	-0.0026	-0.0048	0.0042	0.0017	-0.0030	0.0016	0.0001	-0.0010	-0.0020	-0.0052	-0.0040	0.0008	-0.0008	0.0025	-0.0060	-0.0006	-0.0039	-0.0017	-0.0015	-0.0042	-0.0026	-0.0018	0.0007	0.0006	-0.0028	0.0023	0.0001	-0.0004	-0.0046	-0.0057	-0.0011	-0.0021	0.0004	-0.0017	0.0011	-0.0003	-0.0012	-0.0029	-0.0051	-0.0005	0.0028	-0.0007	-0.0008	-0.0041	-0.0000	0.0037	0.0014	0.0028	-0.0004	-0.0037	0.0025	-0.0049	-0.0004	0.0033	-0.0050	0.0001	-0.0021	0.0002	-0.0009	0.0018	0.0011	-0.0018	-0.0063	-0.0029	0.0021	-0.0014	-0.0060	-0.0019	-0.0003	0.0008	-0.0033	-0.0014	0.0039	-0.0032	0.0030	-0.0021	-0.0047	0.0027	-0.0045	-0.0006	-0.0084	1.0000	-0.0026	-0.0006	-0.0004	-0.0024	0.0026	-0.0050	-0.0089	0.0001	-0.0055	-0.0031	-0.0016	-0.0066	-0.0037	-0.0076	-0.0010	-0.0018	-0.0022	-0.0032	-0.0044
Myxococcota	-0.0005	-0.0009	-0.0029	-0.0034	-0.0027	-0.0057	0.0014	0.0008	0.0000	0.0008	-0.0033	-0.0017	-0.0008	-0.0008	-0.0019	-0.0005	-0.0037	-0.0027	-0.0019	0.0004	0.0020	-0.0022	0.0001	0.0002	0.0011	-0.0022	-0.0035	-0.0010	-0.0038	-0.0015	-0.0033	-0.0027	0.0045	-0.0052	-0.0021	0.0055	-0.0042	-0.0014	-0.0059	-0.0015	-0.0021	-0.0002	0.0024	0.0013	-0.0036	-0.0054	-0.0060	0.0027	-0.0078	0.0014	-0.0008	-0.0002	0.0005	-0.0001	-0.0025	-0.0024	-0.0040	-0.0042	-0.0051	0.0003	0.0000	-0.0023	-0.0038	-0.0016	-0.0053	-0.0083	-0.0011	0.0023	-0.0010	-0.0051	-0.0044	0.0029	-0.0036	-0.0019	-0.0023	-0.0026	0.0017	0.0013	0.0052	-0.0003	-0.0061	-0.0013	-0.0008	0.0023	-0.0019	-0.0050	-0.0021	-0.0026	1.0000	-0.0012	-0.0004	0.0007	-0.0041	-0.0021	-0.0033	0.0016	0.0003	-0.0001	-0.0020	-0.0029	-0.0053	-0.0037	-0.0049	-0.0031	-0.0016	-0.0047	-0.0013
Nitrospinota	0.0010	-0.0050	-0.0035	0.0026	-0.0002	0.0004	-0.0031	0.0022	0.0018	-0.0003	0.0001	-0.0014	-0.0042	-0.0036	-0.0052	-0.0028	-0.0010	-0.0067	-0.0040	-0.0012	0.0032	-0.0014	-0.0000	-0.0017	-0.0035	0.0011	-0.0037	0.0044	-0.0015	0.0023	-0.0015	-0.0018	0.0029	-0.0045	-0.0028	-0.0019	-0.0086	-0.0011	-0.0041	-0.0000	-0.0002	-0.0073	0.0010	-0.0037	0.0023	0.0041	0.0015	0.0016	-0.0034	0.0044	0.0009	-0.0047	0.0006	-0.0027	-0.0030	0.0032	0.0009	0.0008	-0.0024	-0.0044	-0.0016	-0.0005	-0.0095	0.0004	-0.0047	-0.0055	0.0024	-0.0030	-0.0032	-0.0015	-0.0047	-0.0022	-0.0011	-0.0037	-0.0080	-0.0015	-0.0008	-0.0023	0.0022	-0.0048	-0.0010	-0.0019	-0.0018	-0.0028	-0.0060	-0.0003	-0.0024	-0.0006	-0.0012	1.0000	0.0011	-0.0021	-0.0073	-0.0011	0.0035	-0.0001	-0.0025	-0.0044	-0.0043	-0.0006	-0.0008	-0.0056	-0.0044	0.0007	-0.0019	-0.0026	0.0028
Spirochaetota	0.0048	0.0012	0.0050	0.0010	-0.0001	0.0005	-0.0007	-0.0045	-0.0000	0.0043	-0.0033	-0.0025	-0.0030	-0.0029	-0.0040	-0.0042	-0.0020	0.0004	-0.0024	-0.0021	0.0001	-0.0019	-0.0015	-0.0012	-0.0080	-0.0041	-0.0039	-0.0006	0.0016	-0.0091	-0.0009	0.0053	0.0006	-0.0043	-0.0018	-0.0026	-0.0021	-0.0038	0.0018	-0.0001	0.0007	-0.0038	-0.0012	-0.0064	0.0003	-0.0017	-0.0002	-0.0050	-0.0007	-0.0033	-0.0087	-0.0075	-0.0007	-0.0041	-0.0030	-0.0048	-0.0043	0.0017	-0.0069	0.0049	0.0055	-0.0016	-0.0009	0.0031	0.0064	-0.0016	-0.0085	-0.0024	-0.0004	-0.0070	-0.0016	-0.0084	0.0021	-0.0069	-0.0012	-0.0019	-0.0030	-0.0032	-0.0014	-0.0043	0.0088	0.0019	-0.0009	-0.0024	-0.0067	-0.0029	-0.0012	-0.0004	-0.0004	0.0011	1.0000	0.0056	0.0027	-0.0026	-0.0019	-0.0025	-0.0039	-0.0064	0.0021	0.0001	0.0001	-0.0030	-0.0013	-0.0007	0.0017	-0.0028	-0.0018
Bdellovibrionota	-0.0011	-0.0055	-0.0068	0.0021	0.0049	-0.0049	-0.0038	0.0010	-0.0049	-0.0036	0.0032	0.0045	-0.0006	0.0024	0.0045	-0.0048	-0.0021	-0.0016	-0.0024	0.0011	-0.0058	0.0018	-0.0008	0.0012	-0.0017	-0.0086	-0.0003	-0.0025	-0.0056	-0.0002	-0.0021	-0.0029	-0.0011	-0.0025	0.0005	-0.0021	-0.0014	0.0047	0.0022	0.0007	0.0013	-0.0092	-0.0068	0.0065	-0.0007	-0.0038	0.0024	-0.0026	-0.0062	-0.0040	-0.0031	-0.0039	-0.0024	-0.0002	-0.0080	-0.0037	0.0039	0.0003	0.0018	0.0014	0.0041	-0.0006	0.0002	0.0007	0.0003	0.0060	-0.0025	-0.0053	-0.0038	-0.0021	-0.0011	-0.0055	0.0002	-0.0003	0.0042	-0.0040	0.0007	0.0009	-0.0036	-0.0028	-0.0063	-0.0003	0.0045	-0.0009	0.0034	0.0019	-0.0040	-0.0024	0.0007	-0.0021	0.0056	1.0000	-0.0002	-0.0017	-0.0040	-0.0076	-0.0035	-0.0014	0.0038	0.0008	0.0002	-0.0040	-0.0010	-0.0067	-0.0028	-0.0035	-0.0061
Synergistota	-0.0035	0.0042	-0.0045	-0.0003	-0.0002	-0.0038	-0.0030	-0.0010	-0.0025	-0.0023	-0.0013	0.0032	-0.0037	-0.0017	-0.0018	0.0006	-0.0014	-0.0064	-0.0087	-0.0005	0.0002	-0.0024	-0.0024	0.0007	0.0039	0.0050	-0.0038	-0.0045	-0.0025	-0.0096	-0.0019	0.0067	-0.0041	0.0018	0.0005	-0.0049	0.0064	-0.0021	0.0022	0.0015	-0.0013	-0.0016	-0.0060	-0.0053	0.0024	0.0033	0.0036	0.0019	-0.0025	-0.0019	-0.0040	0.0011	0.0013	-0.0005	-0.0025	-0.0001	-0.0006	-0.0008	-0.0035	-0.0035	-0.0010	-0.0051	-0.0020	-0.0027	-0.0017	0.0037	-0.0013	-0.0037	0.0019	-0.0017	-0.0052	-0.0071	-0.0036	-0.0069	0.0013	0.0075	-0.0038	-0.0046	-0.0050	0.0059	-0.0007	0.0004	-0.0021	-0.0012	-0.0008	0.0012	0.0021	0.0026	-0.0041	-0.0073	0.0027	-0.0002	1.0000	-0.0039	-0.0023	0.0008	-0.0040	-0.0005	-0.0012	-0.0001	0.0015	-0.0004	-0.0070	-0.0047	-0.0028	-0.0018	-0.0002
Caldisericota	-0.0020	-0.0012	-0.0026	-0.0077	0.0019	0.0022	-0.0021	-0.0001	-0.0039	-0.0009	-0.0022	0.0034	-0.0014	-0.0013	-0.0055	-0.0031	-0.0089	-0.0055	-0.0025	0.0000	-0.0064	0.0018	0.0034	-0.0007	-0.0036	0.0044	0.0029	-0.0090	-0.0055	0.0023	0.0003	-0.0012	-0.0003	-0.0028	-0.0008	-0.0002	0.0020	0.0005	0.0035	0.0021	-0.0013	0.0017	-0.0058	-0.0008	-0.0049	-0.0034	-0.0006	0.0033	-0.0021	0.0019	0.0005	0.0012	-0.0005	-0.0026	-0.0036	-0.0045	-0.0077	-0.0002	0.0017	-0.0064	0.0024	0.0009	0.0002	-0.0025	-0.0038	0.0055	-0.0071	0.0037	-0.0048	0.0044	0.0004	0.0006	-0.0033	-0.0035	-0.0032	-0.0014	-0.0079	-0.0019	-0.0046	-0.0042	-0.0029	0.0024	-0.0053	-0.0018	0.0005	-0.0017	-0.0066	-0.0050	-0.0021	-0.0011	-0.0026	-0.0017	-0.0039	1.0000	-0.0016	-0.0021	0.0009	-0.0042	-0.0058	-0.0032	-0.0030	-0.0046	-0.0035	0.0009	0.0006	-0.0028	-0.0058
Fusobacteriota	-0.0028	0.0001	-0.0021	-0.0011	0.0023	-0.0055	-0.0019	-0.0051	0.0020	-0.0050	-0.0008	-0.0037	-0.0083	-0.0019	-0.0018	-0.0046	-0.0041	-0.0029	0.0014	0.0001	0.0004	0.0017	-0.0035	-0.0004	-0.0015	-0.0074	-0.0025	-0.0020	-0.0040	-0.0017	-0.0037	-0.0017	0.0004	-0.0014	-0.0006	-0.0041	-0.0003	-0.0011	-0.0017	-0.0057	-0.0010	-0.0058	-0.0011	-0.0014	0.0026	0.0020	-0.0030	-0.0061	-0.0030	0.0015	-0.0086	-0.0013	0.0045	0.0008	-0.0031	-0.0028	0.0036	0.0014	-0.0070	-0.0001	-0.0022	-0.0010	-0.0039	0.0006	-0.0041	-0.0025	-0.0002	-0.0022	-0.0027	-0.0012	0.0025	0.0056	-0.0001	-0.0009	0.0006	-0.0010	0.0004	-0.0054	-0.0012	-0.0085	-0.0003	-0.0019	0.0030	-0.0036	-0.0001	-0.0017	-0.0038	-0.0089	-0.0033	0.0035	-0.0019	-0.0040	-0.0023	-0.0016	1.0000	-0.0009	-0.0054	-0.0000	-0.0035	-0.0002	0.0002	0.0007	-0.0056	-0.0019	-0.0013	-0.0003	-0.0011
Thermotogota	0.0034	-0.0106	0.0008	-0.0016	0.0010	0.0013	-0.0014	-0.0001	-0.0059	0.0030	-0.0077	-0.0040	-0.0046	-0.0012	-0.0061	0.0036	-0.0031	-0.0017	-0.0026	-0.0016	-0.0031	0.0006	-0.0007	-0.0015	-0.0003	-0.0052	-0.0020	0.0025	-0.0040	-0.0016	-0.0042	0.0006	-0.0033	-0.0041	0.0033	-0.0040	0.0002	-0.0022	0.0003	-0.0052	0.0008	0.0048	-0.0028	0.0030	-0.0049	-0.0047	-0.0044	-0.0007	0.0030	-0.0032	-0.0000	-0.0004	-0.0017	-0.0029	0.0000	-0.0006	-0.0026	-0.0021	-0.0016	-0.0011	-0.0058	0.0012	-0.0025	0.0013	-0.0031	-0.0051	-0.0083	-0.0045	-0.0015	-0.0003	-0.0021	0.0048	-0.0033	0.0009	-0.0043	-0.0020	-0.0071	0.0003	-0.0026	-0.0069	-0.0063	-0.0022	0.0003	0.0024	-0.0059	0.0011	0.0035	0.0001	0.0016	-0.0001	-0.0025	-0.0076	0.0008	-0.0021	-0.0009	1.0000	0.0022	-0.0101	0.0038	-0.0002	0.0008	-0.0043	-0.0030	-0.0023	0.0000	0.0024	-0.0046
Atribacterota	-0.0047	-0.0013	-0.0060	0.0023	0.0021	-0.0023	-0.0015	-0.0036	0.0048	-0.0001	0.0012	-0.0057	-0.0009	0.0031	-0.0013	0.0000	-0.0021	-0.0014	-0.0022	-0.0033	-0.0003	-0.0032	-0.0030	-0.0020	0.0003	-0.0001	-0.0034	-0.0037	-0.0003	-0.0069	0.0030	-0.0016	-0.0030	-0.0002	-0.0041	-0.0079	0.0008	0.0046	-0.0001	0.0036	-0.0019	-0.0043	0.0017	-0.0025	-0.0001	-0.0004	-0.0015	-0.0028	0.0036	-0.0001	0.0023	-0.0005	0.0025	0.0016	-0.0011	-0.0026	-0.0040	-0.0051	-0.0011	-0.0043	-0.0068	-0.0034	-0.0031	-0.0014	-0.0011	0.0015	-0.0013	0.0000	0.0029	-0.0038	-0.0042	-0.0007	-0.0006	-0.0035	0.0015	-0.0061	-0.0045	-0.0025	-0.0057	-0.0026	0.0031	0.0028	-0.0007	-0.0086	0.0019	-0.0059	-0.0054	-0.0055	0.0003	-0.0025	-0.0039	-0.0035	-0.0040	0.0009	-0.0054	0.0022	1.0000	-0.0059	-0.0035	-0.0060	-0.0001	-0.0052	-0.0009	-0.0031	-0.0007	-0.0024	0.0036
Chrysiogenota	0.0003	-0.0008	-0.0042	-0.0034	-0.0016	-0.0026	0.0009	0.0041	0.0044	-0.0064	-0.0021	-0.0012	-0.0015	-0.0024	0.0023	0.0007	0.0020	-0.0044	-0.0087	-0.0018	0.0031	-0.0046	-0.0020	-0.0018	-0.0036	-0.0071	-0.0019	-0.0026	-0.0009	-0.0018	-0.0030	0.0005	-0.0038	0.0015	-0.0021	-0.0006	0.0015	-0.0013	-0.0014	-0.0056	-0.0029	-0.0051	0.0015	-0.0005	-0.0007	-0.0045	-0.0023	-0.0077	0.0015	-0.0037	-0.0075	-0.0016	-0.0007	-0.0009	-0.0005	0.0017	-0.0043	-0.0036	-0.0032	-0.0026	-0.0032	-0.0029	-0.0040	-0.0026	0.0012	-0.0030	0.0014	-0.0032	0.0040	-0.0042	0.0011	0.0002	-0.0024	-0.0021	-0.0007	0.0016	0.0020	-0.0029	0.0075	0.0017	-0.0020	-0.0072	-0.0023	0.0004	0.0025	0.0049	-0.0014	-0.0031	-0.0001	-0.0044	-0.0064	-0.0014	-0.0005	-0.0042	-0.0000	-0.0101	-0.0059	1.0000	-0.0063	-0.0035	-0.0018	-0.0080	-0.0027	-0.0019	-0.0018	-0.0045	-0.0035
Aquificota	-0.0014	-0.0032	-0.0061	-0.0009	0.0037	-0.0049	-0.0001	0.0013	-0.0009	-0.0013	-0.0014	-0.0036	-0.0021	-0.0041	-0.0003	-0.0028	0.0006	-0.0032	0.0002	-0.0007	-0.0050	0.0019	-0.0031	-0.0011	-0.0080	-0.0004	-0.0038	-0.0019	-0.0009	-0.0030	-0.0016	-0.0004	-0.0017	-0.0007	0.0012	-0.0037	-0.0116	-0.0059	-0.0020	0.0003	-0.0014	-0.0016	-0.0020	0.0013	-0.0005	-0.0060	-0.0043	-0.0030	-0.0015	-0.0010	-0.0050	-0.0002	-0.0047	-0.0020	0.0006	0.0014	-0.0025	-0.0044	0.0044	-0.0056	0.0034	-0.0026	-0.0005	-0.0007	-0.0055	-0.0004	-0.0038	-0.0040	-0.0006	0.0039	0.0037	-0.0025	0.0010	0.0007	-0.0057	-0.0020	0.0003	0.0017	-0.0003	-0.0012	-0.0021	0.0069	-0.0078	-0.0005	0.0014	-0.0005	-0.0010	-0.0016	-0.0020	-0.0043	0.0021	0.0038	-0.0012	-0.0058	-0.0035	0.0038	-0.0035	-0.0063	1.0000	-0.0002	-0.0025	0.0004	0.0033	-0.0001	-0.0036	0.0006	-0.0017
Deferribacterota	-0.0038	0.0026	-0.0033	-0.0068	0.0044	-0.0005	-0.0071	0.0036	0.0032	-0.0073	-0.0014	-0.0053	-0.0012	-0.0049	-0.0002	0.0002	0.0008	0.0010	-0.0023	-0.0011	0.0007	-0.0005	-0.0051	-0.0026	-0.0015	0.0025	-0.0047	-0.0036	-0.0026	0.0014	-0.0071	-0.0009	0.0001	-0.0004	-0.0029	-0.0024	-0.0025	-0.0006	-0.0012	-0.0028	-0.0031	-0.0060	-0.0057	-0.0018	-0.0036	-0.0008	-0.0024	0.0008	0.0015	-0.0049	-0.0013	-0.0039	-0.0029	0.0005	0.0001	0.0008	-0.0041	-0.0026	0.0025	-0.0010	0.0003	-0.0017	-0.0056	0.0028	-0.0039	0.0015	0.0020	-0.0003	-0.0042	-0.0050	-0.0061	-0.0002	-0.0014	-0.0032	-0.0056	0.0021	-0.0019	-0.0031	-0.0005	-0.0010	-0.0046	0.0010	0.0037	-0.0038	-0.0053	-0.0009	0.0050	-0.0066	-0.0029	-0.0006	0.0001	0.0008	-0.0001	-0.0032	-0.0002	-0.0002	-0.0060	-0.0035	-0.0002	1.0000	0.0009	-0.0007	-0.0064	-0.0010	-0.0036	-0.0044	-0.0034
Nitrososphaerota	-0.0088	-0.0032	0.0036	-0.0038	-0.0041	-0.0025	-0.0004	-0.0008	0.0012	-0.0020	-0.0033	0.0035	-0.0041	-0.0051	0.0002	-0.0002	0.0008	-0.0048	-0.0059	-0.0024	0.0002	0.0028	0.0002	0.0024	-0.0055	-0.0020	0.0013	-0.0026	-0.0009	0.0038	0.0009	-0.0037	-0.0036	-0.0029	-0.0030	-0.0039	-0.0009	-0.0020	0.0001	-0.0012	-0.0036	-0.0027	0.0048	0.0023	-0.0004	-0.0056	-0.0017	0.0025	-0.0046	0.0031	-0.0052	0.0016	-0.0025	0.0030	0.0048	-0.0024	0.0009	-0.0100	-0.0019	0.0051	0.0005	-0.0033	0.0037	-0.0027	-0.0045	-0.0072	-0.0007	0.0001	0.0003	-0.0048	-0.0026	-0.0061	-0.0043	-0.0006	-0.0010	-0.0050	0.0021	-0.0015	-0.0043	-0.0036	-0.0035	-0.0056	-0.0017	-0.0091	0.0021	-0.0005	-0.0052	-0.0037	-0.0053	-0.0008	0.0001	0.0002	0.0015	-0.0030	0.0002	0.0008	-0.0001	-0.0018	-0.0025	0.0009	1.0000	-0.0071	-0.0000	-0.0017	-0.0039	-0.0071	-0.0036
Thermoproteota	0.0002	0.0052	-0.0011	0.0003	0.0052	-0.0015	-0.0003	-0.0026	-0.0001	0.0001	-0.0050	-0.0034	-0.0084	0.0012	-0.0008	-0.0043	0.0024	-0.0020	-0.0016	-0.0007	0.0006	-0.0012	-0.0005	-0.0005	-0.0035	-0.0007	-0.0043	-0.0046	-0.0035	-0.0039	-0.0015	-0.0016	0.0002	0.0001	-0.0019	0.0006	-0.0060	-0.0006	0.0012	-0.0034	-0.0002	0.0032	-0.0071	0.0002	-0.0043	-0.0037	0.0021	-0.0013	-0.0016	-0.0010	-0.0060	0.0020	-0.0072	0.0019	-0.0022	-0.0029	-0.0054	-0.0009	-0.0034	-0.0057	-0.0023	0.0041	-0.0015	0.0033	0.0057	-0.0032	-0.0032	-0.0005	0.0009	-0.0040	-0.0023	0.0014	-0.0038	-0.0053	-0.0059	-0.0002	-0.0091	-0.0064	0.0008	-0.0028	-0.0095	-0.0001	0.0002	-0.0011	-0.0012	-0.0020	-0.0037	-0.0076	-0.0037	-0.0056	-0.0030	-0.0040	-0.0004	-0.0046	0.0007	-0.0043	-0.0052	-0.0080	0.0004	-0.0007	-0.0071	1.0000	-0.0030	0.0020	0.0044	0.0002	-0.0015
Euryarchaeota	-0.0013	-0.0026	-0.0031	-0.0032	-0.0024	-0.0032	-0.0035	-0.0005	0.0018	-0.0017	-0.0016	-0.0034	-0.0011	-0.0051	0.0028	-0.0002	-0.0008	-0.0056	0.0002	-0.0044	0.0007	-0.0022	-0.0014	0.0005	0.0001	-0.0060	-0.0057	0.0040	0.0023	-0.0027	-0.0012	0.0019	0.0012	-0.0068	-0.0047	0.0009	-0.0040	0.0042	0.0006	-0.0001	0.0039	-0.0034	-0.0017	-0.0054	0.0019	-0.0024	-0.0043	0.0039	0.0052	0.0012	0.0001	-0.0014	-0.0017	-0.0030	0.0009	0.0013	-0.0005	-0.0057	-0.0027	-0.0028	-0.0026	-0.0014	-0.0028	-0.0055	-0.0041	-0.0054	0.0015	-0.0013	-0.0072	-0.0013	-0.0041	0.0021	-0.0013	-0.0070	-0.0025	-0.0055	-0.0065	-0.0005	0.0032	0.0026	0.0025	-0.0062	0.0018	-0.0029	-0.0027	-0.0021	-0.0008	-0.0010	-0.0049	-0.0044	-0.0013	-0.0010	-0.0070	-0.0035	-0.0056	-0.0030	-0.0009	-0.0027	0.0033	-0.0064	-0.0000	-0.0030	1.0000	0.0024	-0.0011	0.0015	0.0026
Candidatus.Woesearchaeota	-0.0035	-0.0056	-0.0001	0.0019	-0.0050	-0.0023	-0.0030	-0.0027	0.0006	-0.0008	0.0030	-0.0028	0.0009	0.0020	-0.0032	0.0017	0.0055	0.0035	0.0039	-0.0033	0.0034	-0.0040	0.0015	-0.0053	-0.0023	-0.0006	-0.0008	-0.0051	-0.0041	0.0008	0.0004	0.0009	-0.0013	0.0001	-0.0024	-0.0073	-0.0001	0.0011	-0.0012	-0.0022	-0.0007	-0.0015	0.0026	-0.0011	0.0000	-0.0034	-0.0005	-0.0003	0.0024	-0.0010	-0.0036	-0.0047	-0.0079	-0.0023	0.0022	0.0044	-0.0009	0.0019	-0.0028	-0.0061	-0.0018	-0.0035	-0.0013	-0.0016	-0.0024	-0.0017	-0.0039	0.0025	-0.0043	-0.0060	-0.0011	-0.0055	-0.0050	0.0008	-0.0036	-0.0024	-0.0058	0.0005	-0.0033	-0.0028	0.0005	0.0027	0.0007	-0.0013	-0.0026	-0.0006	-0.0019	-0.0018	-0.0031	0.0007	-0.0007	-0.0067	-0.0047	0.0009	-0.0019	-0.0023	-0.0031	-0.0019	-0.0001	-0.0010	-0.0017	0.0020	0.0024	1.0000	-0.0055	-0.0019	-0.0027
Candidatus.Micrarchaeota	0.0010	-0.0029	-0.0023	-0.0007	0.0019	-0.0037	-0.0033	-0.0040	-0.0059	-0.0002	0.0000	-0.0009	-0.0008	-0.0032	0.0019	-0.0011	-0.0045	-0.0005	-0.0006	-0.0044	-0.0042	-0.0093	-0.0040	-0.0036	-0.0008	0.0005	-0.0057	-0.0038	-0.0024	-0.0030	0.0036	-0.0032	-0.0039	0.0004	0.0006	-0.0016	-0.0008	-0.0011	0.0006	-0.0014	-0.0027	-0.0071	0.0023	-0.0022	-0.0042	-0.0020	-0.0003	-0.0030	-0.0021	-0.0037	-0.0011	-0.0043	0.0012	-0.0022	-0.0029	0.0063	0.0001	0.0006	-0.0023	-0.0024	-0.0013	0.0016	-0.0024	0.0036	-0.0011	-0.0052	-0.0020	-0.0082	0.0004	-0.0042	-0.0018	0.0018	-0.0034	-0.0000	-0.0047	-0.0010	0.0006	0.0003	-0.0045	-0.0001	-0.0027	-0.0007	-0.0022	-0.0016	0.0018	-0.0025	0.0012	-0.0022	-0.0016	-0.0019	0.0017	-0.0028	-0.0028	0.0006	-0.0013	0.0000	-0.0007	-0.0018	-0.0036	-0.0036	-0.0039	0.0044	-0.0011	-0.0055	1.0000	-0.0000	-0.0009
Candidatus.Altiarchaeota	-0.0026	-0.0046	-0.0052	0.0015	-0.0002	0.0025	-0.0027	-0.0048	0.0015	-0.0005	-0.0022	-0.0068	-0.0025	-0.0014	-0.0017	-0.0025	-0.0020	-0.0034	0.0015	-0.0042	-0.0031	0.0017	0.0018	-0.0004	-0.0012	0.0007	-0.0062	-0.0030	-0.0033	-0.0001	-0.0008	-0.0018	-0.0050	-0.0049	-0.0015	-0.0009	-0.0006	-0.0023	-0.0034	0.0027	-0.0061	-0.0072	-0.0004	-0.0037	-0.0015	-0.0047	-0.0028	0.0029	-0.0050	-0.0010	-0.0011	-0.0004	-0.0027	-0.0063	-0.0016	-0.0003	-0.0042	-0.0008	0.0005	-0.0013	-0.0021	0.0002	-0.0013	-0.0019	-0.0038	-0.0056	0.0028	0.0012	0.0057	0.0052	-0.0030	-0.0068	0.0037	0.0038	-0.0051	-0.0008	0.0003	-0.0029	-0.0027	-0.0030	-0.0017	0.0049	-0.0007	-0.0031	-0.0059	0.0009	-0.0073	-0.0032	-0.0047	-0.0026	-0.0028	-0.0035	-0.0018	-0.0028	-0.0003	0.0024	-0.0024	-0.0045	0.0006	-0.0044	-0.0071	0.0002	0.0015	-0.0019	-0.0000	1.0000	-0.0043
Candidatus.Heimdallarchaeota	-0.0025	-0.0003	-0.0006	0.0001	0.0043	0.0007	0.0004	-0.0012	0.0020	-0.0019	-0.0022	-0.0016	-0.0048	0.0033	0.0020	-0.0031	-0.0008	-0.0086	0.0001	-0.0010	0.0028	-0.0032	-0.0040	-0.0016	-0.0004	-0.0020	0.0004	-0.0069	0.0000	0.0006	0.0026	-0.0001	0.0001	-0.0034	-0.0003	-0.0009	-0.0006	0.0063	0.0004	-0.0036	-0.0024	-0.0037	-0.0010	-0.0041	-0.0021	0.0023	-0.0050	0.0016	-0.0043	0.0014	0.0018	-0.0012	-0.0033	-0.0088	-0.0028	-0.0009	-0.0020	0.0003	0.0037	-0.0037	-0.0026	-0.0052	-0.0034	0.0003	0.0019	-0.0003	-0.0007	-0.0024	-0.0043	-0.0055	-0.0061	-0.0016	-0.0076	-0.0020	0.0005	0.0066	-0.0026	0.0017	-0.0048	0.0035	0.0047	-0.0042	-0.0041	0.0031	-0.0022	-0.0013	-0.0027	-0.0044	-0.0013	0.0028	-0.0018	-0.0061	-0.0002	-0.0058	-0.0011	-0.0046	0.0036	-0.0035	-0.0017	-0.0034	-0.0036	-0.0015	0.0026	-0.0027	-0.0009	-0.0043	1.0000
