#OTU ID	mgm4532935	mgm4532936	mgm4532937	mgm4532938	mgm4532939	mgm4532940	mgm4532941	mgm4532942	mgm4532943	mgm4532944	mgm4532969	mgm4532970	mgm4532971	mgm4532972	mgm4532973	mgm4532974	mgm4532975	mgm4532976	mgm4532977	mgm4532978	mgm4532979	mgm4532980	mgm4532981	mgm4532982	mgm4532999	mgm4533000	mgm4533001	mgm4533002	mgm4533003	mgm4533004	mgm4533005	mgm4533006	mgm4533007	mgm4533008	mgm4533009	mgm4533010	mgm4533025	mgm4533026	mgm4533027	mgm4533028	mgm4533029	mgm4533030	mgm4533031	mgm4533032	mgm4533033	mgm4533034	mgm4535764	mgm4535765	mgm4535766	mgm4535767	mgm4535768	mgm4535769	mgm4535770	mgm4535771	mgm4535772	mgm4535773	mgm4535798	mgm4535799	mgm4535800	mgm4535801	mgm4535802	mgm4535803	mgm4535804	mgm4535805	mgm4535806	mgm4535807	mgm4535808	mgm4535809	mgm4535810	mgm4535811	mgm4535828	mgm4535829	mgm4535830	mgm4535831	mgm4535832	mgm4535833	mgm4535834	mgm4535835	mgm4535836	mgm4535837	mgm4535838	mgm4535839	mgm4535854	mgm4535855	mgm4535856	mgm4535857	mgm4535858	mgm4535859	mgm4535860	mgm4535861	mgm4535862	mgm4535863
Pseudomonadota	0.0920222634508349	0.110562310030395	0.0147726990590163	0.0145104628073927	0.0907095830285296	0.0174379610999329	0.155723905723906	0.143865842894969	0.143314640119405	0.14467616390072	0.582839763086281	0.593905153227187	0.0790615367051033	0.0798962281359574	0.0383325347388596	0.0378378378378378	0.115135779347919	0.113318585917609	0.165585819282317	0.192291753004559	0.762422829512585	0.764576969052995	0.183753122398002	0.182689596842402	0.26092774308653	0.28211116300794	0.0631185807656396	0.0613026819923372	0.0178811766967891	0.0157790927021696	0.0525612617309698	0.0525019445164636	0.11340206185567	0.107249255213505	0.358760826115923	0.360168499882986	0.151699170851337	0.149320702978936	0.302364864864865	0.305032654629274	0.163738019169329	0.093719806763285	0.340850277264325	0.344371716475756	0.102987921169739	0.0975965040058267	0.0920222634508349	0.110562310030395	0.0147726990590163	0.0145104628073927	0.0907095830285296	0.0174379610999329	0.155723905723906	0.143865842894969	0.143314640119405	0.14467616390072	0.582839763086281	0.593905153227187	0.0790615367051033	0.0798962281359574	0.0383325347388596	0.0378378378378378	0.115135779347919	0.113318585917609	0.165585819282317	0.192291753004559	0.762422829512585	0.764576969052995	0.183753122398002	0.182689596842402	0.26092774308653	0.28211116300794	0.0631185807656396	0.0613026819923372	0.0178811766967891	0.0157790927021696	0.0525612617309698	0.0525019445164636	0.11340206185567	0.107249255213505	0.358760826115923	0.360168499882986	0.151699170851337	0.149320702978936	0.302364864864865	0.305032654629274	0.163738019169329	0.093719806763285	0.340850277264325	0.344371716475756	0.102987921169739	0.0975965040058267
Actinomycetota	0.589795918367347	0.576367781155015	0.73704595674951	0.73547680871646	0.699341623994148	0.600268276324614	0.44023569023569	0.456310679611651	0.776058195307858	0.775429578499045	0.282695693933088	0.278890600924499	0.511131407694942	0.496949674699528	0.669381887877336	0.860660660660661	0.865923214437729	0.869109729120581	0.668828361435365	0.608371322005802	0.169170660104477	0.166976579448355	0.745472522897585	0.744009021708486	0.628456735057984	0.624007473143391	0.543417366946779	0.536201984477847	0.531436262257258	0.52603550295858	0.815726016684046	0.816729323308271	0.717432052483599	0.722939424031778	0.552409504774595	0.548326702550901	0.719023706644867	0.720802692259753	0.497635135135135	0.514022281982328	0.420127795527157	0.46280193236715	0.427890737317724	0.424554301955043	0.747616020343293	0.780772032046613	0.589795918367347	0.576367781155015	0.73704595674951	0.73547680871646	0.699341623994148	0.600268276324614	0.44023569023569	0.456310679611651	0.776058195307858	0.775429578499045	0.282695693933088	0.278890600924499	0.511131407694942	0.496949674699528	0.669381887877336	0.860660660660661	0.865923214437729	0.869109729120581	0.668828361435365	0.608371322005802	0.169170660104477	0.166976579448355	0.745472522897585	0.744009021708486	0.628456735057984	0.624007473143391	0.543417366946779	0.536201984477847	0.531436262257258	0.52603550295858	0.815726016684046	0.816729323308271	0.717432052483599	0.722939424031778	0.552409504774595	0.548326702550901	0.719023706644867	0.720802692259753	0.497635135135135	0.514022281982328	0.420127795527157	0.46280193236715	0.427890737317724	0.424554301955043	0.747616020343293	0.780772032046613
Chloroflexota	0.0	0.0	4.96561312908111e-05	7.63708568810142e-05	0.0	0.0	0.0	0.0	0.0001014360445738	0.0001028051108826	0.0001600768368817	0.0	0.0001331963313924	0.0001216076531749	0.0004791566842357	0.0006006006006006	8.51281178173151e-05	0.0001252139070912	0.0004323389537397	0.0004144218814753	8.63446013038035e-05	4.42732545269403e-05	0.0002081598667776	0.0001691570341133	0.0022301516503122	0.0018682858477347	0.0001867413632119	0.0002947244326554	0.0	0.0	0.0003584462982273	0.0003564946849883	0.0	0.0	0.0	0.0	0.0005839075090505	0.0002492833104823	0.0010135135135135	0.003073376872839	0.0	0.0	0.0002464571780653	4.30626130393592e-05	0.0	0.0	0.0	0.0	4.96561312908111e-05	7.63708568810142e-05	0.0	0.0	0.0	0.0	0.0001014360445738	0.0001028051108826	0.0001600768368817	0.0	0.0001331963313924	0.0001216076531749	0.0004791566842357	0.0006006006006006	8.51281178173151e-05	0.0001252139070912	0.0004323389537397	0.0004144218814753	8.63446013038035e-05	4.42732545269403e-05	0.0002081598667776	0.0001691570341133	0.0022301516503122	0.0018682858477347	0.0001867413632119	0.0002947244326554	0.0	0.0	0.0003584462982273	0.0003564946849883	0.0	0.0	0.0	0.0	0.0005839075090505	0.0002492833104823	0.0010135135135135	0.003073376872839	0.0	0.0	0.0002464571780653	4.30626130393592e-05	0.0	0.0
Bacillota	0.310760667903525	0.305661094224924	0.245077835985798	0.247212463723843	0.198975859546452	0.134138162307176	0.329124579124579	0.327449249779347	0.0745265110347926	0.0736525187252166	0.0664318873059068	0.0602636534839925	0.40335654755109	0.41666835566185	0.0891231432678486	0.0930930930930931	0.010811270962799	0.0093075670937852	0.14569822741029	0.168255283878989	0.0563830246513837	0.0568689954398548	0.0629163197335554	0.0658020862700874	0.0414808206958073	0.0294255021018216	0.384033613445378	0.393162393162393	0.447029417419727	0.454437869822485	0.10740354535975	0.10668913663469	0.145267104029991	0.146474677259186	0.0822784810126582	0.0843669553007255	0.102183814083849	0.10332793219494	0.138851351351351	0.117172493276988	0.404952076677316	0.435748792270531	0.165413842678168	0.164369993971234	0.137317228226319	0.10924981791697	0.310760667903525	0.305661094224924	0.245077835985798	0.247212463723843	0.198975859546452	0.134138162307176	0.329124579124579	0.327449249779347	0.0745265110347926	0.0736525187252166	0.0664318873059068	0.0602636534839925	0.40335654755109	0.41666835566185	0.0891231432678486	0.0930930930930931	0.010811270962799	0.0093075670937852	0.14569822741029	0.168255283878989	0.0563830246513837	0.0568689954398548	0.0629163197335554	0.0658020862700874	0.0414808206958073	0.0294255021018216	0.384033613445378	0.393162393162393	0.447029417419727	0.454437869822485	0.10740354535975	0.10668913663469	0.145267104029991	0.146474677259186	0.0822784810126582	0.0843669553007255	0.102183814083849	0.10332793219494	0.138851351351351	0.117172493276988	0.404952076677316	0.435748792270531	0.165413842678168	0.164369993971234	0.137317228226319	0.10924981791697
Cyanobacteriota	0.0	0.0003799392097264	0.0001737964595178	0.0001018278091746	0.0007315288953913	0.0006706908115358	0.0016835016835016	0.0008826125330979	0.000652088857975	0.0005580848876487	0.0027213062269889	0.0023968498544769	0.0001522243787342	0.0001621435375666	0.0004791566842357	0.0006006006006006	0.0002128202945432	0.0002086898451521	0.0021616947686986	0.001243265644426	0.000431723006519	0.0001549563908442	0.000624479600333	0.0007330138144911	0.0022301516503122	0.002802428771602	0.0001867413632119	9.82414775518224e-05	0.0003845414343395	0.0	0.0003910323253388	0.0005185377236193	0.0042174320524836	0.0029791459781529	0.0003331112591605	0.0002340276152586	0.0002335630036202	0.0003739249657235	0.0010135135135135	0.0003841721091048	0.0007987220447284	0.0	0.0002464571780653	0.0002583756782361	0.0006357279084551	0.0007283321194464	0.0	0.0003799392097264	0.0001737964595178	0.0001018278091746	0.0007315288953913	0.0006706908115358	0.0016835016835016	0.0008826125330979	0.000652088857975	0.0005580848876487	0.0027213062269889	0.0023968498544769	0.0001522243787342	0.0001621435375666	0.0004791566842357	0.0006006006006006	0.0002128202945432	0.0002086898451521	0.0021616947686986	0.001243265644426	0.000431723006519	0.0001549563908442	0.000624479600333	0.0007330138144911	0.0022301516503122	0.002802428771602	0.0001867413632119	9.82414775518224e-05	0.0003845414343395	0.0	0.0003910323253388	0.0005185377236193	0.0042174320524836	0.0029791459781529	0.0003331112591605	0.0002340276152586	0.0002335630036202	0.0003739249657235	0.0010135135135135	0.0003841721091048	0.0007987220447284	0.0	0.0002464571780653	0.0002583756782361	0.0006357279084551	0.0007283321194464
Candidatus.Melainabacteria	0.0	0.0	0.0	0.0	0.0	0.0	0.0	0.0	0.0	0.0	0.0001600768368817	0.0003424071220681	1.90280473417818e-05	0.0	0.0	0.0	0.0	0.0	0.0	0.0	0.0	0.0	0.0	0.0	0.0	0.0	0.0	0.0	0.0	0.0	0.0	0.0	0.0	0.0	0.0001110370863868	0.0	0.0	0.0	0.0	0.0	0.0	0.0	0.0	0.0	0.0	0.0	0.0	0.0	0.0	0.0	0.0	0.0	0.0	0.0	0.0	0.0	0.0001600768368817	0.0003424071220681	1.90280473417818e-05	0.0	0.0	0.0	0.0	0.0	0.0	0.0	0.0	0.0	0.0	0.0	0.0	0.0	0.0	0.0	0.0	0.0	0.0	0.0	0.0	0.0	0.0001110370863868	0.0	0.0	0.0	0.0	0.0	0.0	0.0	0.0	0.0	0.0	0.0
Deinococcota	0.0	0.0001899696048632	0.000124140328227	5.09139045873428e-05	0.0007315288953913	0.0	0.0	0.0	2.89817270211132e-05	1.46864444118079e-05	0.0003201536737634	0.0005136106831022	0.0002283365681013	0.0002634832485457	0.0	0.0	0.0001276921767259	0.0001252139070912	0.0004323389537397	0.0008288437629506	0.0002374476535854	0.0002877761544251	5.20399666944213e-05	5.63856780377784e-05	0.0017841213202497	0.0004670714619336	0.0004668534080298	0.0002947244326554	0.0	0.0	0.0004236183524504	0.0004537205081669	0.0	0.0	0.0	0.0002340276152586	0.0002335630036202	0.0	0.002027027027027	0.0019208605455243	0.0	0.0	4.10761963442185e-05	4.30626130393592e-05	0.0	0.0	0.0	0.0001899696048632	0.000124140328227	5.09139045873428e-05	0.0007315288953913	0.0	0.0	0.0	2.89817270211132e-05	1.46864444118079e-05	0.0003201536737634	0.0005136106831022	0.0002283365681013	0.0002634832485457	0.0	0.0	0.0001276921767259	0.0001252139070912	0.0004323389537397	0.0008288437629506	0.0002374476535854	0.0002877761544251	5.20399666944213e-05	5.63856780377784e-05	0.0017841213202497	0.0004670714619336	0.0004668534080298	0.0002947244326554	0.0	0.0	0.0004236183524504	0.0004537205081669	0.0	0.0	0.0	0.0002340276152586	0.0002335630036202	0.0	0.002027027027027	0.0019208605455243	0.0	0.0	4.10761963442185e-05	4.30626130393592e-05	0.0	0.0
Armatimonadota	0.0	0.0	2.48280656454056e-05	5.09139045873428e-05	0.0	0.0	0.0	0.0	0.0	0.0	0.0	0.0	0.0	0.0	0.0	0.0	0.0	0.0	0.0	0.0	0.0	0.0	0.0	0.0	0.0	0.0	0.0	0.0	0.0	0.0	3.25860271115746e-05	6.48172154524242e-05	0.0	0.0	0.0	0.0	0.0	0.0	0.0	0.0003841721091048	0.0	0.0	0.0	0.0	0.0	0.0	0.0	0.0	2.48280656454056e-05	5.09139045873428e-05	0.0	0.0	0.0	0.0	0.0	0.0	0.0	0.0	0.0	0.0	0.0	0.0	0.0	0.0	0.0	0.0	0.0	0.0	0.0	0.0	0.0	0.0	0.0	0.0	0.0	0.0	3.25860271115746e-05	6.48172154524242e-05	0.0	0.0	0.0	0.0	0.0	0.0	0.0	0.0003841721091048	0.0	0.0	0.0	0.0	0.0	0.0
Mycoplasmatota	0.0011131725417439	0.0009498480243161	0.000124140328227	0.0001018278091746	0.0014630577907827	0.0006706908115358	0.0	0.0	0.000391253314785	0.000455279776766	0.0060829198015047	0.0054785139530902	0.0005898694675952	0.0005675023814832	0.0009583133684714	0.0012012012012012	0.0007235890014471	0.0006678075044868	0.0030263726761781	0.002486531288852	0.0011440659672754	0.0011511046177004	0.0007285595337218	0.0003946997462644	0.0071364852809991	0.0079402148528724	0.0002801120448179	0.0002947244326554	0.0001922707171697	0.0003944773175542	0.0016618873826903	0.001685247601763	0.0014058106841612	0.0014895729890764	0.0006662225183211	0.0004680552305172	0.0012845965199112	0.0009971332419294	0.0013513513513513	0.0007683442182097	0.0007987220447284	0.0	0.0007804477305401	0.0005167513564723	0.0012714558169103	0.0014566642388929	0.0011131725417439	0.0009498480243161	0.000124140328227	0.0001018278091746	0.0014630577907827	0.0006706908115358	0.0	0.0	0.000391253314785	0.000455279776766	0.0060829198015047	0.0054785139530902	0.0005898694675952	0.0005675023814832	0.0009583133684714	0.0012012012012012	0.0007235890014471	0.0006678075044868	0.0030263726761781	0.002486531288852	0.0011440659672754	0.0011511046177004	0.0007285595337218	0.0003946997462644	0.0071364852809991	0.0079402148528724	0.0002801120448179	0.0002947244326554	0.0001922707171697	0.0003944773175542	0.0016618873826903	0.001685247601763	0.0014058106841612	0.0014895729890764	0.0006662225183211	0.0004680552305172	0.0012845965199112	0.0009971332419294	0.0013513513513513	0.0007683442182097	0.0007987220447284	0.0	0.0007804477305401	0.0005167513564723	0.0012714558169103	0.0014566642388929
Thermomicrobiota	0.0	0.0	0.0	0.0	0.0	0.0	0.0	0.0	0.0	0.0	0.0	0.0	1.90280473417818e-05	0.0	0.0	0.0	0.0	4.1737969030427e-05	0.0	0.0	0.0	0.0	0.0	0.0	0.0	0.0	0.0	0.0	0.0	0.0	0.0	0.0	0.0	0.0	0.0	0.0	0.0	0.0	0.0	0.0	0.0	0.0	0.0	0.0	0.0	0.0	0.0	0.0	0.0	0.0	0.0	0.0	0.0	0.0	0.0	0.0	0.0	0.0	1.90280473417818e-05	0.0	0.0	0.0	0.0	4.1737969030427e-05	0.0	0.0	0.0	0.0	0.0	0.0	0.0	0.0	0.0	0.0	0.0	0.0	0.0	0.0	0.0	0.0	0.0	0.0	0.0	0.0	0.0	0.0	0.0	0.0	0.0	0.0	0.0	0.0
Candidatus.Kaiserbacteria	0.0	0.0	0.0	0.0	0.0	0.0	0.0	0.0	2.89817270211132e-05	0.0	0.0	0.0	0.0	2.02679421958289e-05	0.0	0.0	0.0	0.0	0.0	0.0	0.0	4.42732545269403e-05	0.0	0.0	0.0	0.0	0.0	0.0	0.0	0.0	0.0	0.0	0.0	0.0	0.0	0.0	0.0	0.0	0.0	0.0	0.0	0.0	0.0	0.0	0.0	0.0	0.0	0.0	0.0	0.0	0.0	0.0	0.0	0.0	2.89817270211132e-05	0.0	0.0	0.0	0.0	2.02679421958289e-05	0.0	0.0	0.0	0.0	0.0	0.0	0.0	4.42732545269403e-05	0.0	0.0	0.0	0.0	0.0	0.0	0.0	0.0	0.0	0.0	0.0	0.0	0.0	0.0	0.0	0.0	0.0	0.0	0.0	0.0	0.0	0.0	0.0	0.0
Candidatus.Nomurabacteria	0.0	0.0	0.0	0.0	0.0	0.0	0.0	0.0	0.0	0.0	0.0	0.0	0.0	2.02679421958289e-05	0.0	0.0	0.0	0.0	0.0	0.0	0.0	0.0	0.0	0.0	0.0	0.0	0.0	0.0	0.0	0.0	0.0	0.0	0.0	0.0	0.0	0.0	0.0	0.0	0.0	0.0	0.0	0.0	0.0	0.0	0.0	0.0	0.0	0.0	0.0	0.0	0.0	0.0	0.0	0.0	0.0	0.0	0.0	0.0	0.0	2.02679421958289e-05	0.0	0.0	0.0	0.0	0.0	0.0	0.0	0.0	0.0	0.0	0.0	0.0	0.0	0.0	0.0	0.0	0.0	0.0	0.0	0.0	0.0	0.0	0.0	0.0	0.0	0.0	0.0	0.0	0.0	0.0	0.0	0.0
Candidatus.Yanofskybacteria	0.0	0.0	0.0	0.0	0.0	0.0	0.0	0.0	0.0	0.0	0.0	0.000171203561034	0.0	0.0	0.0	0.0	0.0	0.0	0.0	0.0	0.0	0.0	0.0	0.0	0.0	0.0	0.0	0.0	0.0	0.0	0.0	0.0	0.0	0.0	0.0	0.0	0.0	0.0	0.0	0.0	0.0	0.0	0.0	0.0	0.0	0.0	0.0	0.0	0.0	0.0	0.0	0.0	0.0	0.0	0.0	0.0	0.0	0.000171203561034	0.0	0.0	0.0	0.0	0.0	0.0	0.0	0.0	0.0	0.0	0.0	0.0	0.0	0.0	0.0	0.0	0.0	0.0	0.0	0.0	0.0	0.0	0.0	0.0	0.0	0.0	0.0	0.0	0.0	0.0	0.0	0.0	0.0	0.0
Candidatus.Azambacteria	0.0	0.0	0.0	0.0	0.0	0.0	0.0	0.0	0.0	0.0	0.0003201536737634	0.0005136106831022	0.0	0.0	0.0	0.0	0.0	0.0	0.0	0.0	0.0	0.0	0.0	0.0	0.0	0.0	0.0	0.0	0.0	0.0	0.0	0.0	0.0	0.0	0.0	0.0	0.0	0.0	0.0	0.0	0.0	0.0	0.0	0.0	0.0	0.0	0.0	0.0	0.0	0.0	0.0	0.0	0.0	0.0	0.0	0.0	0.0003201536737634	0.0005136106831022	0.0	0.0	0.0	0.0	0.0	0.0	0.0	0.0	0.0	0.0	0.0	0.0	0.0	0.0	0.0	0.0	0.0	0.0	0.0	0.0	0.0	0.0	0.0	0.0	0.0	0.0	0.0	0.0	0.0	0.0	0.0	0.0	0.0	0.0
Candidatus.Falkowbacteria	0.0	0.0	0.0	0.0	0.0	0.0	0.0	0.0	1.44908635105566e-05	4.40593332354237e-05	0.0004802305106451	0.0	0.0	0.0	0.0004791566842357	0.0006006006006006	0.0	0.0	0.0	0.0	0.0	0.0	0.0	0.0	0.0	0.0	0.0	0.0	0.0	0.0	0.0	0.0	0.0	0.0	0.0001110370863868	0.0	0.0	0.0	0.0	0.0	0.0	0.0	0.0	0.0	0.0	0.0	0.0	0.0	0.0	0.0	0.0	0.0	0.0	0.0	1.44908635105566e-05	4.40593332354237e-05	0.0004802305106451	0.0	0.0	0.0	0.0004791566842357	0.0006006006006006	0.0	0.0	0.0	0.0	0.0	0.0	0.0	0.0	0.0	0.0	0.0	0.0	0.0	0.0	0.0	0.0	0.0	0.0	0.0001110370863868	0.0	0.0	0.0	0.0	0.0	0.0	0.0	0.0	0.0	0.0	0.0
Candidatus.Magasanikbacteria	0.0	0.0	0.0	0.0	0.0	0.0	0.0	0.0	5.79634540422264e-05	0.0001028051108826	0.0051224587802145	0.004964903269988	0.0	2.02679421958289e-05	0.0	0.0	4.25640589086575e-05	0.0	0.0	0.0004144218814753	2.15861503259509e-05	0.0	0.0	0.0001691570341133	0.0	0.0	0.0	0.0	0.0	0.0	0.0	0.0	0.0	0.0004965243296921	0.0003331112591605	0.0	0.0	0.0	0.0	0.0	0.0	0.0	0.0	8.61252260787185e-05	0.0	0.0	0.0	0.0	0.0	0.0	0.0	0.0	0.0	0.0	5.79634540422264e-05	0.0001028051108826	0.0051224587802145	0.004964903269988	0.0	2.02679421958289e-05	0.0	0.0	4.25640589086575e-05	0.0	0.0	0.0004144218814753	2.15861503259509e-05	0.0	0.0	0.0001691570341133	0.0	0.0	0.0	0.0	0.0	0.0	0.0	0.0	0.0	0.0004965243296921	0.0003331112591605	0.0	0.0	0.0	0.0	0.0	0.0	0.0	0.0	8.61252260787185e-05	0.0	0.0
Candidatus.Nealsonbacteria	0.0	0.0	0.0	0.0	0.0	0.0	0.0	0.0	5.79634540422264e-05	5.87457776472316e-05	0.0001600768368817	0.000171203561034	0.0	0.0	0.0	0.0	0.0	0.0	0.0	0.0	2.15861503259509e-05	0.0	5.20399666944213e-05	0.0	0.0	0.0	0.0	0.0	0.0	0.0	0.0	0.0	0.0	0.0	0.0	0.0	0.0	0.0	0.0	0.0	0.0	0.0	0.0	0.0	0.0	0.0	0.0	0.0	0.0	0.0	0.0	0.0	0.0	0.0	5.79634540422264e-05	5.87457776472316e-05	0.0001600768368817	0.000171203561034	0.0	0.0	0.0	0.0	0.0	0.0	0.0	0.0	2.15861503259509e-05	0.0	5.20399666944213e-05	0.0	0.0	0.0	0.0	0.0	0.0	0.0	0.0	0.0	0.0	0.0	0.0	0.0	0.0	0.0	0.0	0.0	0.0	0.0	0.0	0.0	0.0	0.0
Candidatus.Uhrbacteria	0.0	0.0	0.0	0.0	0.0	0.0	0.0	0.0	0.0	0.0	0.0001600768368817	0.0	0.0	0.0	0.0	0.0	0.0	0.0	0.0	0.0	0.0	0.0	0.0	0.0	0.0	0.0	0.0	0.0	0.0	0.0	3.25860271115746e-05	0.0	0.0009372071227741	0.0	0.0	0.0	0.0	0.0	0.0	0.0003841721091048	0.0	0.0	4.10761963442185e-05	0.0	0.0	0.0	0.0	0.0	0.0	0.0	0.0	0.0	0.0	0.0	0.0	0.0	0.0001600768368817	0.0	0.0	0.0	0.0	0.0	0.0	0.0	0.0	0.0	0.0	0.0	0.0	0.0	0.0	0.0	0.0	0.0	0.0	0.0	3.25860271115746e-05	0.0	0.0009372071227741	0.0	0.0	0.0	0.0	0.0	0.0	0.0003841721091048	0.0	0.0	4.10761963442185e-05	0.0	0.0	0.0
Candidatus.Moranbacteria	0.0	0.0	0.0	0.0	0.0	0.0	0.0	0.0	0.0	0.0	0.0001600768368817	0.000171203561034	0.0	0.0	0.0	0.0	0.0	0.0	0.0	0.0	0.0	0.0	0.0	0.0	0.0	0.0	0.0	0.0	0.0	0.0	0.0	0.0	0.0014058106841612	0.0009930486593843	0.0	0.0	0.0	0.0	0.0	0.0	0.0	0.0	0.0	0.0	0.0	0.0	0.0	0.0	0.0	0.0	0.0	0.0	0.0	0.0	0.0	0.0	0.0001600768368817	0.000171203561034	0.0	0.0	0.0	0.0	0.0	0.0	0.0	0.0	0.0	0.0	0.0	0.0	0.0	0.0	0.0	0.0	0.0	0.0	0.0	0.0	0.0014058106841612	0.0009930486593843	0.0	0.0	0.0	0.0	0.0	0.0	0.0	0.0	0.0	0.0	0.0	0.0
Candidatus.Zambryskibacteria	0.0	0.0	0.0	0.0	0.0	0.0	0.0	0.0	0.0	0.0	0.0	0.0	0.0	0.0	0.0	0.0	0.0	0.0	0.0	0.0004144218814753	0.0	0.0	0.0	0.0	0.0	0.0	0.0	0.0	0.0	0.0	0.0	0.0	0.0	0.0	0.0	0.0	0.0	0.0	0.0	0.0	0.0	0.0	0.0	0.0	0.0	0.0	0.0	0.0	0.0	0.0	0.0	0.0	0.0	0.0	0.0	0.0	0.0	0.0	0.0	0.0	0.0	0.0	0.0	0.0	0.0	0.0004144218814753	0.0	0.0	0.0	0.0	0.0	0.0	0.0	0.0	0.0	0.0	0.0	0.0	0.0	0.0	0.0	0.0	0.0	0.0	0.0	0.0	0.0	0.0	0.0	0.0	0.0	0.0
Candidatus.Staskawiczbacteria	0.0	0.0	0.0	0.0	0.0	0.0	0.0	0.0	0.0	0.0	0.0001600768368817	0.000171203561034	0.0	0.0	0.0	0.0	0.0	0.0	0.0	0.0	0.0	0.0	0.0	0.0	0.0	0.0	0.0	0.0	0.0	0.0	0.0	0.0	0.0	0.0	0.0	0.0	0.0	0.0	0.0	0.0	0.0	0.0	0.0	0.0	0.0	0.0	0.0	0.0	0.0	0.0	0.0	0.0	0.0	0.0	0.0	0.0	0.0001600768368817	0.000171203561034	0.0	0.0	0.0	0.0	0.0	0.0	0.0	0.0	0.0	0.0	0.0	0.0	0.0	0.0	0.0	0.0	0.0	0.0	0.0	0.0	0.0	0.0	0.0	0.0	0.0	0.0	0.0	0.0	0.0	0.0	0.0	0.0	0.0	0.0
Candidatus.Wolfebacteria	0.0	0.0	0.0	0.0	0.0	0.0	0.0	0.0	0.0	0.0	0.0	0.0	0.0	0.0	0.0	0.0	0.0	0.0	0.0	0.0	0.0	0.0	0.0	0.0	0.0	0.0	0.0	0.0	0.0	0.0	3.25860271115746e-05	0.0	0.0	0.0	0.0	0.0	0.0	0.0	0.0	0.0	0.0	0.0	0.0	0.0	0.0	0.0	0.0	0.0	0.0	0.0	0.0	0.0	0.0	0.0	0.0	0.0	0.0	0.0	0.0	0.0	0.0	0.0	0.0	0.0	0.0	0.0	0.0	0.0	0.0	0.0	0.0	0.0	0.0	0.0	0.0	0.0	3.25860271115746e-05	0.0	0.0	0.0	0.0	0.0	0.0	0.0	0.0	0.0	0.0	0.0	0.0	0.0	0.0	0.0
Candidatus.Buchananbacteria	0.0	0.0	0.0	0.0	0.0	0.0	0.0	0.0	0.0	0.0	0.0001600768368817	0.000171203561034	0.0	0.0	0.0	0.0	0.0	0.0	0.0	0.0	0.0	0.0	0.0	0.0	0.0	0.0	0.0	0.0	0.0	0.0	0.0	0.0	0.0	0.0	0.0	0.0	0.0	0.0	0.0	0.0	0.0	0.0	0.0	0.0	0.0	0.0	0.0	0.0	0.0	0.0	0.0	0.0	0.0	0.0	0.0	0.0	0.0001600768368817	0.000171203561034	0.0	0.0	0.0	0.0	0.0	0.0	0.0	0.0	0.0	0.0	0.0	0.0	0.0	0.0	0.0	0.0	0.0	0.0	0.0	0.0	0.0	0.0	0.0	0.0	0.0	0.0	0.0	0.0	0.0	0.0	0.0	0.0	0.0	0.0
Candidatus.Portnoybacteria	0.0	0.0	0.0	0.0	0.0	0.0	0.0	0.0	0.0	0.0	0.0	0.0	0.0	0.0	0.0	0.0	0.0	0.0	0.0	0.0	0.0	0.0	0.0	0.0	0.0	0.0	0.0	0.0	0.0	0.0	3.25860271115746e-05	0.0	0.0	0.0	0.0	0.0	0.0	0.0	0.0	0.0	0.0	0.0	0.0	0.0	0.0	0.0	0.0	0.0	0.0	0.0	0.0	0.0	0.0	0.0	0.0	0.0	0.0	0.0	0.0	0.0	0.0	0.0	0.0	0.0	0.0	0.0	0.0	0.0	0.0	0.0	0.0	0.0	0.0	0.0	0.0	0.0	3.25860271115746e-05	0.0	0.0	0.0	0.0	0.0	0.0	0.0	0.0	0.0	0.0	0.0	0.0	0.0	0.0	0.0
Candidatus.Adlerbacteria	0.0	0.0	0.0	0.0	0.0	0.0	0.0	0.0	0.0	0.0	0.0	0.0	0.0	0.0	0.0	0.0	0.0	0.0	0.0	0.0	0.0	0.0	0.0	0.0	0.0	0.0	0.0	0.0	0.0	0.0	3.25860271115746e-05	3.24086077262121e-05	0.0	0.0	0.0	0.0	0.0	0.0001246416552411	0.0	0.0	0.0	0.0	0.0	0.0	0.0	0.0	0.0	0.0	0.0	0.0	0.0	0.0	0.0	0.0	0.0	0.0	0.0	0.0	0.0	0.0	0.0	0.0	0.0	0.0	0.0	0.0	0.0	0.0	0.0	0.0	0.0	0.0	0.0	0.0	0.0	0.0	3.25860271115746e-05	3.24086077262121e-05	0.0	0.0	0.0	0.0	0.0	0.0001246416552411	0.0	0.0	0.0	0.0	0.0	0.0	0.0	0.0
Candidatus.Liptonbacteria	0.0	0.0	0.0	0.0	0.0	0.0	0.0	0.0	0.0	0.0	0.0001600768368817	0.0	0.0	0.0	0.0	0.0	0.0	0.0	0.0	0.0	0.0	0.0	0.0	0.0	0.0	0.0	0.0	0.0	0.0	0.0	3.25860271115746e-05	3.24086077262121e-05	0.0	0.0	0.0	0.0	0.0	0.0	0.0	0.0	0.0	0.0	0.0	0.0	0.0	0.0	0.0	0.0	0.0	0.0	0.0	0.0	0.0	0.0	0.0	0.0	0.0001600768368817	0.0	0.0	0.0	0.0	0.0	0.0	0.0	0.0	0.0	0.0	0.0	0.0	0.0	0.0	0.0	0.0	0.0	0.0	0.0	3.25860271115746e-05	3.24086077262121e-05	0.0	0.0	0.0	0.0	0.0	0.0	0.0	0.0	0.0	0.0	0.0	0.0	0.0	0.0
Candidatus.Ryanbacteria	0.0	0.0	0.0	0.0	0.0	0.0	0.0	0.0	2.89817270211132e-05	4.40593332354237e-05	0.0	0.0	0.0	0.0	0.0	0.0	0.0	0.0	0.0	0.0	0.0	0.0	0.0	0.0	0.0	0.0	0.0	0.0	0.0	0.0	0.0	0.0	0.0	0.0	0.0	0.0	0.0	0.0	0.0	0.0	0.0	0.0	4.10761963442185e-05	0.0	0.0	0.0	0.0	0.0	0.0	0.0	0.0	0.0	0.0	0.0	2.89817270211132e-05	4.40593332354237e-05	0.0	0.0	0.0	0.0	0.0	0.0	0.0	0.0	0.0	0.0	0.0	0.0	0.0	0.0	0.0	0.0	0.0	0.0	0.0	0.0	0.0	0.0	0.0	0.0	0.0	0.0	0.0	0.0	0.0	0.0	0.0	0.0	4.10761963442185e-05	0.0	0.0	0.0
Candidatus.Wildermuthbacteria	0.0	0.0	0.0	0.0	0.0	0.0	0.0	0.0	0.0	0.0	0.0001600768368817	0.0	0.0	0.0	0.0	0.0	0.0	0.0	0.0	0.0	0.0	0.0	0.0	0.0	0.0	0.0	0.0	0.0	0.0	0.0	0.0	0.0	0.0	0.0	0.0	0.0	0.0	0.0	0.0	0.0	0.0	0.0	0.0	0.0	0.0	0.0	0.0	0.0	0.0	0.0	0.0	0.0	0.0	0.0	0.0	0.0	0.0001600768368817	0.0	0.0	0.0	0.0	0.0	0.0	0.0	0.0	0.0	0.0	0.0	0.0	0.0	0.0	0.0	0.0	0.0	0.0	0.0	0.0	0.0	0.0	0.0	0.0	0.0	0.0	0.0	0.0	0.0	0.0	0.0	0.0	0.0	0.0	0.0
Candidatus.Komeilibacteria	0.0	0.0	0.0	0.0	0.0	0.0	0.0	0.0	0.0	1.46864444118079e-05	0.0	0.0	0.0	0.0	0.0	0.0	0.0	0.0	0.0	0.0	0.0	0.0	5.20399666944213e-05	0.0	0.0	0.0	0.0	0.0	0.0	0.0	0.0	0.0	0.0	0.0	0.0	0.0	0.0	0.0	0.0	0.0	0.0	0.0	0.0	0.0	0.0	0.0	0.0	0.0	0.0	0.0	0.0	0.0	0.0	0.0	0.0	1.46864444118079e-05	0.0	0.0	0.0	0.0	0.0	0.0	0.0	0.0	0.0	0.0	0.0	0.0	5.20399666944213e-05	0.0	0.0	0.0	0.0	0.0	0.0	0.0	0.0	0.0	0.0	0.0	0.0	0.0	0.0	0.0	0.0	0.0	0.0	0.0	0.0	0.0	0.0	0.0
Candidatus.Kerfeldbacteria	0.0	0.0	0.0	0.0	0.0	0.0	0.0	0.0	0.0	0.0	0.0	0.0	0.0	0.0	0.0	0.0	0.0	0.0	0.0	0.0	0.0	0.0	0.0	0.0	0.0	0.0	0.0	0.0	0.0	0.0	0.0	3.24086077262121e-05	0.0	0.0	0.0	0.0	0.0	0.0	0.0	0.0	0.0	0.0	0.0	0.0	0.0	0.0	0.0	0.0	0.0	0.0	0.0	0.0	0.0	0.0	0.0	0.0	0.0	0.0	0.0	0.0	0.0	0.0	0.0	0.0	0.0	0.0	0.0	0.0	0.0	0.0	0.0	0.0	0.0	0.0	0.0	0.0	0.0	3.24086077262121e-05	0.0	0.0	0.0	0.0	0.0	0.0	0.0	0.0	0.0	0.0	0.0	0.0	0.0	0.0
Candidatus.Terrybacteria	0.0	0.0	0.0	0.0	0.0	0.0	0.0	0.0	0.0	0.0	0.0001600768368817	0.0	0.0	0.0	0.0	0.0	0.0	0.0	0.0	0.0	0.0	0.0	0.0	0.0	0.0	0.0	0.0	0.0	0.0	0.0	0.0	0.0	0.0	0.0	0.0	0.0	0.0	0.0	0.0	0.0	0.0	0.0	0.0	0.0	0.0	0.0	0.0	0.0	0.0	0.0	0.0	0.0	0.0	0.0	0.0	0.0	0.0001600768368817	0.0	0.0	0.0	0.0	0.0	0.0	0.0	0.0	0.0	0.0	0.0	0.0	0.0	0.0	0.0	0.0	0.0	0.0	0.0	0.0	0.0	0.0	0.0	0.0	0.0	0.0	0.0	0.0	0.0	0.0	0.0	0.0	0.0	0.0	0.0
Candidatus.Yonathbacteria	0.0	0.0	0.0	0.0	0.0	0.0	0.0	0.0	0.0	0.0	0.0	0.0	0.0	0.0	0.0	0.0	0.0	0.0	0.0	0.0	0.0	2.21366272634701e-05	0.0	0.0	0.0	0.0	0.0	0.0	0.0	0.0	0.0	0.0	0.0	0.0	0.0	0.0	0.0	0.0	0.0	0.0	0.0	0.0	0.0	0.0	0.0	0.0	0.0	0.0	0.0	0.0	0.0	0.0	0.0	0.0	0.0	0.0	0.0	0.0	0.0	0.0	0.0	0.0	0.0	0.0	0.0	0.0	0.0	2.21366272634701e-05	0.0	0.0	0.0	0.0	0.0	0.0	0.0	0.0	0.0	0.0	0.0	0.0	0.0	0.0	0.0	0.0	0.0	0.0	0.0	0.0	0.0	0.0	0.0	0.0
Candidatus.Colwellbacteria	0.0	0.0	0.0	0.0	0.0	0.0	0.0	0.0	1.44908635105566e-05	0.0	0.0001600768368817	0.0	0.0	0.0	0.0	0.0	0.0	0.0	0.0	0.0	0.0	0.0	0.0	0.0	0.0	0.0	0.0	0.0	0.0	0.0	0.0	0.0	0.0	0.0	0.0	0.0	0.0	0.0	0.0	0.0	0.0	0.0	0.0	0.0	0.0	0.0	0.0	0.0	0.0	0.0	0.0	0.0	0.0	0.0	1.44908635105566e-05	0.0	0.0001600768368817	0.0	0.0	0.0	0.0	0.0	0.0	0.0	0.0	0.0	0.0	0.0	0.0	0.0	0.0	0.0	0.0	0.0	0.0	0.0	0.0	0.0	0.0	0.0	0.0	0.0	0.0	0.0	0.0	0.0	0.0	0.0	0.0	0.0	0.0	0.0
Candidatus.Woesebacteria	0.0	0.0	0.0	0.0	0.0	0.0	0.0	0.0	0.0	0.0	0.0001600768368817	0.0003424071220681	0.0	0.0	0.0	0.0	0.0	0.0	0.0	0.0	0.0	0.0	0.0	0.0	0.0	0.0	0.0	0.0	0.0	0.0	0.0	0.0	0.0009372071227741	0.0	0.0	0.0	0.0	0.0	0.0	0.0	0.0	0.0	0.0	0.0	0.0	0.0	0.0	0.0	0.0	0.0	0.0	0.0	0.0	0.0	0.0	0.0	0.0001600768368817	0.0003424071220681	0.0	0.0	0.0	0.0	0.0	0.0	0.0	0.0	0.0	0.0	0.0	0.0	0.0	0.0	0.0	0.0	0.0	0.0	0.0	0.0	0.0009372071227741	0.0	0.0	0.0	0.0	0.0	0.0	0.0	0.0	0.0	0.0	0.0	0.0	0.0
Candidatus.Gottesmanbacteria	0.0	0.0	0.0	0.0	0.0	0.0	0.0	0.0	4.34725905316698e-05	7.34322220590395e-05	0.0001600768368817	0.0003424071220681	0.0	0.0	0.0004791566842357	0.0	4.25640589086575e-05	0.0	0.0	0.0004144218814753	0.0	0.0	5.20399666944213e-05	0.0001127713560755	0.0	0.0	0.0	0.0	0.0	0.0	0.0	0.0	0.000468603561387	0.0004965243296921	0.0	0.0	0.0	0.0	0.0	0.0	0.0	0.0	0.0	0.0	0.0	0.0	0.0	0.0	0.0	0.0	0.0	0.0	0.0	0.0	4.34725905316698e-05	7.34322220590395e-05	0.0001600768368817	0.0003424071220681	0.0	0.0	0.0004791566842357	0.0	4.25640589086575e-05	0.0	0.0	0.0004144218814753	0.0	0.0	5.20399666944213e-05	0.0001127713560755	0.0	0.0	0.0	0.0	0.0	0.0	0.0	0.0	0.000468603561387	0.0004965243296921	0.0	0.0	0.0	0.0	0.0	0.0	0.0	0.0	0.0	0.0	0.0	0.0
Candidatus.Roizmanbacteria	0.0	0.0	0.0	0.0	0.0	0.0	0.0	0.0	0.0001449086351055	8.81186664708474e-05	0.0006403073475268	0.0	1.90280473417818e-05	0.0	0.0	0.0	0.0	0.0	0.0004323389537397	0.0	0.0	0.0	5.20399666944213e-05	0.0001127713560755	0.0	0.0	0.0	0.0	0.0	0.0	0.0	3.24086077262121e-05	0.0	0.0	0.0	0.0	0.0	0.0	0.0	0.0	0.0	0.0	0.0	0.0	0.0	0.0	0.0	0.0	0.0	0.0	0.0	0.0	0.0	0.0	0.0001449086351055	8.81186664708474e-05	0.0006403073475268	0.0	1.90280473417818e-05	0.0	0.0	0.0	0.0	0.0	0.0004323389537397	0.0	0.0	0.0	5.20399666944213e-05	0.0001127713560755	0.0	0.0	0.0	0.0	0.0	0.0	0.0	3.24086077262121e-05	0.0	0.0	0.0	0.0	0.0	0.0	0.0	0.0	0.0	0.0	0.0	0.0	0.0	0.0
Candidatus.Levybacteria	0.0	0.0	0.0	0.0	0.0	0.0	0.0	0.0	1.44908635105566e-05	2.93728888236158e-05	0.0	0.0	0.0	0.0	0.0	0.0	0.0	0.0	0.0004323389537397	0.0	0.0	0.0	0.0	0.0	0.0	0.0	0.0	0.0	0.0	0.0	0.0	0.0	0.0	0.0	0.0	0.0	0.0	0.0	0.0	0.0	0.0	0.0	0.0	0.0	0.0	0.0	0.0	0.0	0.0	0.0	0.0	0.0	0.0	0.0	1.44908635105566e-05	2.93728888236158e-05	0.0	0.0	0.0	0.0	0.0	0.0	0.0	0.0	0.0004323389537397	0.0	0.0	0.0	0.0	0.0	0.0	0.0	0.0	0.0	0.0	0.0	0.0	0.0	0.0	0.0	0.0	0.0	0.0	0.0	0.0	0.0	0.0	0.0	0.0	0.0	0.0	0.0
Candidatus.Daviesbacteria	0.0	0.0	0.0	0.0	0.0	0.0	0.0	0.0	0.0	0.0	0.0	0.0	0.0	2.02679421958289e-05	0.0	0.0	0.0	0.0	0.0	0.0	0.0	0.0	0.0	0.0001127713560755	0.0	0.0	0.0	0.0	0.0	0.0	0.0	0.0	0.0	0.0	0.0	0.0001170138076293	0.0	0.0	0.0	0.0	0.0	0.0	0.0	0.0	0.0	0.0	0.0	0.0	0.0	0.0	0.0	0.0	0.0	0.0	0.0	0.0	0.0	0.0	0.0	2.02679421958289e-05	0.0	0.0	0.0	0.0	0.0	0.0	0.0	0.0	0.0	0.0001127713560755	0.0	0.0	0.0	0.0	0.0	0.0	0.0	0.0	0.0	0.0	0.0	0.0001170138076293	0.0	0.0	0.0	0.0	0.0	0.0	0.0	0.0	0.0	0.0
Candidatus.Curtissbacteria	0.0	0.0	0.0	0.0	0.0	0.0	0.0	0.0	0.0	0.0	0.0001600768368817	0.0	0.0	0.0	0.0	0.0	0.0	0.0	0.0	0.0	0.0	0.0	0.0	0.0	0.0	0.0	0.0	0.0	0.0	0.0	0.0	0.0	0.0	0.0	0.0	0.0	0.0	0.0	0.0	0.0	0.0	0.0	0.0	0.0	0.0	0.0	0.0	0.0	0.0	0.0	0.0	0.0	0.0	0.0	0.0	0.0	0.0001600768368817	0.0	0.0	0.0	0.0	0.0	0.0	0.0	0.0	0.0	0.0	0.0	0.0	0.0	0.0	0.0	0.0	0.0	0.0	0.0	0.0	0.0	0.0	0.0	0.0	0.0	0.0	0.0	0.0	0.0	0.0	0.0	0.0	0.0	0.0	0.0
Candidatus.Beckwithbacteria	0.0	0.0	0.0	0.0	0.0	0.0	0.0	0.0	0.0	1.46864444118079e-05	0.0	0.0	0.0	0.0	0.0	0.0	0.0	0.0	0.0	0.0004144218814753	0.0	0.0	0.0	0.0	0.0	0.0	0.0	0.0	0.0	0.0	0.0	0.0	0.0	0.0	0.0	0.0	0.0	0.0	0.0	0.0	0.0	0.0	0.0	0.0	0.0	0.0	0.0	0.0	0.0	0.0	0.0	0.0	0.0	0.0	0.0	1.46864444118079e-05	0.0	0.0	0.0	0.0	0.0	0.0	0.0	0.0	0.0	0.0004144218814753	0.0	0.0	0.0	0.0	0.0	0.0	0.0	0.0	0.0	0.0	0.0	0.0	0.0	0.0	0.0	0.0	0.0	0.0	0.0	0.0	0.0	0.0	0.0	0.0	0.0	0.0
Candidatus.Amesbacteria	0.0	0.0	0.0	0.0	0.0	0.0	0.0	0.0	1.44908635105566e-05	0.0	0.0	0.0	0.0	2.02679421958289e-05	0.0004791566842357	0.0	0.0	0.0	0.0	0.0	2.15861503259509e-05	0.0	0.0	0.0	0.0	0.0	0.0	0.0	0.0	0.0	0.0	0.0	0.0	0.0	0.0	0.0	0.0	0.0	0.0	0.0	0.0	0.0	0.0	0.0	0.0	0.0	0.0	0.0	0.0	0.0	0.0	0.0	0.0	0.0	1.44908635105566e-05	0.0	0.0	0.0	0.0	2.02679421958289e-05	0.0004791566842357	0.0	0.0	0.0	0.0	0.0	2.15861503259509e-05	0.0	0.0	0.0	0.0	0.0	0.0	0.0	0.0	0.0	0.0	0.0	0.0	0.0	0.0	0.0	0.0	0.0	0.0	0.0	0.0	0.0	0.0	0.0	0.0	0.0
Candidatus.Collierbacteria	0.0	0.0	0.0	0.0	0.0	0.0	0.0	0.0	2.89817270211132e-05	0.0	0.0	0.0	0.0	0.0	0.0	0.0	0.0	0.0	0.0	0.0	2.15861503259509e-05	0.0	0.0	0.0	0.0	0.0	0.0	0.0	0.0	0.0	0.0	0.0	0.0	0.0	0.0	0.0	0.0	0.0	0.0	0.0	0.0	0.0	0.0	0.0	0.0	0.0	0.0	0.0	0.0	0.0	0.0	0.0	0.0	0.0	2.89817270211132e-05	0.0	0.0	0.0	0.0	0.0	0.0	0.0	0.0	0.0	0.0	0.0	2.15861503259509e-05	0.0	0.0	0.0	0.0	0.0	0.0	0.0	0.0	0.0	0.0	0.0	0.0	0.0	0.0	0.0	0.0	0.0	0.0	0.0	0.0	0.0	0.0	0.0	0.0	0.0
Candidatus.Gracilibacteria	0.0	0.0	0.0	0.0	0.0	0.0	0.0	0.0	0.0	0.0	0.0	0.0	0.0	0.0	0.0	0.0	0.0	0.0	0.0	0.0	0.0	2.21366272634701e-05	0.0	0.0	0.0	0.0	0.0	0.0	0.0	0.0	0.0	0.0	0.0	0.0	0.0	0.0	0.0	0.0	0.0	0.0	0.0	0.0	0.0	0.0	0.0	0.0	0.0	0.0	0.0	0.0	0.0	0.0	0.0	0.0	0.0	0.0	0.0	0.0	0.0	0.0	0.0	0.0	0.0	0.0	0.0	0.0	0.0	2.21366272634701e-05	0.0	0.0	0.0	0.0	0.0	0.0	0.0	0.0	0.0	0.0	0.0	0.0	0.0	0.0	0.0	0.0	0.0	0.0	0.0	0.0	0.0	0.0	0.0	0.0
candidate.division.NC10	0.0	0.0	0.0	0.0	0.0	0.0	0.0	0.0	0.0	0.0	0.0	0.0	0.0	0.0	0.0	0.0	0.0	0.0	0.0	0.0	0.0	0.0	0.0	0.0	0.0	0.0	9.33706816059757e-05	0.0	0.0	0.0	3.25860271115746e-05	0.0	0.0	0.0	0.0	0.0	0.0	0.0	0.0	0.0	0.0	0.0	0.0	0.0	0.0	0.0	0.0	0.0	0.0	0.0	0.0	0.0	0.0	0.0	0.0	0.0	0.0	0.0	0.0	0.0	0.0	0.0	0.0	0.0	0.0	0.0	0.0	0.0	0.0	0.0	0.0	0.0	9.33706816059757e-05	0.0	0.0	0.0	3.25860271115746e-05	0.0	0.0	0.0	0.0	0.0	0.0	0.0	0.0	0.0	0.0	0.0	0.0	0.0	0.0	0.0
Candidatus.Rokubacteria	0.0	0.0	0.0	2.54569522936714e-05	0.0	0.0	0.0	0.0	1.44908635105566e-05	0.0	0.0001600768368817	0.0	3.80560946835636e-05	0.0	0.0	0.0	4.25640589086575e-05	4.1737969030427e-05	0.0	0.0	0.0	2.21366272634701e-05	0.0	0.0	0.0004460303300624	0.0	0.0001867413632119	0.0	0.0	0.0	6.51720542231491e-05	6.48172154524242e-05	0.0	0.0	0.0	0.0	0.0	0.0	0.0010135135135135	0.0	0.0	0.0	0.0	4.30626130393592e-05	0.0	0.0	0.0	0.0	0.0	2.54569522936714e-05	0.0	0.0	0.0	0.0	1.44908635105566e-05	0.0	0.0001600768368817	0.0	3.80560946835636e-05	0.0	0.0	0.0	4.25640589086575e-05	4.1737969030427e-05	0.0	0.0	0.0	2.21366272634701e-05	0.0	0.0	0.0004460303300624	0.0	0.0001867413632119	0.0	0.0	0.0	6.51720542231491e-05	6.48172154524242e-05	0.0	0.0	0.0	0.0	0.0	0.0	0.0010135135135135	0.0	0.0	0.0	0.0	4.30626130393592e-05	0.0	0.0
Candidatus.Handelsmanbacteria	0.0	0.0	0.0	0.0	0.0	0.0	0.0	0.0	1.44908635105566e-05	2.93728888236158e-05	0.0	0.0	1.90280473417818e-05	4.05358843916577e-05	0.0	0.0	0.0	0.0	0.0	0.0	0.0	0.0	0.0	0.0	0.0	0.0	0.0	0.0	0.0	0.0	0.0	0.0	0.0	0.0	0.0	0.0	0.0	0.0	0.0	0.0	0.0	0.0	4.10761963442185e-05	0.0	0.0	0.0	0.0	0.0	0.0	0.0	0.0	0.0	0.0	0.0	1.44908635105566e-05	2.93728888236158e-05	0.0	0.0	1.90280473417818e-05	4.05358843916577e-05	0.0	0.0	0.0	0.0	0.0	0.0	0.0	0.0	0.0	0.0	0.0	0.0	0.0	0.0	0.0	0.0	0.0	0.0	0.0	0.0	0.0	0.0	0.0	0.0	0.0	0.0	0.0	0.0	4.10761963442185e-05	0.0	0.0	0.0
Candidatus.Schekmanbacteria	0.0	0.0	0.0	0.0	0.0	0.0	0.0	0.0	0.0	0.0	0.0001600768368817	0.000171203561034	0.0	0.0	0.0	0.0	0.0	0.0	0.0	0.0	2.15861503259509e-05	0.0	0.0	0.0	0.0	0.0	0.0	0.0	0.0	0.0	0.0	0.0	0.0	0.0	0.0	0.0	0.0	0.0	0.0	0.0	0.0	0.0	0.0	0.0	0.0	0.0	0.0	0.0	0.0	0.0	0.0	0.0	0.0	0.0	0.0	0.0	0.0001600768368817	0.000171203561034	0.0	0.0	0.0	0.0	0.0	0.0	0.0	0.0	2.15861503259509e-05	0.0	0.0	0.0	0.0	0.0	0.0	0.0	0.0	0.0	0.0	0.0	0.0	0.0	0.0	0.0	0.0	0.0	0.0	0.0	0.0	0.0	0.0	0.0	0.0	0.0
Candidatus.Aminicenantes	0.0	0.0	0.0	0.0	0.0	0.0	0.0	0.0	0.0	1.46864444118079e-05	0.0	0.0	0.0	0.0	0.0	0.0	4.25640589086575e-05	4.1737969030427e-05	0.0	0.0	0.0	0.0	0.0	0.0	0.0	0.0	0.0	0.0	0.0	0.0	0.0	3.24086077262121e-05	0.0	0.0	0.0	0.0	0.0	0.0	0.0	0.0	0.0	0.0	0.0	0.0	0.0	0.0	0.0	0.0	0.0	0.0	0.0	0.0	0.0	0.0	0.0	1.46864444118079e-05	0.0	0.0	0.0	0.0	0.0	0.0	4.25640589086575e-05	4.1737969030427e-05	0.0	0.0	0.0	0.0	0.0	0.0	0.0	0.0	0.0	0.0	0.0	0.0	0.0	3.24086077262121e-05	0.0	0.0	0.0	0.0	0.0	0.0	0.0	0.0	0.0	0.0	0.0	0.0	0.0	0.0
Candidatus.Glassbacteria	0.0	0.0	0.0	0.0	0.0	0.0	0.0	0.0	0.0	0.0	0.0	0.0	0.0	0.0	0.0	0.0	0.0	0.0	0.0	0.0	0.0	0.0	0.0	0.0	0.0	0.0	0.0	0.0	0.0	0.0	0.0	0.0	0.0	0.0	0.0	0.0	0.0	0.0	0.0	0.0	0.0	0.0	0.0	4.30626130393592e-05	0.0	0.0	0.0	0.0	0.0	0.0	0.0	0.0	0.0	0.0	0.0	0.0	0.0	0.0	0.0	0.0	0.0	0.0	0.0	0.0	0.0	0.0	0.0	0.0	0.0	0.0	0.0	0.0	0.0	0.0	0.0	0.0	0.0	0.0	0.0	0.0	0.0	0.0	0.0	0.0	0.0	0.0	0.0	0.0	0.0	4.30626130393592e-05	0.0	0.0
candidate.division.WWE3	0.0	0.0	0.0	0.0	0.0	0.0	0.0	0.0	0.0	0.0	0.0	0.0	0.0	2.02679421958289e-05	0.0	0.0	0.0	0.0	0.0	0.0	2.15861503259509e-05	0.0	0.0	0.0	0.0	0.0	0.0	0.0	0.0	0.0	3.25860271115746e-05	0.0	0.0	0.0	0.0	0.0	0.0	0.0	0.0	0.0	0.0	0.0	4.10761963442185e-05	0.0	0.0	0.0	0.0	0.0	0.0	0.0	0.0	0.0	0.0	0.0	0.0	0.0	0.0	0.0	0.0	2.02679421958289e-05	0.0	0.0	0.0	0.0	0.0	0.0	2.15861503259509e-05	0.0	0.0	0.0	0.0	0.0	0.0	0.0	0.0	0.0	3.25860271115746e-05	0.0	0.0	0.0	0.0	0.0	0.0	0.0	0.0	0.0	0.0	0.0	4.10761963442185e-05	0.0	0.0	0.0
Candidatus.Peregrinibacteria	0.0	0.0	2.48280656454056e-05	2.54569522936714e-05	0.0	0.0006706908115358	0.0008417508417508	0.0	0.0001159269080844	4.40593332354237e-05	0.0	0.0	1.90280473417818e-05	0.0	0.0	0.0	0.0	0.0	0.0	0.0	0.0	0.0	0.0001040799333888	0.0	0.0	0.0	0.0	0.0	0.0	0.0	0.0	0.0	0.000468603561387	0.0004965243296921	0.0001110370863868	0.0001170138076293	0.0	0.0	0.0	0.0	0.0	0.0	4.10761963442185e-05	0.0	0.0	0.0	0.0	0.0	2.48280656454056e-05	2.54569522936714e-05	0.0	0.0006706908115358	0.0008417508417508	0.0	0.0001159269080844	4.40593332354237e-05	0.0	0.0	1.90280473417818e-05	0.0	0.0	0.0	0.0	0.0	0.0	0.0	0.0	0.0	0.0001040799333888	0.0	0.0	0.0	0.0	0.0	0.0	0.0	0.0	0.0	0.000468603561387	0.0004965243296921	0.0001110370863868	0.0001170138076293	0.0	0.0	0.0	0.0	0.0	0.0	4.10761963442185e-05	0.0	0.0	0.0
Candidatus.Doudnabacteria	0.0	0.0	0.0	0.0	0.0	0.0	0.0	0.0	1.44908635105566e-05	8.81186664708474e-05	0.0	0.0	0.0	0.0	0.0	0.0	0.0	0.0	0.0	0.0	0.0	0.0	0.0001040799333888	5.63856780377784e-05	0.0	0.0	0.0	0.0	0.0	0.0	0.0	0.0	0.0	0.0009930486593843	0.0	0.0001170138076293	0.0	0.0	0.0	0.0	0.0	0.0	0.0	0.0	0.0	0.0	0.0	0.0	0.0	0.0	0.0	0.0	0.0	0.0	1.44908635105566e-05	8.81186664708474e-05	0.0	0.0	0.0	0.0	0.0	0.0	0.0	0.0	0.0	0.0	0.0	0.0	0.0001040799333888	5.63856780377784e-05	0.0	0.0	0.0	0.0	0.0	0.0	0.0	0.0	0.0	0.0009930486593843	0.0	0.0001170138076293	0.0	0.0	0.0	0.0	0.0	0.0	0.0	0.0	0.0	0.0
Candidatus.Berkelbacteria	0.0	0.0	0.0	0.0	0.0	0.0	0.0008417508417508	0.0	0.0	0.0	0.0	0.0005136106831022	0.0	0.0	0.0	0.0	0.0	0.0	0.0	0.0	0.0	2.21366272634701e-05	0.0	0.0	0.0	0.0	0.0	0.0	0.0	0.0	0.0	0.0	0.000468603561387	0.0	0.0	0.0	0.0	0.0	0.0	0.0	0.0	0.0	0.0	0.0	0.0006357279084551	0.0	0.0	0.0	0.0	0.0	0.0	0.0	0.0008417508417508	0.0	0.0	0.0	0.0	0.0005136106831022	0.0	0.0	0.0	0.0	0.0	0.0	0.0	0.0	0.0	2.21366272634701e-05	0.0	0.0	0.0	0.0	0.0	0.0	0.0	0.0	0.0	0.0	0.000468603561387	0.0	0.0	0.0	0.0	0.0	0.0	0.0	0.0	0.0	0.0	0.0	0.0006357279084551	0.0
Candidatus.Saccharibacteria	0.0	0.0	0.0	0.0	0.0	0.0	0.0	0.0	0.0	0.0	0.0003201536737634	0.0006848142441362	0.0	0.0	0.0	0.0	8.51281178173151e-05	8.3475938060854e-05	0.0	0.0	0.0001511030522816	0.0001549563908442	0.0	0.0	0.0	0.0	0.0	0.0	0.0	0.0	0.0001955161626694	0.0001944516463572	0.0009372071227741	0.0009930486593843	0.0	0.0	0.0002335630036202	0.0003739249657235	0.0	0.0	0.0	0.0	0.0029164099404395	0.0030574455257945	0.0006357279084551	0.0007283321194464	0.0	0.0	0.0	0.0	0.0	0.0	0.0	0.0	0.0	0.0	0.0003201536737634	0.0006848142441362	0.0	0.0	0.0	0.0	8.51281178173151e-05	8.3475938060854e-05	0.0	0.0	0.0001511030522816	0.0001549563908442	0.0	0.0	0.0	0.0	0.0	0.0	0.0	0.0	0.0001955161626694	0.0001944516463572	0.0009372071227741	0.0009930486593843	0.0	0.0	0.0002335630036202	0.0003739249657235	0.0	0.0	0.0	0.0	0.0029164099404395	0.0030574455257945	0.0006357279084551	0.0007283321194464
Candidatus.Eisenbacteria	0.0	0.0	2.48280656454056e-05	0.0	0.0	0.0	0.0	0.0	0.0	0.0	0.0	0.0	0.0	0.0	0.0	0.0	0.0	0.0	0.0	0.0	0.0	0.0	0.0	0.0	0.0	0.0	0.0	9.82414775518224e-05	0.0	0.0	0.0	0.0	0.0	0.0	0.0	0.0	0.0	0.0001246416552411	0.0	0.0	0.0	0.0	4.10761963442185e-05	0.0	0.0	0.0	0.0	0.0	2.48280656454056e-05	0.0	0.0	0.0	0.0	0.0	0.0	0.0	0.0	0.0	0.0	0.0	0.0	0.0	0.0	0.0	0.0	0.0	0.0	0.0	0.0	0.0	0.0	0.0	0.0	9.82414775518224e-05	0.0	0.0	0.0	0.0	0.0	0.0	0.0	0.0	0.0	0.0001246416552411	0.0	0.0	0.0	0.0	4.10761963442185e-05	0.0	0.0	0.0
Candidatus.Lindowbacteria	0.0	0.0	0.0	2.54569522936714e-05	0.0	0.0	0.0	0.0	0.0	0.0	0.0	0.0	0.0	0.0	0.0	0.0	0.0	0.0	0.0	0.0	0.0	0.0	0.0	0.0	0.0	0.0	0.0	0.0	0.0	0.0	0.0	0.0	0.0	0.0	0.0	0.0	0.0	0.0	0.0	0.0	0.0	0.0	0.0	0.0	0.0	0.0	0.0	0.0	0.0	2.54569522936714e-05	0.0	0.0	0.0	0.0	0.0	0.0	0.0	0.0	0.0	0.0	0.0	0.0	0.0	0.0	0.0	0.0	0.0	0.0	0.0	0.0	0.0	0.0	0.0	0.0	0.0	0.0	0.0	0.0	0.0	0.0	0.0	0.0	0.0	0.0	0.0	0.0	0.0	0.0	0.0	0.0	0.0	0.0
Candidatus.Ratteibacteria	0.0	0.0	0.0	0.0	0.0	0.0	0.0	0.0	0.0	1.46864444118079e-05	0.0001600768368817	0.0	0.0	2.02679421958289e-05	0.0	0.0	0.0	0.0	0.0	0.0	0.0	0.0	0.0	0.0	0.0	0.0	0.0	0.0	0.0	0.0	0.0	0.0	0.0	0.0	0.0	0.0	0.0	0.0	0.0	0.0	0.0	0.0	0.0	0.0	0.0	0.0	0.0	0.0	0.0	0.0	0.0	0.0	0.0	0.0	0.0	1.46864444118079e-05	0.0001600768368817	0.0	0.0	2.02679421958289e-05	0.0	0.0	0.0	0.0	0.0	0.0	0.0	0.0	0.0	0.0	0.0	0.0	0.0	0.0	0.0	0.0	0.0	0.0	0.0	0.0	0.0	0.0	0.0	0.0	0.0	0.0	0.0	0.0	0.0	0.0	0.0	0.0
Candidatus.Firestonebacteria	0.0	0.0	0.0	0.0	0.0	0.0	0.0	0.0	1.44908635105566e-05	4.40593332354237e-05	0.0001600768368817	0.0	0.0	0.0	0.0	0.0	0.0	0.0	0.0	0.0	0.0	0.0	0.0	0.0	0.0	0.0	0.0	0.0	0.0	0.0	0.0	0.0	0.0	0.0	0.0	0.0	0.0	0.0	0.0	0.0	0.0	0.0	0.0	0.0	0.0	0.0	0.0	0.0	0.0	0.0	0.0	0.0	0.0	0.0	1.44908635105566e-05	4.40593332354237e-05	0.0001600768368817	0.0	0.0	0.0	0.0	0.0	0.0	0.0	0.0	0.0	0.0	0.0	0.0	0.0	0.0	0.0	0.0	0.0	0.0	0.0	0.0	0.0	0.0	0.0	0.0	0.0	0.0	0.0	0.0	0.0	0.0	0.0	0.0	0.0	0.0	0.0
Candidatus.Wallbacteria	0.0	0.0	0.0	0.0	0.0	0.0	0.0	0.0	0.0	0.0	0.0	0.0	0.0	2.02679421958289e-05	0.0	0.0	0.0	0.0	0.0	0.0	0.0	0.0	0.0	0.0	0.0	0.0	0.0	0.0	0.0	0.0	0.0	0.0	0.0	0.0	0.0	0.0	0.0	0.0	0.0	0.0	0.0	0.0	0.0	0.0	0.0	0.0	0.0	0.0	0.0	0.0	0.0	0.0	0.0	0.0	0.0	0.0	0.0	0.0	0.0	2.02679421958289e-05	0.0	0.0	0.0	0.0	0.0	0.0	0.0	0.0	0.0	0.0	0.0	0.0	0.0	0.0	0.0	0.0	0.0	0.0	0.0	0.0	0.0	0.0	0.0	0.0	0.0	0.0	0.0	0.0	0.0	0.0	0.0	0.0
Candidatus.Blackallbacteria	0.0	0.0	0.0	0.0	0.0	0.0	0.0	0.0	0.0	0.0	0.0	0.0	0.0	0.0	0.0	0.0	0.0	0.0	0.0	0.0	0.0	0.0	0.0	0.0	0.0	0.0	0.0	0.0	0.0	0.0	0.0	0.0	0.0	0.0	0.0	0.0	0.0	0.0	0.0003378378378378	0.0007683442182097	0.0	0.0	0.0	0.0	0.0	0.0	0.0	0.0	0.0	0.0	0.0	0.0	0.0	0.0	0.0	0.0	0.0	0.0	0.0	0.0	0.0	0.0	0.0	0.0	0.0	0.0	0.0	0.0	0.0	0.0	0.0	0.0	0.0	0.0	0.0	0.0	0.0	0.0	0.0	0.0	0.0	0.0	0.0	0.0	0.0003378378378378	0.0007683442182097	0.0	0.0	0.0	0.0	0.0	0.0
Candidatus.Fischerbacteria	0.0	0.0	0.0	0.0	0.0	0.0	0.0	0.0	2.89817270211132e-05	1.46864444118079e-05	0.0	0.0	0.0	0.0	0.0	0.0	0.0	0.0	0.0	0.0	0.0	0.0	0.0	0.0	0.0	0.0	0.0	0.0	0.0	0.0	0.0	0.0	0.0	0.0	0.0	0.0	0.0	0.0	0.0	0.0	0.0	0.0	0.0	0.0	0.0	0.0	0.0	0.0	0.0	0.0	0.0	0.0	0.0	0.0	2.89817270211132e-05	1.46864444118079e-05	0.0	0.0	0.0	0.0	0.0	0.0	0.0	0.0	0.0	0.0	0.0	0.0	0.0	0.0	0.0	0.0	0.0	0.0	0.0	0.0	0.0	0.0	0.0	0.0	0.0	0.0	0.0	0.0	0.0	0.0	0.0	0.0	0.0	0.0	0.0	0.0
Candidatus.Absconditabacteria	0.0	0.0	0.0	0.0	0.0	0.0	0.0	0.0	0.0	0.0	0.0001600768368817	0.0003424071220681	0.0	0.0	0.0	0.0	0.0	0.0	0.0	0.0	0.0	0.0	0.0	0.0	0.0	0.0	0.0	0.0	0.0	0.0	0.0	0.0	0.0	0.0	0.0	0.0	0.0	0.0	0.0	0.0	0.0	0.0	4.10761963442185e-05	0.0	0.0	0.0	0.0	0.0	0.0	0.0	0.0	0.0	0.0	0.0	0.0	0.0	0.0001600768368817	0.0003424071220681	0.0	0.0	0.0	0.0	0.0	0.0	0.0	0.0	0.0	0.0	0.0	0.0	0.0	0.0	0.0	0.0	0.0	0.0	0.0	0.0	0.0	0.0	0.0	0.0	0.0	0.0	0.0	0.0	0.0	0.0	4.10761963442185e-05	0.0	0.0	0.0
Planctomycetota	0.0005565862708719	0.0001899696048632	0.0002234525908086	0.0003309403798177	0.0	0.0	0.0	0.0	0.0001593994986161	0.0001321779997062	0.0003201536737634	0.0010272213662044	0.0004947292308863	0.0002837511907416	0.0	0.0006006006006006	0.0008512811781731	0.0007930214115781	0.0004323389537397	0.0	0.0001726892026076	0.0002435028998981	0.0001040799333888	0.0001691570341133	0.0057983942908117	0.0056048575432041	0.0006535947712418	0.0009824147755182	0.0	0.0	0.0006191345151199	0.0004861291158931	0.000468603561387	0.0	0.0004441483455474	0.0004680552305172	0.0003503445054303	0.0002492833104823	0.0047297297297297	0.0049942374183634	0.0	0.0	0.0002464571780653	0.0002153130651967	0.0	0.0	0.0005565862708719	0.0001899696048632	0.0002234525908086	0.0003309403798177	0.0	0.0	0.0	0.0	0.0001593994986161	0.0001321779997062	0.0003201536737634	0.0010272213662044	0.0004947292308863	0.0002837511907416	0.0	0.0006006006006006	0.0008512811781731	0.0007930214115781	0.0004323389537397	0.0	0.0001726892026076	0.0002435028998981	0.0001040799333888	0.0001691570341133	0.0057983942908117	0.0056048575432041	0.0006535947712418	0.0009824147755182	0.0	0.0	0.0006191345151199	0.0004861291158931	0.000468603561387	0.0	0.0004441483455474	0.0004680552305172	0.0003503445054303	0.0002492833104823	0.0047297297297297	0.0049942374183634	0.0	0.0	0.0002464571780653	0.0002153130651967	0.0	0.0
Candidatus.Omnitrophica	0.0	0.0	0.0	0.0	0.0	0.0	0.0	0.0	4.34725905316698e-05	7.34322220590395e-05	0.0001600768368817	0.0003424071220681	0.0	2.02679421958289e-05	0.0	0.0	0.0	0.0	0.0	0.0004144218814753	2.15861503259509e-05	2.21366272634701e-05	0.0001040799333888	0.0	0.0	0.0	0.0	0.0	0.0	0.0	3.25860271115746e-05	0.0	0.0	0.0	0.0002220741727737	0.0003510414228879	0.0	0.0	0.0003378378378378	0.0	0.0	0.0	0.0	0.0	0.0	0.0	0.0	0.0	0.0	0.0	0.0	0.0	0.0	0.0	4.34725905316698e-05	7.34322220590395e-05	0.0001600768368817	0.0003424071220681	0.0	2.02679421958289e-05	0.0	0.0	0.0	0.0	0.0	0.0004144218814753	2.15861503259509e-05	2.21366272634701e-05	0.0001040799333888	0.0	0.0	0.0	0.0	0.0	0.0	0.0	3.25860271115746e-05	0.0	0.0	0.0	0.0002220741727737	0.0003510414228879	0.0	0.0	0.0003378378378378	0.0	0.0	0.0	0.0	0.0	0.0	0.0
Verrucomicrobiota	0.0	0.0	2.48280656454056e-05	5.09139045873428e-05	0.0	0.0	0.0	0.0	1.44908635105566e-05	2.93728888236158e-05	0.0004802305106451	0.0003424071220681	9.51402367089089e-05	0.0	0.0	0.0	0.0001702562356346	8.3475938060854e-05	0.0	0.0004144218814753	0.0001079307516297	2.21366272634701e-05	0.0	5.63856780377784e-05	0.0008920606601248	0.0009341429238673	9.33706816059757e-05	9.82414775518224e-05	0.0	0.0001972386587771	0.0003910323253388	0.0003564946849883	0.000468603561387	0.0	0.0	0.0	0.0001167815018101	0.0	0.0003378378378378	0.0007683442182097	0.0	0.0	4.10761963442185e-05	0.0	0.0006357279084551	0.0007283321194464	0.0	0.0	2.48280656454056e-05	5.09139045873428e-05	0.0	0.0	0.0	0.0	1.44908635105566e-05	2.93728888236158e-05	0.0004802305106451	0.0003424071220681	9.51402367089089e-05	0.0	0.0	0.0	0.0001702562356346	8.3475938060854e-05	0.0	0.0004144218814753	0.0001079307516297	2.21366272634701e-05	0.0	5.63856780377784e-05	0.0008920606601248	0.0009341429238673	9.33706816059757e-05	9.82414775518224e-05	0.0	0.0001972386587771	0.0003910323253388	0.0003564946849883	0.000468603561387	0.0	0.0	0.0	0.0001167815018101	0.0	0.0003378378378378	0.0007683442182097	0.0	0.0	4.10761963442185e-05	0.0	0.0006357279084551	0.0007283321194464
Lentisphaerota	0.0	0.0	0.0	0.0	0.0	0.0	0.0	0.0	0.0	0.0	0.0001600768368817	0.0005136106831022	0.0	2.02679421958289e-05	0.0	0.0	0.0	0.0	0.0	0.0	2.15861503259509e-05	0.0	0.0	0.0	0.0	0.0	0.0	9.82414775518224e-05	0.0	0.0	3.25860271115746e-05	0.0	0.0	0.0	0.0	0.0	0.0	0.0	0.0	0.0	0.0	0.0	4.10761963442185e-05	8.61252260787185e-05	0.0	0.0	0.0	0.0	0.0	0.0	0.0	0.0	0.0	0.0	0.0	0.0	0.0001600768368817	0.0005136106831022	0.0	2.02679421958289e-05	0.0	0.0	0.0	0.0	0.0	0.0	2.15861503259509e-05	0.0	0.0	0.0	0.0	0.0	0.0	9.82414775518224e-05	0.0	0.0	3.25860271115746e-05	0.0	0.0	0.0	0.0	0.0	0.0	0.0	0.0	0.0	0.0	0.0	4.10761963442185e-05	8.61252260787185e-05	0.0	0.0
Chlamydiota	0.0	0.0	0.0	0.0	0.0	0.0	0.0	0.0	1.44908635105566e-05	1.46864444118079e-05	0.0003201536737634	0.000171203561034	0.0	0.0	0.0	0.0	0.0	0.0	0.0	0.0004144218814753	2.15861503259509e-05	0.0	0.0	0.0	0.0	0.0	0.0	0.0	0.0	0.0	0.0	0.0	0.0	0.0	0.0001110370863868	0.0001170138076293	0.0	0.0	0.0	0.0	0.0	0.0	0.0	0.0	0.0	0.0	0.0	0.0	0.0	0.0	0.0	0.0	0.0	0.0	1.44908635105566e-05	1.46864444118079e-05	0.0003201536737634	0.000171203561034	0.0	0.0	0.0	0.0	0.0	0.0	0.0	0.0004144218814753	2.15861503259509e-05	0.0	0.0	0.0	0.0	0.0	0.0	0.0	0.0	0.0	0.0	0.0	0.0	0.0	0.0001110370863868	0.0001170138076293	0.0	0.0	0.0	0.0	0.0	0.0	0.0	0.0	0.0	0.0
Kiritimatiellota	0.0	0.0	0.0	2.54569522936714e-05	0.0	0.0	0.0	0.0	0.0	0.0	0.0	0.0	0.0	0.0	0.0	0.0	0.0	0.0	0.0	0.0	0.0	0.0	0.0	0.0	0.0	0.0	0.0	0.0	0.0	0.0	0.0	0.0	0.0	0.0	0.0	0.0	0.0	0.0	0.0	0.0	0.0	0.0	0.0	0.0	0.0	0.0	0.0	0.0	0.0	2.54569522936714e-05	0.0	0.0	0.0	0.0	0.0	0.0	0.0	0.0	0.0	0.0	0.0	0.0	0.0	0.0	0.0	0.0	0.0	0.0	0.0	0.0	0.0	0.0	0.0	0.0	0.0	0.0	0.0	0.0	0.0	0.0	0.0	0.0	0.0	0.0	0.0	0.0	0.0	0.0	0.0	0.0	0.0	0.0
Thermodesulfobacteriota	0.0	0.0	0.0	5.09139045873428e-05	0.0014630577907827	0.0	0.0	0.0	0.00026083554319	0.0003084153326479	0.0008003841844085	0.0003424071220681	0.0001331963313924	8.10717687833154e-05	0.0	0.0006006006006006	4.25640589086575e-05	0.0001252139070912	0.0008646779074794	0.0004144218814753	0.0001295169019557	8.85465090538806e-05	0.0003122398001665	0.0002819283901888	0.0022301516503122	0.0023353573096683	9.33706816059757e-05	0.0	0.0	0.0	0.000228102189781	0.000162043038631	0.0	0.0	0.0005551854319342	0.0001170138076293	0.0001167815018101	0.0002492833104823	0.0013513513513513	0.0015366884364195	0.0015974440894568	0.0	8.2152392688437e-05	0.0002153130651967	0.0	0.0	0.0	0.0	0.0	5.09139045873428e-05	0.0014630577907827	0.0	0.0	0.0	0.00026083554319	0.0003084153326479	0.0008003841844085	0.0003424071220681	0.0001331963313924	8.10717687833154e-05	0.0	0.0006006006006006	4.25640589086575e-05	0.0001252139070912	0.0008646779074794	0.0004144218814753	0.0001295169019557	8.85465090538806e-05	0.0003122398001665	0.0002819283901888	0.0022301516503122	0.0023353573096683	9.33706816059757e-05	0.0	0.0	0.0	0.000228102189781	0.000162043038631	0.0	0.0	0.0005551854319342	0.0001170138076293	0.0001167815018101	0.0002492833104823	0.0013513513513513	0.0015366884364195	0.0015974440894568	0.0	8.2152392688437e-05	0.0002153130651967	0.0	0.0
Nitrospirota	0.0	0.0	0.0001737964595178	2.54569522936714e-05	0.0	0.0	0.0	0.0017652250661959	0.000130417771595	7.34322220590395e-05	0.0004802305106451	0.0003424071220681	7.61121893671271e-05	2.02679421958289e-05	0.0	0.0006006006006006	8.51281178173151e-05	0.0001252139070912	0.0008646779074794	0.0008288437629506	2.15861503259509e-05	0.0	0.0002601998334721	0.0	0.0008920606601248	0.0	0.0	0.0	0.0	0.0	0.0	9.72258231786362e-05	0.0009372071227741	0.0	0.0	0.0001170138076293	0.0001167815018101	0.0	0.0	0.0	0.0	0.0	0.0	4.30626130393592e-05	0.0006357279084551	0.0	0.0	0.0	0.0001737964595178	2.54569522936714e-05	0.0	0.0	0.0	0.0017652250661959	0.000130417771595	7.34322220590395e-05	0.0004802305106451	0.0003424071220681	7.61121893671271e-05	2.02679421958289e-05	0.0	0.0006006006006006	8.51281178173151e-05	0.0001252139070912	0.0008646779074794	0.0008288437629506	2.15861503259509e-05	0.0	0.0002601998334721	0.0	0.0008920606601248	0.0	0.0	0.0	0.0	0.0	0.0	9.72258231786362e-05	0.0009372071227741	0.0	0.0	0.0001170138076293	0.0001167815018101	0.0	0.0	0.0	0.0	0.0	0.0	4.30626130393592e-05	0.0006357279084551	0.0
Campylobacterota	0.0001855287569573	0.0001899696048632	0.0	0.0	0.0	0.0	0.0058922558922558	0.0070609002647837	0.0006955614485067	0.0005580848876487	0.0049623819433328	0.0054785139530902	3.80560946835636e-05	2.02679421958289e-05	0.0	0.0	4.25640589086575e-05	8.3475938060854e-05	0.0017293558149589	0.001243265644426	0.0002806199542373	0.0002656395271616	0.0007285595337218	0.0006766281364533	0.0004460303300624	0.001401214385801	0.0	0.0	0.0005768121515093	0.0003944773175542	0.000228102189781	0.0002268602540834	0.0009372071227741	0.0009930486593843	0.0003331112591605	0.0007020828457758	0.0003503445054303	0.0004985666209647	0.0003378378378378	0.0003841721091048	0.0	0.0	0.0004107619634421	0.0004306261303935	0.0012714558169103	0.0007283321194464	0.0001855287569573	0.0001899696048632	0.0	0.0	0.0	0.0	0.0058922558922558	0.0070609002647837	0.0006955614485067	0.0005580848876487	0.0049623819433328	0.0054785139530902	3.80560946835636e-05	2.02679421958289e-05	0.0	0.0	4.25640589086575e-05	8.3475938060854e-05	0.0017293558149589	0.001243265644426	0.0002806199542373	0.0002656395271616	0.0007285595337218	0.0006766281364533	0.0004460303300624	0.001401214385801	0.0	0.0	0.0005768121515093	0.0003944773175542	0.000228102189781	0.0002268602540834	0.0009372071227741	0.0009930486593843	0.0003331112591605	0.0007020828457758	0.0003503445054303	0.0004985666209647	0.0003378378378378	0.0003841721091048	0.0	0.0	0.0004107619634421	0.0004306261303935	0.0012714558169103	0.0007283321194464
Bacteroidota	0.0044526901669758	0.0045592705167173	0.0010924348883978	0.0010437350440405	0.0051207022677395	0.245472837022133	0.0648148148148148	0.0617828773168579	0.0020721934820095	0.0024232633279483	0.0320153673763406	0.02944701249786	0.0028542071012672	0.0032428707513326	0.198370867273598	0.0024024024024024	0.0037456371839618	0.0040068450269209	0.0064850843060959	0.0099461251554082	0.0072961188101713	0.0072165404878912	0.0033305578684429	0.0031575979701155	0.0263157894736842	0.0247547874824848	0.0029878618113912	0.0032419687592101	0.0019227071716977	0.0019723865877712	0.0177267987486966	0.0174358309567021	0.0089034676663542	0.0109235352532274	0.0024428159005107	0.0028083313831032	0.0218381408384912	0.0220615729776891	0.0219594594594595	0.0234344986553976	0.005591054313099	0.0057971014492753	0.0596426370918053	0.0608474722246146	0.0044500953591862	0.0072833211944646	0.0044526901669758	0.0045592705167173	0.0010924348883978	0.0010437350440405	0.0051207022677395	0.245472837022133	0.0648148148148148	0.0617828773168579	0.0020721934820095	0.0024232633279483	0.0320153673763406	0.02944701249786	0.0028542071012672	0.0032428707513326	0.198370867273598	0.0024024024024024	0.0037456371839618	0.0040068450269209	0.0064850843060959	0.0099461251554082	0.0072961188101713	0.0072165404878912	0.0033305578684429	0.0031575979701155	0.0263157894736842	0.0247547874824848	0.0029878618113912	0.0032419687592101	0.0019227071716977	0.0019723865877712	0.0177267987486966	0.0174358309567021	0.0089034676663542	0.0109235352532274	0.0024428159005107	0.0028083313831032	0.0218381408384912	0.0220615729776891	0.0219594594594595	0.0234344986553976	0.005591054313099	0.0057971014492753	0.0596426370918053	0.0608474722246146	0.0044500953591862	0.0072833211944646
Ignavibacteriota	0.0	0.0	2.48280656454056e-05	2.54569522936714e-05	0.0	0.0	0.0	0.0	2.89817270211132e-05	0.0	0.0004802305106451	0.0006848142441362	0.0	0.0	0.0	0.0	0.0	4.1737969030427e-05	0.0	0.0	0.0	0.0	5.20399666944213e-05	0.0	0.0	0.0	9.33706816059757e-05	9.82414775518224e-05	0.0	0.0	6.51720542231491e-05	3.24086077262121e-05	0.0	0.0	0.0	0.0001170138076293	0.0	0.0	0.0	0.0	0.0	0.0	0.0	0.0	0.0	0.0	0.0	0.0	2.48280656454056e-05	2.54569522936714e-05	0.0	0.0	0.0	0.0	2.89817270211132e-05	0.0	0.0004802305106451	0.0006848142441362	0.0	0.0	0.0	0.0	0.0	4.1737969030427e-05	0.0	0.0	0.0	0.0	5.20399666944213e-05	0.0	0.0	0.0	9.33706816059757e-05	9.82414775518224e-05	0.0	0.0	6.51720542231491e-05	3.24086077262121e-05	0.0	0.0	0.0	0.0001170138076293	0.0	0.0	0.0	0.0	0.0	0.0	0.0	0.0	0.0	0.0
Chlorobiota	0.0	0.0	4.96561312908111e-05	0.0	0.0	0.0	0.0	0.0	2.89817270211132e-05	4.40593332354237e-05	0.0	0.0	0.0	0.0	0.0	0.0	0.0	0.0	0.0	0.0	0.0	2.21366272634701e-05	0.0	0.0	0.0004460303300624	0.0004670714619336	9.33706816059757e-05	9.82414775518224e-05	0.0	0.0	3.25860271115746e-05	3.24086077262121e-05	0.0	0.0	0.0	0.0	0.0	0.0	0.0	0.0	0.0	0.0	0.0	0.0	0.0	0.0	0.0	0.0	4.96561312908111e-05	0.0	0.0	0.0	0.0	0.0	2.89817270211132e-05	4.40593332354237e-05	0.0	0.0	0.0	0.0	0.0	0.0	0.0	0.0	0.0	0.0	0.0	2.21366272634701e-05	0.0	0.0	0.0004460303300624	0.0004670714619336	9.33706816059757e-05	9.82414775518224e-05	0.0	0.0	3.25860271115746e-05	3.24086077262121e-05	0.0	0.0	0.0	0.0	0.0	0.0	0.0	0.0	0.0	0.0	0.0	0.0	0.0	0.0
Gemmatimonadota	0.0	0.0	0.000124140328227	0.0001272847614683	0.0	0.0	0.0	0.0	1.44908635105566e-05	1.46864444118079e-05	0.0001600768368817	0.000171203561034	0.0002854207101267	0.0001824114797624	0.0	0.0	0.0003830765301779	0.0004173796903042	0.0	0.0	2.15861503259509e-05	4.42732545269403e-05	5.20399666944213e-05	5.63856780377784e-05	0.0026761819803746	0.0032695002335357	0.0009337068160597	0.0008841732979664	0.0	0.0	0.0001629301355578	0.000162043038631	0.0	0.0	0.0	0.0	0.0002335630036202	0.0003739249657235	0.004054054054054	0.0053784095274683	0.0007987220447284	0.0	0.0002464571780653	8.61252260787185e-05	0.0	0.0	0.0	0.0	0.000124140328227	0.0001272847614683	0.0	0.0	0.0	0.0	1.44908635105566e-05	1.46864444118079e-05	0.0001600768368817	0.000171203561034	0.0002854207101267	0.0001824114797624	0.0	0.0	0.0003830765301779	0.0004173796903042	0.0	0.0	2.15861503259509e-05	4.42732545269403e-05	5.20399666944213e-05	5.63856780377784e-05	0.0026761819803746	0.0032695002335357	0.0009337068160597	0.0008841732979664	0.0	0.0	0.0001629301355578	0.000162043038631	0.0	0.0	0.0	0.0	0.0002335630036202	0.0003739249657235	0.004054054054054	0.0053784095274683	0.0007987220447284	0.0	0.0002464571780653	8.61252260787185e-05	0.0	0.0
candidate.division.Zixibacteria	0.0	0.0	0.0	0.0	0.0	0.0	0.0	0.0	0.0	0.0	0.0003201536737634	0.0	0.0	0.0	0.0	0.0	0.0	0.0	0.0	0.0	0.0	0.0	0.0	0.0	0.0004460303300624	0.0	0.0	0.0	0.0	0.0	0.0	0.0	0.0	0.0	0.0	0.0	0.0	0.0	0.0	0.0	0.0	0.0	0.0	0.0	0.0	0.0	0.0	0.0	0.0	0.0	0.0	0.0	0.0	0.0	0.0	0.0	0.0003201536737634	0.0	0.0	0.0	0.0	0.0	0.0	0.0	0.0	0.0	0.0	0.0	0.0	0.0	0.0004460303300624	0.0	0.0	0.0	0.0	0.0	0.0	0.0	0.0	0.0	0.0	0.0	0.0	0.0	0.0	0.0	0.0	0.0	0.0	0.0	0.0	0.0
Fibrobacterota	0.0	0.0	0.0	0.0	0.0	0.0	0.0	0.0	0.0	0.0	0.0	0.0	0.0	0.0	0.0	0.0	0.0	0.0	0.0	0.0	0.0	0.0	5.20399666944213e-05	0.0	0.0	0.0	0.0	0.0	0.0	0.0	0.0	0.0	0.0	0.0	0.0	0.0	0.0	0.0	0.0	0.0	0.0	0.0	0.0	0.0	0.0	0.0	0.0	0.0	0.0	0.0	0.0	0.0	0.0	0.0	0.0	0.0	0.0	0.0	0.0	0.0	0.0	0.0	0.0	0.0	0.0	0.0	0.0	0.0	5.20399666944213e-05	0.0	0.0	0.0	0.0	0.0	0.0	0.0	0.0	0.0	0.0	0.0	0.0	0.0	0.0	0.0	0.0	0.0	0.0	0.0	0.0	0.0	0.0	0.0
Elusimicrobiota	0.0	0.0	2.48280656454056e-05	0.0	0.0	0.0	0.0	0.0	1.44908635105566e-05	2.93728888236158e-05	0.0	0.0003424071220681	0.0	2.02679421958289e-05	0.0	0.0	8.51281178173151e-05	8.3475938060854e-05	0.0	0.0004144218814753	0.0	4.42732545269403e-05	0.0	5.63856780377784e-05	0.0013380909901873	0.0018682858477347	9.33706816059757e-05	0.0	0.0	0.0	3.25860271115746e-05	3.24086077262121e-05	0.0	0.0009930486593843	0.0	0.0	0.0001167815018101	0.0	0.0006756756756756	0.0007683442182097	0.0	0.0	0.0	8.61252260787185e-05	0.0	0.0	0.0	0.0	2.48280656454056e-05	0.0	0.0	0.0	0.0	0.0	1.44908635105566e-05	2.93728888236158e-05	0.0	0.0003424071220681	0.0	2.02679421958289e-05	0.0	0.0	8.51281178173151e-05	8.3475938060854e-05	0.0	0.0004144218814753	0.0	4.42732545269403e-05	0.0	5.63856780377784e-05	0.0013380909901873	0.0018682858477347	9.33706816059757e-05	0.0	0.0	0.0	3.25860271115746e-05	3.24086077262121e-05	0.0	0.0009930486593843	0.0	0.0	0.0001167815018101	0.0	0.0006756756756756	0.0007683442182097	0.0	0.0	0.0	8.61252260787185e-05	0.0	0.0
Acidobacteriota	0.0003710575139146	0.0003799392097264	0.0002979367877448	0.0002036556183493	0.0	0.0	0.0	0.0	0.000130417771595	8.81186664708474e-05	0.0006403073475268	0.0008560178051703	0.0003615328994938	0.0004053588439165	0.0	0.0	0.0005533327658125	0.0003756417212738	0.0	0.0	0.0003669645555411	0.0004205959180059	5.20399666944213e-05	0.0001691570341133	0.0031222123104371	0.0032695002335357	0.0008403361344537	0.0005894488653109	0.0	0.0001972386587771	0.0005213764337851	0.0006481721545242	0.0	0.0	0.0001110370863868	0.0	0.0002335630036202	0.0	0.0050675675675675	0.0057625816365731	0.0	0.0	0.0001643047853768	8.61252260787185e-05	0.0	0.0	0.0003710575139146	0.0003799392097264	0.0002979367877448	0.0002036556183493	0.0	0.0	0.0	0.0	0.000130417771595	8.81186664708474e-05	0.0006403073475268	0.0008560178051703	0.0003615328994938	0.0004053588439165	0.0	0.0	0.0005533327658125	0.0003756417212738	0.0	0.0	0.0003669645555411	0.0004205959180059	5.20399666944213e-05	0.0001691570341133	0.0031222123104371	0.0032695002335357	0.0008403361344537	0.0005894488653109	0.0	0.0001972386587771	0.0005213764337851	0.0006481721545242	0.0	0.0	0.0001110370863868	0.0	0.0002335630036202	0.0	0.0050675675675675	0.0057625816365731	0.0	0.0	0.0001643047853768	8.61252260787185e-05	0.0	0.0
Myxococcota	0.0005565862708719	0.0	0.0003475929190356	0.000305483427524	0.0	0.0	0.0	0.0	2.89817270211132e-05	1.46864444118079e-05	0.0004802305106451	0.0005136106831022	0.0002854207101267	0.0003242870751332	0.0	0.0	0.0002979484123606	0.0005425935973955	0.0004323389537397	0.0	0.0003669645555411	0.0003099127816885	0.0	0.0	0.0066904549509366	0.004203643157403	0.0012138188608776	0.0012771392081736	0.0001922707171697	0.0001972386587771	0.000456204379562	0.0004537205081669	0.000468603561387	0.0	0.0001110370863868	0.0002340276152586	0.0003503445054303	0.0002492833104823	0.0101351351351351	0.0076834421820975	0.0007987220447284	0.0	0.0002464571780653	0.0003014382912755	0.0	0.0	0.0005565862708719	0.0	0.0003475929190356	0.000305483427524	0.0	0.0	0.0	0.0	2.89817270211132e-05	1.46864444118079e-05	0.0004802305106451	0.0005136106831022	0.0002854207101267	0.0003242870751332	0.0	0.0	0.0002979484123606	0.0005425935973955	0.0004323389537397	0.0	0.0003669645555411	0.0003099127816885	0.0	0.0	0.0066904549509366	0.004203643157403	0.0012138188608776	0.0012771392081736	0.0001922707171697	0.0001972386587771	0.000456204379562	0.0004537205081669	0.000468603561387	0.0	0.0001110370863868	0.0002340276152586	0.0003503445054303	0.0002492833104823	0.0101351351351351	0.0076834421820975	0.0007987220447284	0.0	0.0002464571780653	0.0003014382912755	0.0	0.0
Nitrospinota	0.0	0.0	0.0	0.0	0.0	0.0	0.0	0.0	1.44908635105566e-05	0.0	0.0001600768368817	0.0	0.0	0.0	0.0	0.0	0.0	0.0	0.0	0.0	2.15861503259509e-05	0.0	0.0	0.0	0.0	0.0	0.0	0.0	0.0	0.0	0.0	0.0	0.0	0.0	0.0	0.0	0.0	0.0	0.0	0.0	0.0	0.0	0.0	0.0	0.0	0.0	0.0	0.0	0.0	0.0	0.0	0.0	0.0	0.0	1.44908635105566e-05	0.0	0.0001600768368817	0.0	0.0	0.0	0.0	0.0	0.0	0.0	0.0	0.0	2.15861503259509e-05	0.0	0.0	0.0	0.0	0.0	0.0	0.0	0.0	0.0	0.0	0.0	0.0	0.0	0.0	0.0	0.0	0.0	0.0	0.0	0.0	0.0	0.0	0.0	0.0	0.0
Candidatus.Tectomicrobia	0.0	0.0	0.0	0.0	0.0	0.0	0.0	0.0	0.0	0.0	0.0	0.0	1.90280473417818e-05	2.02679421958289e-05	0.0	0.0	0.0	0.0	0.0	0.0	0.0	0.0	0.0	0.0	0.0	0.0	0.0	0.0	0.0	0.0	0.0	0.0	0.0	0.0	0.0	0.0	0.0	0.0	0.0	0.0	0.0	0.0	0.0	0.0	0.0	0.0	0.0	0.0	0.0	0.0	0.0	0.0	0.0	0.0	0.0	0.0	0.0	0.0	1.90280473417818e-05	2.02679421958289e-05	0.0	0.0	0.0	0.0	0.0	0.0	0.0	0.0	0.0	0.0	0.0	0.0	0.0	0.0	0.0	0.0	0.0	0.0	0.0	0.0	0.0	0.0	0.0	0.0	0.0	0.0	0.0	0.0	0.0	0.0	0.0	0.0
Spirochaetota	0.0	0.0	0.0	0.0	0.0007315288953913	0.0	0.0	0.0008826125330979	0.0002173629526583	0.0001762373329416	0.001600768368817	0.0013696284882725	1.90280473417818e-05	2.02679421958289e-05	0.0	0.0	0.0001276921767259	4.1737969030427e-05	0.0004323389537397	0.0074595938665561	8.63446013038035e-05	8.85465090538806e-05	0.0001561199000832	0.0001691570341133	0.0008920606601248	0.0009341429238673	9.33706816059757e-05	0.0	0.0001922707171697	0.0001972386587771	3.25860271115746e-05	0.0	0.0	0.0	0.0002220741727737	0.0002340276152586	0.0001167815018101	0.0003739249657235	0.0	0.0003841721091048	0.0	0.0009661835748792	8.2152392688437e-05	4.30626130393592e-05	0.0019071837253655	0.0	0.0	0.0	0.0	0.0	0.0007315288953913	0.0	0.0	0.0008826125330979	0.0002173629526583	0.0001762373329416	0.001600768368817	0.0013696284882725	1.90280473417818e-05	2.02679421958289e-05	0.0	0.0	0.0001276921767259	4.1737969030427e-05	0.0004323389537397	0.0074595938665561	8.63446013038035e-05	8.85465090538806e-05	0.0001561199000832	0.0001691570341133	0.0008920606601248	0.0009341429238673	9.33706816059757e-05	0.0	0.0001922707171697	0.0001972386587771	3.25860271115746e-05	0.0	0.0	0.0	0.0002220741727737	0.0002340276152586	0.0001167815018101	0.0003739249657235	0.0	0.0003841721091048	0.0	0.0009661835748792	8.2152392688437e-05	4.30626130393592e-05	0.0019071837253655	0.0
Bdellovibrionota	0.0001855287569573	0.0001899696048632	0.0	2.54569522936714e-05	0.0	0.0	0.0	0.0	0.0002318538161689	0.0002643559994125	0.0003201536737634	0.0005136106831022	1.90280473417818e-05	0.0	0.0004791566842357	0.0006006006006006	0.0	0.0	0.0	0.0	2.15861503259509e-05	2.21366272634701e-05	0.0002601998334721	0.0002255427121511	0.0	0.0004670714619336	0.0	0.0	0.0	0.0	3.25860271115746e-05	3.24086077262121e-05	0.0	0.0004965243296921	0.0002220741727737	0.0001170138076293	0.0	0.0	0.0	0.0	0.0	0.0	0.0	0.0	0.0	0.0	0.0001855287569573	0.0001899696048632	0.0	2.54569522936714e-05	0.0	0.0	0.0	0.0	0.0002318538161689	0.0002643559994125	0.0003201536737634	0.0005136106831022	1.90280473417818e-05	0.0	0.0004791566842357	0.0006006006006006	0.0	0.0	0.0	0.0	2.15861503259509e-05	2.21366272634701e-05	0.0002601998334721	0.0002255427121511	0.0	0.0004670714619336	0.0	0.0	0.0	0.0	3.25860271115746e-05	3.24086077262121e-05	0.0	0.0004965243296921	0.0002220741727737	0.0001170138076293	0.0	0.0	0.0	0.0	0.0	0.0	0.0	0.0	0.0	0.0
Synergistota	0.0	0.0	0.0	0.0	0.0	0.0	0.0	0.0	0.0	0.0	0.0	0.0	1.90280473417818e-05	2.02679421958289e-05	0.0	0.0	0.0	0.0	0.0	0.0	4.31723006519017e-05	4.42732545269403e-05	0.0	0.0	0.0	0.0	9.33706816059757e-05	0.0	0.0	0.0	0.0	0.0	0.0	0.0	0.0	0.0	0.0	0.0	0.0	0.0	0.0	0.0	0.0	0.0	0.0	0.0	0.0	0.0	0.0	0.0	0.0	0.0	0.0	0.0	0.0	0.0	0.0	0.0	1.90280473417818e-05	2.02679421958289e-05	0.0	0.0	0.0	0.0	0.0	0.0	4.31723006519017e-05	4.42732545269403e-05	0.0	0.0	0.0	0.0	9.33706816059757e-05	0.0	0.0	0.0	0.0	0.0	0.0	0.0	0.0	0.0	0.0	0.0	0.0	0.0	0.0	0.0	0.0	0.0	0.0	0.0
Caldisericota	0.0	0.0	0.0	0.0	0.0	0.0	0.0	0.0	0.0	0.0	0.0004802305106451	0.0005136106831022	0.0	0.0	0.0	0.0	0.0	0.0	0.0	0.0	0.0	0.0	0.0	0.0	0.0	0.0	0.0	0.0	0.0	0.0	0.0	0.0	0.0	0.0	0.0	0.0	0.0	0.0	0.0	0.0	0.0	0.0	0.0	0.0	0.0	0.0	0.0	0.0	0.0	0.0	0.0	0.0	0.0	0.0	0.0	0.0	0.0004802305106451	0.0005136106831022	0.0	0.0	0.0	0.0	0.0	0.0	0.0	0.0	0.0	0.0	0.0	0.0	0.0	0.0	0.0	0.0	0.0	0.0	0.0	0.0	0.0	0.0	0.0	0.0	0.0	0.0	0.0	0.0	0.0	0.0	0.0	0.0	0.0	0.0
Fusobacteriota	0.0	0.0	0.0	0.0	0.0	0.0	0.0008417508417508	0.0	4.34725905316698e-05	5.87457776472316e-05	0.0017608452056987	0.0023968498544769	1.90280473417818e-05	0.0	0.0	0.0	0.0	0.0	0.0008646779074794	0.0	8.63446013038035e-05	8.85465090538806e-05	0.0002081598667776	0.0002255427121511	0.0004460303300624	0.0004670714619336	0.0	0.0	0.0	0.0	3.25860271115746e-05	3.24086077262121e-05	0.0	0.0004965243296921	0.0001110370863868	0.0002340276152586	0.0001167815018101	0.0001246416552411	0.0	0.0	0.0	0.0	0.0001232285890326	8.61252260787185e-05	0.0	0.0	0.0	0.0	0.0	0.0	0.0	0.0	0.0008417508417508	0.0	4.34725905316698e-05	5.87457776472316e-05	0.0017608452056987	0.0023968498544769	1.90280473417818e-05	0.0	0.0	0.0	0.0	0.0	0.0008646779074794	0.0	8.63446013038035e-05	8.85465090538806e-05	0.0002081598667776	0.0002255427121511	0.0004460303300624	0.0004670714619336	0.0	0.0	0.0	0.0	3.25860271115746e-05	3.24086077262121e-05	0.0	0.0004965243296921	0.0001110370863868	0.0002340276152586	0.0001167815018101	0.0001246416552411	0.0	0.0	0.0	0.0	0.0001232285890326	8.61252260787185e-05	0.0	0.0
Thermotogota	0.0	0.0	2.48280656454056e-05	0.0	0.0	0.0	0.0	0.0	0.0	0.0	0.0	0.0005136106831022	3.80560946835636e-05	2.02679421958289e-05	0.0004791566842357	0.0	0.0	0.0	0.0	0.0	8.63446013038035e-05	4.42732545269403e-05	0.0	5.63856780377784e-05	0.0	0.0004670714619336	0.0	0.0	0.0	0.0	0.0	0.0	0.0	0.0	0.0	0.0	0.0	0.0	0.0	0.0	0.0	0.0	0.0	0.0	0.0	0.0	0.0	0.0	2.48280656454056e-05	0.0	0.0	0.0	0.0	0.0	0.0	0.0	0.0	0.0005136106831022	3.80560946835636e-05	2.02679421958289e-05	0.0004791566842357	0.0	0.0	0.0	0.0	0.0	8.63446013038035e-05	4.42732545269403e-05	0.0	5.63856780377784e-05	0.0	0.0004670714619336	0.0	0.0	0.0	0.0	0.0	0.0	0.0	0.0	0.0	0.0	0.0	0.0	0.0	0.0	0.0	0.0	0.0	0.0	0.0	0.0
Atribacterota	0.0	0.0	0.0	0.0	0.0	0.0	0.0	0.0	0.0	1.46864444118079e-05	0.0	0.0	0.0	0.0	0.0	0.0	0.0	0.0	0.0004323389537397	0.0	0.0	0.0	0.0	5.63856780377784e-05	0.0	0.0	0.0	0.0	0.0	0.0	3.25860271115746e-05	3.24086077262121e-05	0.0	0.0	0.0	0.0	0.0	0.0	0.0	0.0	0.0	0.0	0.0	0.0	0.0	0.0	0.0	0.0	0.0	0.0	0.0	0.0	0.0	0.0	0.0	1.46864444118079e-05	0.0	0.0	0.0	0.0	0.0	0.0	0.0	0.0	0.0004323389537397	0.0	0.0	0.0	0.0	5.63856780377784e-05	0.0	0.0	0.0	0.0	0.0	0.0	3.25860271115746e-05	3.24086077262121e-05	0.0	0.0	0.0	0.0	0.0	0.0	0.0	0.0	0.0	0.0	0.0	0.0	0.0	0.0
Aquificota	0.0	0.0	0.0	0.0	0.0	0.0	0.0	0.0	0.0	0.0	0.0	0.0	0.0	0.0	0.0	0.0	0.0	0.0	0.0	0.0	0.0	0.0	0.0	0.0	0.0	0.0	0.0	0.0	0.0	0.0	3.25860271115746e-05	0.0	0.0	0.0	0.0	0.0	0.0	0.0	0.0	0.0	0.0	0.0	0.0	0.0	0.0	0.0	0.0	0.0	0.0	0.0	0.0	0.0	0.0	0.0	0.0	0.0	0.0	0.0	0.0	0.0	0.0	0.0	0.0	0.0	0.0	0.0	0.0	0.0	0.0	0.0	0.0	0.0	0.0	0.0	0.0	0.0	3.25860271115746e-05	0.0	0.0	0.0	0.0	0.0	0.0	0.0	0.0	0.0	0.0	0.0	0.0	0.0	0.0	0.0
Deferribacterota	0.0	0.0	0.0	0.0	0.0007315288953913	0.0	0.0	0.0	2.89817270211132e-05	4.40593332354237e-05	0.0001600768368817	0.0	0.0	0.0	0.0	0.0	0.0	0.0	0.0	0.0	0.0003669645555411	0.0004648691725328	5.20399666944213e-05	0.0	0.0004460303300624	0.0	0.0	0.0	0.0	0.0	0.0	0.0	0.0	0.0	0.0	0.0	0.0	0.0	0.0	0.0	0.0	0.0	0.0	0.0	0.0	0.0	0.0	0.0	0.0	0.0	0.0007315288953913	0.0	0.0	0.0	2.89817270211132e-05	4.40593332354237e-05	0.0001600768368817	0.0	0.0	0.0	0.0	0.0	0.0	0.0	0.0	0.0	0.0003669645555411	0.0004648691725328	5.20399666944213e-05	0.0	0.0004460303300624	0.0	0.0	0.0	0.0	0.0	0.0	0.0	0.0	0.0	0.0	0.0	0.0	0.0	0.0	0.0	0.0	0.0	0.0	0.0	0.0	0.0
Nitrososphaerota	0.0	0.0	2.48280656454056e-05	2.54569522936714e-05	0.0	0.0	0.0	0.0	0.0	0.0	0.0006403073475268	0.0006848142441362	1.90280473417818e-05	2.02679421958289e-05	0.0	0.0	0.0	0.0	0.0	0.0	0.0	0.0	0.0	0.0	0.0008920606601248	0.0	0.0	0.0	0.0	0.0	6.51720542231491e-05	6.48172154524242e-05	0.0	0.0	0.0	0.0	0.0	0.0	0.0	0.0	0.0	0.0	0.0	0.0	0.0	0.0	0.0	0.0	2.48280656454056e-05	2.54569522936714e-05	0.0	0.0	0.0	0.0	0.0	0.0	0.0006403073475268	0.0006848142441362	1.90280473417818e-05	2.02679421958289e-05	0.0	0.0	0.0	0.0	0.0	0.0	0.0	0.0	0.0	0.0	0.0008920606601248	0.0	0.0	0.0	0.0	0.0	6.51720542231491e-05	6.48172154524242e-05	0.0	0.0	0.0	0.0	0.0	0.0	0.0	0.0	0.0	0.0	0.0	0.0	0.0	0.0
Candidatus.Bathyarchaeota	0.0	0.0	0.0	0.0	0.0	0.0	0.0	0.0	0.0	0.0	0.0	0.0	0.0	0.0	0.0	0.0	0.0	0.0	0.0	0.0	0.0	0.0	0.0	0.0	0.0	0.0	0.0	0.0	0.0	0.0	0.0	3.24086077262121e-05	0.0	0.0	0.0	0.0	0.0	0.0	0.0	0.0	0.0	0.0	0.0	0.0	0.0	0.0	0.0	0.0	0.0	0.0	0.0	0.0	0.0	0.0	0.0	0.0	0.0	0.0	0.0	0.0	0.0	0.0	0.0	0.0	0.0	0.0	0.0	0.0	0.0	0.0	0.0	0.0	0.0	0.0	0.0	0.0	0.0	3.24086077262121e-05	0.0	0.0	0.0	0.0	0.0	0.0	0.0	0.0	0.0	0.0	0.0	0.0	0.0	0.0
Thermoproteota	0.0	0.0	0.0	0.0	0.0	0.0006706908115358	0.0	0.0	4.34725905316698e-05	1.46864444118079e-05	0.0006403073475268	0.0006848142441362	1.90280473417818e-05	0.0	0.0	0.0	0.0	0.0	0.0004323389537397	0.0029009531703273	0.0	2.21366272634701e-05	0.0	0.0001127713560755	0.0	0.0004670714619336	0.0	0.0	0.0	0.0	0.0	0.0	0.0	0.0	0.0	0.0001170138076293	0.0	0.0	0.0	0.0	0.0	0.0	0.0	0.0	0.0	0.0	0.0	0.0	0.0	0.0	0.0	0.0006706908115358	0.0	0.0	4.34725905316698e-05	1.46864444118079e-05	0.0006403073475268	0.0006848142441362	1.90280473417818e-05	0.0	0.0	0.0	0.0	0.0	0.0004323389537397	0.0029009531703273	0.0	2.21366272634701e-05	0.0	0.0001127713560755	0.0	0.0004670714619336	0.0	0.0	0.0	0.0	0.0	0.0	0.0	0.0	0.0	0.0001170138076293	0.0	0.0	0.0	0.0	0.0	0.0	0.0	0.0	0.0	0.0
Euryarchaeota	0.0	0.0003799392097264	0.000124140328227	0.0001018278091746	0.0	0.0	0.0	0.0	5.79634540422264e-05	1.46864444118079e-05	0.0012806146950536	0.0018832391713747	0.0004186170415191	0.0004458947283082	0.0	0.0006006006006006	0.0003405124712692	0.0002086898451521	0.0	0.0	0.0002806199542373	0.0001770930181077	0.0001040799333888	0.0001127713560755	0.0013380909901873	0.0004670714619336	0.0007469654528478	0.0008841732979664	0.0001922707171697	0.0001972386587771	0.0001955161626694	0.0002592688618096	0.000468603561387	0.0004965243296921	0.0	0.0001170138076293	0.0004671260072404	0.0001246416552411	0.0054054054054054	0.0049942374183634	0.0007987220447284	0.0009661835748792	0.0	8.61252260787185e-05	0.0	0.0007283321194464	0.0	0.0003799392097264	0.000124140328227	0.0001018278091746	0.0	0.0	0.0	0.0	5.79634540422264e-05	1.46864444118079e-05	0.0012806146950536	0.0018832391713747	0.0004186170415191	0.0004458947283082	0.0	0.0006006006006006	0.0003405124712692	0.0002086898451521	0.0	0.0	0.0002806199542373	0.0001770930181077	0.0001040799333888	0.0001127713560755	0.0013380909901873	0.0004670714619336	0.0007469654528478	0.0008841732979664	0.0001922707171697	0.0001972386587771	0.0001955161626694	0.0002592688618096	0.000468603561387	0.0004965243296921	0.0	0.0001170138076293	0.0004671260072404	0.0001246416552411	0.0054054054054054	0.0049942374183634	0.0007987220447284	0.0009661835748792	0.0	8.61252260787185e-05	0.0	0.0007283321194464
Candidatus.Micrarchaeota	0.0	0.0	0.0	0.0	0.0	0.0	0.0	0.0	0.0	0.0	0.0001600768368817	0.0	0.0	0.0	0.0	0.0	0.0	0.0	0.0	0.0	0.0	0.0	0.0	0.0	0.0	0.0	0.0	0.0	0.0	0.0	0.0	0.0	0.0	0.0	0.0	0.0	0.0	0.0	0.0	0.0	0.0	0.0	0.0	0.0	0.0	0.0	0.0	0.0	0.0	0.0	0.0	0.0	0.0	0.0	0.0	0.0	0.0001600768368817	0.0	0.0	0.0	0.0	0.0	0.0	0.0	0.0	0.0	0.0	0.0	0.0	0.0	0.0	0.0	0.0	0.0	0.0	0.0	0.0	0.0	0.0	0.0	0.0	0.0	0.0	0.0	0.0	0.0	0.0	0.0	0.0	0.0	0.0	0.0
Candidatus.Diapherotrites	0.0	0.0	0.0	0.0	0.0	0.0	0.0	0.0	0.0	0.0	0.0	0.0	0.0	0.0	0.0004791566842357	0.0	0.0	0.0	0.0	0.0	0.0	0.0	0.0	0.0	0.0	0.0	0.0	0.0	0.0	0.0	0.0	0.0	0.0	0.0	0.0	0.0	0.0	0.0	0.0	0.0	0.0	0.0	0.0	0.0	0.0	0.0	0.0	0.0	0.0	0.0	0.0	0.0	0.0	0.0	0.0	0.0	0.0	0.0	0.0	0.0	0.0004791566842357	0.0	0.0	0.0	0.0	0.0	0.0	0.0	0.0	0.0	0.0	0.0	0.0	0.0	0.0	0.0	0.0	0.0	0.0	0.0	0.0	0.0	0.0	0.0	0.0	0.0	0.0	0.0	0.0	0.0	0.0	0.0
Candidatus.Thermoplasmatota	0.0	0.0	0.0	0.0	0.0	0.0	0.0	0.0	0.0	0.0	0.0	0.000171203561034	0.0	0.0	0.0	0.0	0.0	0.0	0.0	0.0	0.0	0.0	0.0	0.0	0.0	0.0	0.0	0.0	0.0	0.0	0.0	0.0	0.0	0.0	0.0	0.0	0.0	0.0	0.0	0.0	0.0	0.0	0.0	0.0	0.0	0.0	0.0	0.0	0.0	0.0	0.0	0.0	0.0	0.0	0.0	0.0	0.0	0.000171203561034	0.0	0.0	0.0	0.0	0.0	0.0	0.0	0.0	0.0	0.0	0.0	0.0	0.0	0.0	0.0	0.0	0.0	0.0	0.0	0.0	0.0	0.0	0.0	0.0	0.0	0.0	0.0	0.0	0.0	0.0	0.0	0.0	0.0	0.0
Candidatus.Heimdallarchaeota	0.0	0.0	0.0	0.0	0.0	0.0	0.0	0.0	0.0	0.0	0.0	0.000171203561034	0.0	0.0	0.0	0.0	0.0	0.0	0.0	0.0	2.15861503259509e-05	0.0	0.0	0.0	0.0	0.0	0.0	0.0	0.0	0.0	0.0	0.0	0.0	0.0	0.0	0.0	0.0	0.0	0.0	0.0	0.0	0.0	0.0	0.0	0.0	0.0	0.0	0.0	0.0	0.0	0.0	0.0	0.0	0.0	0.0	0.0	0.0	0.000171203561034	0.0	0.0	0.0	0.0	0.0	0.0	0.0	0.0	2.15861503259509e-05	0.0	0.0	0.0	0.0	0.0	0.0	0.0	0.0	0.0	0.0	0.0	0.0	0.0	0.0	0.0	0.0	0.0	0.0	0.0	0.0	0.0	0.0	0.0	0.0	0.0
