samples,Pseudomonadota,Actinomycetota,Chloroflexota,Bacillota,Cyanobacteriota,Candidatus.Melainabacteria,Candidatus.Margulisbacteria,Deinococcota,Armatimonadota,Mycoplasmatota,Thermomicrobiota,Candidatus.Kaiserbacteria,Candidatus.Nomurabacteria,Candidatus.Yanofskybacteria,Candidatus.Azambacteria,Candidatus.Falkowbacteria,Candidatus.Magasanikbacteria,Candidatus.Nealsonbacteria,Candidatus.Uhrbacteria,Candidatus.Giovannonibacteria,Candidatus.Moranbacteria,Candidatus.Zambryskibacteria,Candidatus.Staskawiczbacteria,Candidatus.Wolfebacteria,Candidatus.Harrisonbacteria,Candidatus.Taylorbacteria,Candidatus.Buchananbacteria,Candidatus.Portnoybacteria,Candidatus.Adlerbacteria,Candidatus.Sungbacteria,Candidatus.Jorgensenbacteria,Candidatus.Liptonbacteria,Candidatus.Tagabacteria,Candidatus.Ryanbacteria,Candidatus.Wildermuthbacteria,Candidatus.Komeilibacteria,Candidatus.Kuenenbacteria,Candidatus.Lloydbacteria,Candidatus.Kerfeldbacteria,Candidatus.Terrybacteria,Candidatus.Yonathbacteria,Candidatus.Niyogibacteria,Candidatus.Campbellbacteria,Candidatus.Colwellbacteria,Candidatus.Vogelbacteria,Candidatus.Spechtbacteria,Candidatus.Andersenbacteria,Candidatus.Parcubacteria,Candidatus.Veblenbacteria,Candidatus.Woesebacteria,Candidatus.Gottesmanbacteria,Candidatus.Roizmanbacteria,Candidatus.Levybacteria,Candidatus.Daviesbacteria,Candidatus.Curtissbacteria,Candidatus.Shapirobacteria,Candidatus.Beckwithbacteria,Candidatus.Amesbacteria,Candidatus.Chisholmbacteria,Candidatus.Collierbacteria,Candidatus.Woykebacteria,Candidatus.Pacebacteria,Candidatus.Blackburnbacteria,Candidatus.Microgenomates,Candidatus.Gracilibacteria,candidate.division.NC10,Candidatus.Rokubacteria,Candidatus.Handelsmanbacteria,Candidatus.Schekmanbacteria,Candidatus.Aminicenantes,Candidatus.Glassbacteria,candidate.division.WWE3,Candidatus.Peregrinibacteria,Candidatus.Doudnabacteria,Candidatus.Berkelbacteria,Candidatus.Gribaldobacteria,Candidatus.Saccharibacteria,Candidatus.Eisenbacteria,Candidatus.Desantisbacteria,Candidatus.Edwardsbacteria,Candidatus.Lindowbacteria,Candidatus.Ratteibacteria,Candidatus.Dadabacteria,Candidatus.Firestonebacteria,Candidatus.Raymondbacteria,Candidatus.Riflebacteria,Candidatus.Wallbacteria,candidate.division.CPR1,Candidatus.Coatesbacteria,Candidatus.Bipolaricaulota,Candidatus.Blackallbacteria,candidate.division.CPR2,Candidatus.Fraserbacteria,Candidatus.Fischerbacteria,candidate.division.WOR.3,Candidatus.Wirthbacteria,Candidatus.Abawacabacteria,Candidatus.Absconditabacteria,candidate.division.CPR3,Candidatus.Delongbacteria,Candidatus.Calescamantes,Planctomycetota,Candidatus.Omnitrophica,Verrucomicrobiota,Lentisphaerota,Chlamydiota,Kiritimatiellota,Thermodesulfobacteriota,Nitrospirota,Campylobacterota,Bacteroidota,Ignavibacteriota,Chlorobiota,Balneolota,Gemmatimonadota,candidate.division.Zixibacteria,Candidatus.Marinimicrobia,Candidatus.Hydrogenedentes,Fibrobacterota,Candidatus.Cloacimonetes,Elusimicrobiota,Acidobacteriota,Myxococcota,Nitrospinota,Candidatus.Tectomicrobia,Spirochaetota,Bdellovibrionota,Synergistota,Caldisericota,Fusobacteriota,Thermotogota,Atribacterota,Chrysiogenota,Aquificota,Calditrichota,Deferribacterota,Dictyoglomota,Coprothermobacterota,Nitrososphaerota,Candidatus.Bathyarchaeota,Thermoproteota,Euryarchaeota,Candidatus.Woesearchaeota,Nanoarchaeota,Candidatus.Micrarchaeota,Candidatus.Diapherotrites,Candidatus.Altiarchaeota,Candidatus.Aenigmarchaeota,Candidatus.Nanohaloarchaeota,Candidatus.Thermoplasmatota,Candidatus.Heimdallarchaeota,Candidatus.Lokiarchaeota,Candidatus.Thorarchaeota
mgm4446406,0.721883233948135,0.008667313826099,0.0006240465954791,0.0227430314796838,0.017334627652198,0.0001386770212175,0.0,0.0002080155318263,6.93385106087921e-05,0.0015254472333934,0.0,0.0001386770212175,6.93385106087921e-05,0.0002080155318263,0.0,0.0,0.0003466925530439,6.93385106087921e-05,0.0,0.0,0.0001386770212175,0.0,0.0001386770212175,6.93385106087921e-05,6.93385106087921e-05,0.0,6.93385106087921e-05,0.0,0.0,0.0,0.0,0.0,0.0,0.0001386770212175,0.0,0.0002080155318263,0.0,0.0,0.0,0.0,0.0,0.0,6.93385106087921e-05,0.0,0.0,0.0,0.0,6.93385106087921e-05,0.0,0.0002080155318263,0.0,0.0001386770212175,0.0001386770212175,0.0,0.0,6.93385106087921e-05,0.0,0.0,0.0,0.0001386770212175,0.0,0.0,0.0,0.0,0.0,0.0,0.0,0.0,0.0001386770212175,0.0,0.0,0.0002080155318263,0.0,0.0,0.0,0.0,6.93385106087921e-05,0.0,6.93385106087921e-05,0.0,0.0,0.0,0.0,0.0,0.0,0.0,0.0,0.0,0.0,0.0,0.0,0.0,0.0,0.0,0.0,0.0,0.0,0.0,0.0,0.0,0.0,0.0015947857440022,0.0006933851060879,0.0011094161697406,0.0002773540424351,0.0003466925530439,0.0001386770212175,0.0015947857440022,0.0002080155318263,0.0047843572320066,0.205450006933851,0.0006240465954791,0.0001386770212175,0.0,6.93385106087921e-05,0.0,0.0004160310636527,0.0,0.0,0.0001386770212175,0.0002773540424351,0.0002773540424351,0.0002080155318263,0.0001386770212175,0.0,0.0009014006379142,0.0007627236166967,0.0,6.93385106087921e-05,0.0010400776591318,0.0003466925530439,6.93385106087921e-05,6.93385106087921e-05,0.0001386770212175,0.0,0.0004160310636527,6.93385106087921e-05,0.0,6.93385106087921e-05,0.0,6.93385106087921e-05,0.0012480931909582,6.93385106087921e-05,0.0,0.0,0.0,0.0,0.0,0.0,0.0,0.0,0.0,0.0
mgm4446411,0.299297423887588,0.172833723653396,0.0006245120999219,0.0402810304449649,0.0065573770491803,0.0003122560499609,0.0,0.0014051522248243,0.0,0.0020296643247462,0.0,0.0003122560499609,0.0004683840749414,0.0001561280249804,0.0,0.0004683840749414,0.0007806401249024,0.0004683840749414,0.0001561280249804,0.0,0.0004683840749414,0.0,0.0,0.0001561280249804,0.0003122560499609,0.0001561280249804,0.0003122560499609,0.0,0.0,0.0,0.0,0.0,0.0,0.0003122560499609,0.0001561280249804,0.0,0.0004683840749414,0.0,0.0001561280249804,0.0001561280249804,0.0,0.0,0.0,0.0,0.0,0.0,0.0001561280249804,0.0001561280249804,0.0,0.0003122560499609,0.0003122560499609,0.0004683840749414,0.0001561280249804,0.0,0.0,0.0004683840749414,0.0,0.0,0.0,0.0001561280249804,0.0001561280249804,0.0001561280249804,0.0,0.0,0.0,0.0,0.0,0.0,0.0,0.0,0.0003122560499609,0.0,0.0001561280249804,0.0,0.0001561280249804,0.0001561280249804,0.0007806401249024,0.0001561280249804,0.0,0.0,0.0,0.0,0.0003122560499609,0.0,0.0,0.0,0.0,0.0,0.0,0.0,0.0,0.0,0.0,0.0,0.0,0.0,0.0,0.0,0.0,0.0,0.0,0.0018735362997658,0.0020296643247462,0.0006245120999219,0.0,0.0,0.0001561280249804,0.0031225604996096,0.0009367681498829,0.0053083528493364,0.438407494145199,0.0023419203747072,0.0003122560499609,0.0006245120999219,0.0001561280249804,0.0,0.0,0.0,0.0,0.0001561280249804,0.0004683840749414,0.0001561280249804,0.0,0.0,0.0,0.0029664324746292,0.0009367681498829,0.0001561280249804,0.0,0.0003122560499609,0.0003122560499609,0.0,0.0,0.0004683840749414,0.0003122560499609,0.0006245120999219,0.0,0.0,0.0,0.0,0.0001561280249804,0.0035909445745511,0.0001561280249804,0.0,0.0,0.0,0.0,0.0,0.0,0.0,0.0,0.0,0.0
mgm4446412,0.536390600045631,0.259867670545289,0.001825233858088,0.0219028062970568,0.0041067761806981,0.0,0.0,0.0045630846452201,0.000228154232261,0.000228154232261,0.0,0.000228154232261,0.0,0.0,0.0,0.000456308464522,0.000684462696783,0.0,0.000456308464522,0.0,0.000228154232261,0.0,0.0,0.0,0.0,0.0,0.0,0.0,0.0,0.0,0.0,0.000456308464522,0.0,0.0,0.000228154232261,0.0,0.000456308464522,0.000228154232261,0.0,0.000228154232261,0.0,0.0,0.0,0.0,0.0,0.0,0.0,0.0,0.0,0.000456308464522,0.0,0.000456308464522,0.0,0.0,0.0,0.0,0.0,0.0,0.0,0.0,0.0,0.0,0.0,0.0,0.000228154232261,0.000228154232261,0.000228154232261,0.0,0.000228154232261,0.0,0.0,0.000228154232261,0.0,0.0,0.0,0.0,0.000228154232261,0.0,0.0,0.0,0.0,0.0,0.0,0.0,0.0,0.0,0.0,0.0,0.0,0.0,0.0,0.0,0.0,0.0,0.0,0.0,0.0,0.0,0.0,0.0,0.0,0.001597079625827,0.000684462696783,0.001368925393566,0.000456308464522,0.0,0.0,0.00228154232261,0.000228154232261,0.002509696554871,0.116814966917636,0.001140771161305,0.0,0.000228154232261,0.0,0.000456308464522,0.0,0.000228154232261,0.0,0.0,0.000684462696783,0.001597079625827,0.0036504677161761,0.0,0.0,0.0029660050193931,0.000684462696783,0.000456308464522,0.0,0.000228154232261,0.000456308464522,0.0,0.0,0.000228154232261,0.0,0.0,0.0,0.0,0.000228154232261,0.0,0.0,0.025781428245494,0.0,0.0,0.0,0.0,0.0,0.0,0.0,0.0,0.0,0.0,0.0
mgm4453379,0.585151167240719,0.184462303865289,0.0030616150019135,0.0463069269039418,0.0065059318790662,0.0,0.0,0.0003827018752391,0.0007654037504783,0.0019135093761959,0.0,0.0,0.0,0.0003827018752391,0.0,0.0003827018752391,0.0,0.0,0.0003827018752391,0.0,0.0011481056257175,0.0,0.0,0.0,0.0,0.0003827018752391,0.0,0.0007654037504783,0.0,0.0003827018752391,0.0003827018752391,0.0,0.0,0.0,0.0,0.0,0.0,0.0,0.0,0.0003827018752391,0.0,0.0,0.0,0.0,0.0,0.0,0.0,0.0,0.0,0.0003827018752391,0.0003827018752391,0.0007654037504783,0.0003827018752391,0.0,0.0,0.0,0.0,0.0,0.0,0.0,0.0,0.0,0.0,0.0,0.0,0.0,0.0,0.0,0.0,0.0003827018752391,0.0,0.0,0.0011481056257175,0.0,0.0,0.0,0.0,0.0,0.0,0.0,0.0,0.0003827018752391,0.0,0.0,0.0,0.0,0.0,0.0,0.0,0.0,0.0,0.0,0.0,0.0,0.0,0.0,0.0,0.0,0.0,0.0,0.0,0.0049751243781094,0.0003827018752391,0.0022962112514351,0.0003827018752391,0.0011481056257175,0.0,0.0053578262533486,0.0007654037504783,0.006123230003827,0.12246460007654,0.0026789131266743,0.0007654037504783,0.0,0.0003827018752391,0.0,0.0,0.0,0.0,0.0,0.0003827018752391,0.0003827018752391,0.0026789131266743,0.0,0.0,0.0011481056257175,0.0015308075009567,0.0,0.0,0.0011481056257175,0.0022962112514351,0.0,0.0,0.0,0.0003827018752391,0.0015308075009567,0.0,0.0,0.0011481056257175,0.0,0.0003827018752391,0.0015308075009567,0.0007654037504783,0.0,0.0,0.0,0.0,0.0,0.0,0.0,0.0,0.0,0.0
mgm4453380,0.625883392226148,0.136410482921084,0.0027237926972909,0.0525618374558304,0.0111896348645465,0.0001472320376914,7.36160188457008e-05,0.0004416961130742,0.0001472320376914,0.0035335689045936,0.0002208480565371,0.0002944640753828,7.36160188457008e-05,7.36160188457008e-05,0.0,0.0,0.0005153121319199,7.36160188457008e-05,7.36160188457008e-05,7.36160188457008e-05,0.0001472320376914,7.36160188457008e-05,0.0001472320376914,0.0,0.0,7.36160188457008e-05,7.36160188457008e-05,0.0002208480565371,0.0,0.0,7.36160188457008e-05,0.0,0.0,0.0003680800942285,7.36160188457008e-05,7.36160188457008e-05,0.0,0.0003680800942285,7.36160188457008e-05,0.0,7.36160188457008e-05,0.0,7.36160188457008e-05,0.0,0.0,0.0,0.0,0.0,0.0,0.0001472320376914,0.0003680800942285,0.0005153121319199,0.0002944640753828,0.0002208480565371,7.36160188457008e-05,7.36160188457008e-05,7.36160188457008e-05,0.0,0.0,0.0002944640753828,0.0001472320376914,0.0,0.0,0.0,0.0,0.0,0.0002208480565371,7.36160188457008e-05,0.0002208480565371,0.0001472320376914,0.0,7.36160188457008e-05,0.0002208480565371,0.0,0.0002944640753828,0.0,0.0,0.0001472320376914,0.0002944640753828,0.0,0.0,0.0,7.36160188457008e-05,7.36160188457008e-05,0.0,0.0,0.0,0.0,0.0,0.0,0.0,0.0,0.0,0.0,7.36160188457008e-05,0.0,0.0,0.0,0.0,0.0,0.0002208480565371,0.0032391048292108,0.0011778563015312,0.0011778563015312,0.0001472320376914,0.0005889281507656,0.0,0.0043433451118963,0.0005153121319199,0.0066990577149587,0.12345406360424,0.0015459363957597,0.0002944640753828,0.0001472320376914,0.0003680800942285,7.36160188457008e-05,0.0002944640753828,0.0,0.0,0.0,0.0005889281507656,0.0013250883392226,0.0012514723203769,0.0001472320376914,0.0002208480565371,0.002944640753828,0.0021348645465253,0.0,0.0,0.0012514723203769,0.0008833922261484,0.0001472320376914,0.0,0.0003680800942285,0.0,0.0002944640753828,7.36160188457008e-05,0.0,0.0006625441696113,0.0,0.0003680800942285,0.0021348645465253,7.36160188457008e-05,0.0,0.0,0.0001472320376914,0.0,0.0,0.0,0.0,0.0001472320376914,0.0,0.0
mgm4453381,0.710300954245168,0.168827991191583,0.0022021042329336,0.0249571813065818,0.0078297039393197,0.0002446782481037,0.0002446782481037,0.0007340347443112,0.0012233912405187,0.0012233912405187,0.0002446782481037,0.0002446782481037,0.0,0.0,0.0,0.0,0.0002446782481037,0.0,0.0,0.0,0.0004893564962074,0.0,0.0,0.0,0.0,0.0002446782481037,0.0002446782481037,0.0,0.0,0.0,0.0,0.0,0.0002446782481037,0.0,0.0,0.0,0.0,0.0,0.0,0.0,0.0,0.0,0.0,0.0,0.0004893564962074,0.0,0.0,0.0,0.0,0.0002446782481037,0.0,0.0,0.0012233912405187,0.0,0.0,0.0,0.0,0.0,0.0,0.0002446782481037,0.0,0.0,0.0,0.0,0.0,0.0,0.0002446782481037,0.0,0.0,0.0002446782481037,0.0,0.0,0.0007340347443112,0.0,0.0,0.0,0.0004893564962074,0.0,0.0002446782481037,0.0,0.0,0.0,0.0,0.0,0.0,0.0,0.0,0.0,0.0,0.0,0.0,0.0,0.0,0.0,0.0,0.0,0.0,0.0002446782481037,0.0,0.0,0.0,0.0014680694886224,0.0002446782481037,0.0002446782481037,0.0,0.0007340347443112,0.0,0.0036701737215561,0.0002446782481037,0.0041595302177636,0.0565206753119648,0.0002446782481037,0.0002446782481037,0.0,0.0002446782481037,0.0,0.0,0.0,0.0,0.0004893564962074,0.0007340347443112,0.0009787129924149,0.0014680694886224,0.0,0.0,0.0007340347443112,0.0007340347443112,0.0002446782481037,0.0,0.0002446782481037,0.0,0.0,0.0002446782481037,0.0,0.0,0.0,0.0,0.0,0.0004893564962074,0.0002446782481037,0.0,0.0012233912405187,0.0,0.0,0.0,0.0,0.0,0.0,0.0,0.0,0.0,0.0,0.0
mgm4453382,0.699767711962834,0.173635307781649,0.0,0.0197444831591173,0.0063879210220673,0.0,0.0005807200929152,0.0,0.0,0.0023228803716608,0.0017421602787456,0.0,0.0,0.0,0.0,0.0005807200929152,0.0,0.0,0.0005807200929152,0.0,0.0,0.0,0.0,0.0,0.0,0.0,0.0,0.0,0.0,0.0,0.0,0.0,0.0,0.0,0.0,0.0,0.0,0.0,0.0,0.0,0.0,0.0,0.0,0.0,0.0,0.0,0.0,0.0005807200929152,0.0,0.0,0.0,0.0005807200929152,0.0,0.0,0.0,0.0,0.0,0.0,0.0,0.0,0.0,0.0005807200929152,0.0,0.0,0.0,0.0,0.0005807200929152,0.0,0.0,0.0,0.0,0.0,0.0,0.0,0.0017421602787456,0.0,0.0,0.0,0.0,0.0,0.0,0.0,0.0,0.0,0.0,0.0,0.0,0.0,0.0,0.0,0.0,0.0,0.0,0.0,0.0,0.0,0.0,0.0,0.0,0.0,0.0,0.002903600464576,0.0,0.0,0.0,0.0,0.0,0.0046457607433217,0.0,0.0034843205574912,0.0650406504065041,0.0005807200929152,0.0,0.0,0.0,0.0,0.0,0.0,0.0,0.0,0.0,0.0017421602787456,0.0023228803716608,0.0,0.0,0.0,0.0011614401858304,0.0,0.0005807200929152,0.0005807200929152,0.0005807200929152,0.0,0.0,0.0,0.0,0.0,0.0,0.0,0.0,0.0,0.0,0.0058072009291521,0.0011614401858304,0.0,0.0,0.0,0.0,0.0,0.0,0.0,0.0,0.0,0.0
mgm4454502,0.909303777708398,0.0218545113955667,0.0003122073056509,0.0280986575085857,0.0046831095847642,0.0,0.0,0.0003122073056509,0.0,0.0024976584452076,0.0,0.0001561036528254,0.0,0.0001561036528254,0.0,0.0,0.0,0.0001561036528254,0.0,0.0,0.0001561036528254,0.0001561036528254,0.0001561036528254,0.0,0.0,0.0,0.0,0.0,0.0,0.0,0.0,0.0,0.0,0.0,0.0,0.0,0.0,0.0,0.0001561036528254,0.0001561036528254,0.0001561036528254,0.0,0.0001561036528254,0.0,0.0,0.0,0.0,0.0,0.0,0.0,0.0001561036528254,0.0003122073056509,0.0001561036528254,0.0,0.0,0.0,0.0,0.0,0.0,0.0,0.0003122073056509,0.0,0.0,0.0,0.0,0.0,0.0,0.0,0.0001561036528254,0.0,0.0,0.0,0.0,0.0,0.0001561036528254,0.0,0.0,0.0,0.0003122073056509,0.0,0.0,0.0,0.0,0.0,0.0,0.0,0.0,0.0,0.0,0.0,0.0,0.0,0.0,0.0,0.0,0.0,0.0,0.0,0.0,0.0,0.0,0.0009366219169528,0.0001561036528254,0.0004683109584764,0.0003122073056509,0.0004683109584764,0.0,0.0021854511395566,0.0,0.0034342803621604,0.0154542616297221,0.0003122073056509,0.0001561036528254,0.0,0.0001561036528254,0.0001561036528254,0.0,0.0,0.0,0.0,0.0001561036528254,0.0004683109584764,0.0006244146113019,0.0003122073056509,0.0001561036528254,0.0001561036528254,0.0006244146113019,0.0,0.0,0.0007805182641273,0.0003122073056509,0.0003122073056509,0.0,0.0001561036528254,0.0,0.0003122073056509,0.0,0.0,0.0003122073056509,0.0,0.0001561036528254,0.0006244146113019,0.0,0.0,0.0,0.0,0.0,0.0,0.0,0.0,0.0001561036528254,0.0,0.0
mgm4454503,0.921433060967945,0.0377121307353865,0.0,0.0157133878064111,0.0031426775612822,0.0,0.0,0.0,0.0012570710245128,0.0006285355122564,0.0,0.0,0.0,0.0,0.0,0.0,0.0,0.0,0.0006285355122564,0.0,0.0,0.0,0.0,0.0,0.0,0.0,0.0006285355122564,0.0,0.0,0.0,0.0,0.0,0.0,0.0,0.0,0.0,0.0,0.0,0.0,0.0,0.0,0.0,0.0,0.0,0.0,0.0,0.0,0.0006285355122564,0.0,0.0,0.0,0.0,0.0,0.0,0.0,0.0,0.0,0.0,0.0,0.0,0.0,0.0006285355122564,0.0,0.0,0.0,0.0,0.0006285355122564,0.0,0.0,0.0,0.0,0.0,0.0,0.0,0.0,0.0,0.0,0.0,0.0,0.0,0.0,0.0,0.0,0.0,0.0,0.0,0.0,0.0,0.0,0.0,0.0,0.0,0.0,0.0,0.0,0.0,0.0,0.0,0.0,0.0,0.0,0.0006285355122564,0.0,0.0,0.0,0.0,0.0,0.0018856065367693,0.0,0.0018856065367693,0.0075424261470773,0.0,0.0,0.0,0.0,0.0,0.0,0.0,0.0,0.0,0.0006285355122564,0.0012570710245128,0.0,0.0,0.0,0.0006285355122564,0.0,0.0,0.0006285355122564,0.0006285355122564,0.0,0.0,0.0006285355122564,0.0,0.0,0.0,0.0,0.0,0.0,0.0,0.0,0.0006285355122564,0.0,0.0,0.0,0.0,0.0,0.0,0.0,0.0,0.0,0.0,0.0
mgm4454505,0.782216494845361,0.0446735395189003,0.002147766323024,0.0609965635738832,0.0055841924398625,0.0004295532646048,0.0004295532646048,0.0004295532646048,0.0,0.0025773195876288,0.0004295532646048,0.0,0.0004295532646048,0.0,0.0,0.0,0.0008591065292096,0.0,0.0008591065292096,0.0,0.0004295532646048,0.0,0.0,0.0,0.0,0.0,0.0,0.0004295532646048,0.0,0.0,0.0,0.0,0.0,0.0012886597938144,0.0,0.0,0.0,0.0,0.0,0.0,0.0,0.0,0.0,0.0,0.0,0.0,0.0,0.0,0.0,0.0004295532646048,0.0,0.0004295532646048,0.0,0.0008591065292096,0.0,0.0004295532646048,0.0,0.0,0.0,0.0,0.0,0.0,0.0,0.0,0.0,0.0,0.0,0.0,0.0,0.0,0.0,0.0,0.0,0.0,0.0004295532646048,0.0,0.0,0.0,0.0,0.0,0.0,0.0,0.0004295532646048,0.0,0.0,0.0,0.0,0.0,0.0,0.0,0.0,0.0,0.0,0.0,0.0,0.0,0.0,0.0,0.0,0.0,0.0,0.0047250859106529,0.0008591065292096,0.0008591065292096,0.0,0.002147766323024,0.0,0.0073024054982817,0.0,0.0133161512027491,0.0438144329896907,0.0038659793814433,0.0,0.0,0.0,0.0,0.0,0.0,0.0,0.0,0.0008591065292096,0.0,0.0004295532646048,0.0,0.0,0.002147766323024,0.0034364261168384,0.0,0.0,0.0004295532646048,0.002147766323024,0.0,0.0,0.0,0.0,0.0025773195876288,0.0,0.0,0.0017182130584192,0.0,0.0,0.002147766323024,0.0,0.0,0.0,0.0,0.0,0.0,0.0,0.0,0.0,0.0,0.0
mgm4454506,0.922295277943813,0.0239091452480574,0.0005977286312014,0.0155409444112373,0.0059772863120143,0.0005977286312014,0.0,0.0011954572624028,0.0,0.0,0.0,0.0005977286312014,0.0,0.0,0.0,0.0,0.0,0.0,0.0,0.0,0.0,0.0,0.0,0.0,0.0,0.0,0.0,0.0,0.0,0.0,0.0,0.0,0.0,0.0,0.0,0.0,0.0,0.0,0.0,0.0,0.0,0.0,0.0,0.0,0.0,0.0,0.0,0.0,0.0,0.0,0.0,0.0,0.0,0.0,0.0,0.0,0.0,0.0,0.0,0.0,0.0,0.0,0.0,0.0,0.0,0.0,0.0,0.0,0.0,0.0,0.0,0.0,0.0,0.0,0.0,0.0,0.0005977286312014,0.0,0.0,0.0,0.0,0.0,0.0,0.0,0.0,0.0,0.0,0.0,0.0,0.0,0.0,0.0,0.0,0.0,0.0,0.0,0.0,0.0,0.0,0.0,0.0,0.0011954572624028,0.0005977286312014,0.0,0.0,0.0,0.0,0.0029886431560071,0.0,0.00418410041841,0.0131500298864316,0.0,0.0005977286312014,0.0,0.0,0.0,0.0,0.0,0.0,0.0,0.0011954572624028,0.0011954572624028,0.0005977286312014,0.0,0.0,0.0005977286312014,0.0,0.0,0.0,0.0,0.0,0.0,0.0,0.0,0.0,0.0,0.0,0.0,0.0,0.0,0.0,0.0023909145248057,0.0,0.0,0.0,0.0,0.0,0.0,0.0,0.0,0.0,0.0,0.0
mgm4454687,0.110348770726129,0.779302458547742,0.0051457975986277,0.050314465408805,0.0028587764436821,0.0,0.0,0.0,0.0005717552887364,0.0005717552887364,0.0005717552887364,0.0,0.0,0.0,0.0,0.0,0.0005717552887364,0.0,0.0,0.0,0.0,0.0,0.0,0.0,0.0,0.0,0.0,0.0,0.0,0.0,0.0005717552887364,0.0,0.0,0.0,0.0,0.0,0.0,0.0,0.0,0.0,0.0,0.0,0.0,0.0,0.0,0.0,0.0,0.0,0.0,0.0,0.0011435105774728,0.0,0.0,0.0,0.0,0.0,0.0005717552887364,0.0,0.0,0.0005717552887364,0.0,0.0,0.0,0.0,0.0,0.0,0.0,0.0,0.0005717552887364,0.0005717552887364,0.0,0.0,0.0005717552887364,0.0,0.0,0.0,0.0,0.0011435105774728,0.0,0.0,0.0,0.0,0.0,0.0,0.0,0.0,0.0,0.0,0.0,0.0,0.0,0.0,0.0,0.0,0.0,0.0,0.0,0.0,0.0,0.0,0.0,0.0022870211549456,0.0040022870211549,0.0011435105774728,0.0,0.0,0.0,0.0011435105774728,0.0,0.0040022870211549,0.0171526586620926,0.0011435105774728,0.0,0.0,0.0005717552887364,0.0,0.0011435105774728,0.0,0.0,0.0,0.0011435105774728,0.0005717552887364,0.0045740423098913,0.0,0.0,0.0011435105774728,0.0011435105774728,0.0,0.0,0.0,0.0011435105774728,0.0,0.0,0.0,0.0,0.0,0.0,0.0,0.0,0.0,0.0005717552887364,0.0011435105774728,0.0,0.0,0.0,0.0,0.0,0.0,0.0,0.0,0.0,0.0,0.0
mgm4454695,0.0737553779963122,0.0147510755992624,0.0,0.0473263675476337,0.0086047940995697,0.0006146281499692,0.0,0.0,0.0,0.0018438844499078,0.0,0.0006146281499692,0.0,0.0,0.0,0.0,0.0,0.0,0.0,0.0,0.0006146281499692,0.0,0.0,0.0,0.0,0.0,0.0,0.0,0.0,0.0,0.0,0.0,0.0,0.0012292562999385,0.0,0.0,0.0,0.0,0.0,0.0,0.0,0.0,0.0,0.0,0.0,0.0,0.0,0.0,0.0,0.0,0.0,0.0006146281499692,0.0006146281499692,0.0,0.0,0.0,0.0,0.0,0.0,0.0,0.0,0.0,0.0,0.0,0.0,0.0,0.0006146281499692,0.0,0.0,0.0006146281499692,0.0,0.0006146281499692,0.0006146281499692,0.0,0.0,0.0,0.0,0.0,0.0,0.0,0.0,0.0,0.0,0.0,0.0,0.0,0.0,0.0,0.0,0.0,0.0,0.0,0.0,0.0,0.0,0.0,0.0,0.0,0.0,0.0,0.0,0.0043023970497848,0.0006146281499692,0.0006146281499692,0.0,0.0,0.0,0.0049170251997541,0.0018438844499078,0.002458512599877,0.818070067609097,0.0012292562999385,0.0012292562999385,0.0,0.0,0.0,0.0,0.0,0.0,0.0,0.0012292562999385,0.0018438844499078,0.0,0.0,0.0,0.0030731407498463,0.0006146281499692,0.0,0.0,0.0012292562999385,0.0,0.0,0.0,0.0018438844499078,0.0,0.0,0.0,0.0,0.0,0.0,0.0,0.0012292562999385,0.0,0.0,0.0,0.0,0.0,0.0,0.0,0.0,0.0006146281499692,0.0,0.0
mgm4454700,0.792119565217391,0.0665760869565217,0.0013586956521739,0.0529891304347826,0.0054347826086956,0.0,0.0,0.0,0.0,0.0095108695652173,0.0,0.0,0.0,0.0,0.0,0.0013586956521739,0.0013586956521739,0.0,0.0,0.0,0.0,0.0,0.0,0.0,0.0,0.0,0.0,0.0,0.0,0.0,0.0,0.0,0.0,0.0,0.0,0.0,0.0,0.0,0.0,0.0,0.0,0.0,0.0,0.0,0.0,0.0,0.0,0.0,0.0,0.0,0.0,0.0,0.0,0.0,0.0,0.0,0.0,0.0,0.0,0.0,0.0,0.0,0.0,0.0,0.0,0.0,0.0,0.0,0.0,0.0,0.0,0.0,0.0013586956521739,0.0,0.0,0.0,0.0,0.0,0.0,0.0,0.0,0.0,0.0,0.0,0.0,0.0,0.0,0.0,0.0,0.0,0.0,0.0,0.0,0.0,0.0,0.0,0.0,0.0,0.0,0.0,0.0,0.0027173913043478,0.0,0.0013586956521739,0.0,0.0013586956521739,0.0,0.0027173913043478,0.0,0.0095108695652173,0.0366847826086957,0.0,0.0,0.0,0.0,0.0,0.0,0.0,0.0,0.0,0.0,0.0,0.0013586956521739,0.0,0.0,0.0040760869565217,0.0,0.0,0.0,0.0,0.0,0.0,0.0,0.0,0.0,0.0,0.0,0.0,0.0013586956521739,0.0,0.0013586956521739,0.0054347826086956,0.0,0.0,0.0,0.0,0.0,0.0,0.0,0.0,0.0,0.0,0.0
mgm4460178,0.560294199899323,0.0260361317747078,0.0007550757872364,0.0389563174674199,0.0085015940488841,0.0002237261591811,5.59315397952906e-05,0.0003355892387717,8.38973096929358e-05,0.0019576038928351,0.0,8.38973096929358e-05,0.0005033838581576,0.0001398288494882,2.79657698976453e-05,0.0001398288494882,0.000307623468874,5.59315397952906e-05,0.0003355892387717,0.0,0.0001118630795905,8.38973096929358e-05,8.38973096929358e-05,8.38973096929358e-05,2.79657698976453e-05,0.0001398288494882,2.79657698976453e-05,0.0001118630795905,0.0,2.79657698976453e-05,0.0,0.0,0.0,2.79657698976453e-05,0.0,0.0,2.79657698976453e-05,0.0,8.38973096929358e-05,0.0,0.0,2.79657698976453e-05,2.79657698976453e-05,0.0,0.0,0.0,2.79657698976453e-05,0.0,0.0,0.0002516919290788,0.0001398288494882,0.000307623468874,0.0001398288494882,0.0001398288494882,8.38973096929358e-05,0.0,0.0002516919290788,8.38973096929358e-05,0.0,0.0001957603892835,8.38973096929358e-05,0.0001118630795905,0.0,2.79657698976453e-05,2.79657698976453e-05,0.0,0.0001957603892835,0.0,0.0001118630795905,2.79657698976453e-05,0.0,0.0001957603892835,0.0003635550086693,5.59315397952906e-05,0.0001118630795905,0.0,0.0001957603892835,0.0,5.59315397952906e-05,0.0,0.0,0.0,0.0,0.0,0.0,0.0,0.0,0.0,2.79657698976453e-05,0.0,0.0,0.0,0.0,0.0,0.0,0.0,0.0,0.0,5.59315397952906e-05,2.79657698976453e-05,0.0,0.0031880977683315,0.0004474523183623,0.0022931931316069,0.0009228704066222,0.0003635550086693,0.0001398288494882,0.001649980423961,0.0007550757872364,0.0058168801387102,0.307819229263382,0.0012304938754963,8.38973096929358e-05,0.0,0.0002516919290788,0.0001398288494882,0.0010906650260081,2.79657698976453e-05,0.0001677946193858,2.79657698976453e-05,0.000307623468874,0.0008110073270317,0.000783041557134,0.0009228704066222,0.0,0.0016220146540634,0.0006432127076458,0.0001398288494882,5.59315397952906e-05,0.0009788019464175,0.0004194865484646,0.0001118630795905,2.79657698976453e-05,0.0004474523183623,5.59315397952906e-05,0.0001677946193858,5.59315397952906e-05,0.0,0.0194082443089658,0.0,0.0002237261591811,0.0026567481402763,0.0001398288494882,2.79657698976453e-05,0.0,8.38973096929358e-05,5.59315397952906e-05,0.0,0.0,0.0003635550086693,2.79657698976453e-05,5.59315397952906e-05,0.0
mgm4460179,0.554895512888512,0.0277571514444327,0.0008839857147908,0.0409108588805205,0.0254587885859765,0.0002121565715498,0.0,0.0001414377143665,0.0001767971429581,0.0022276440012729,7.07188571832679e-05,0.0001060782857749,0.000282875428733,7.07188571832679e-05,0.0,0.0001060782857749,0.0004950320002828,0.0003535942859163,0.0003535942859163,7.07188571832679e-05,0.0001767971429581,3.5359428591634e-05,0.0001767971429581,7.07188571832679e-05,3.5359428591634e-05,3.5359428591634e-05,0.0001414377143665,7.07188571832679e-05,0.0,3.5359428591634e-05,0.0,0.0,7.07188571832679e-05,3.5359428591634e-05,0.0001767971429581,3.5359428591634e-05,0.0,3.5359428591634e-05,3.5359428591634e-05,0.0,7.07188571832679e-05,0.0,0.0001060782857749,0.0,0.0,0.0,0.0,0.0,0.0,0.000282875428733,0.0001414377143665,0.0004596725716912,0.0002475160001414,0.0001060782857749,7.07188571832679e-05,3.5359428591634e-05,0.0001767971429581,7.07188571832679e-05,0.0,7.07188571832679e-05,7.07188571832679e-05,0.0001414377143665,0.0,0.0,0.0,3.5359428591634e-05,7.07188571832679e-05,0.0001060782857749,0.0003182348573247,0.0001414377143665,0.0,0.0001767971429581,0.0003535942859163,0.0,7.07188571832679e-05,0.0,0.0001767971429581,0.0,3.5359428591634e-05,0.0,3.5359428591634e-05,7.07188571832679e-05,7.07188571832679e-05,3.5359428591634e-05,0.0,0.0,0.0,0.0,0.0,3.5359428591634e-05,3.5359428591634e-05,3.5359428591634e-05,0.0,0.0001060782857749,0.0,0.0,0.0,3.5359428591634e-05,0.0,0.0,0.0,0.0060111028605777,0.0008132668576075,0.0026873165729641,0.0002475160001414,0.0004596725716912,7.07188571832679e-05,0.0026165977157809,0.0005303914288745,0.0067890102895937,0.189597256108341,0.0014143771436653,0.000282875428733,3.5359428591634e-05,0.0001414377143665,3.5359428591634e-05,0.0057282274318447,0.0,0.0,7.07188571832679e-05,0.0004950320002828,0.001060782857749,0.0008132668576075,0.0019801280011315,0.0,0.0021569251440896,0.0010961422863406,0.0001414377143665,7.07188571832679e-05,0.0014497365722569,0.0003535942859163,0.0001767971429581,0.0,0.000282875428733,0.0002121565715498,0.0003889537145079,7.07188571832679e-05,3.5359428591634e-05,0.107916976061667,0.0,0.0003889537145079,0.0030055514302888,0.0001060782857749,0.0,0.0,0.0001414377143665,7.07188571832679e-05,0.0,0.0,0.0001767971429581,3.5359428591634e-05,0.0001060782857749,0.0
mgm4460180,0.587580983936337,0.0396414519421353,0.000621246634914,0.0389314557879478,0.0069520456764192,0.0001183326923645,8.87495192734373e-05,0.0005029139425494,0.0002366653847291,0.0029287341360234,0.0,0.0001183326923645,0.0003549980770937,2.95831730911458e-05,5.91663461822915e-05,0.0002662485578203,0.0002958317309114,0.000207082211638,0.0001479158654557,8.87495192734373e-05,0.000207082211638,0.0001479158654557,5.91663461822915e-05,0.0001479158654557,2.95831730911458e-05,0.0,8.87495192734373e-05,5.91663461822915e-05,0.0,0.0,5.91663461822915e-05,2.95831730911458e-05,0.0,2.95831730911458e-05,8.87495192734373e-05,2.95831730911458e-05,0.0,5.91663461822915e-05,5.91663461822915e-05,0.0001183326923645,0.0,0.0,0.0,0.0,2.95831730911458e-05,2.95831730911458e-05,2.95831730911458e-05,0.0,2.95831730911458e-05,0.000207082211638,8.87495192734373e-05,0.0002366653847291,0.000207082211638,0.0003254149040026,0.0001183326923645,5.91663461822915e-05,5.91663461822915e-05,2.95831730911458e-05,0.0,0.0,8.87495192734373e-05,8.87495192734373e-05,0.0,2.95831730911458e-05,0.0,0.0,0.0001774990385468,8.87495192734373e-05,0.0001479158654557,2.95831730911458e-05,0.0,5.91663461822915e-05,0.0001479158654557,0.0001774990385468,0.0001774990385468,2.95831730911458e-05,0.0002958317309114,0.0,2.95831730911458e-05,8.87495192734373e-05,0.0,0.0,5.91663461822915e-05,0.0,5.91663461822915e-05,0.0,0.0,0.0,2.95831730911458e-05,0.0,2.95831730911458e-05,0.0,0.0,0.0,0.0,0.0,0.0,0.0,0.0,0.0,0.0,0.0080466230807916,0.0005029139425494,0.0018045735585598,0.000414164423276,0.000414164423276,2.95831730911458e-05,0.0021891548087447,0.0005029139425494,0.0068041298109635,0.192763955861906,0.0009466615389166,0.000207082211638,2.95831730911458e-05,0.0002366653847291,2.95831730911458e-05,0.0026033192320208,0.0,2.95831730911458e-05,2.95831730911458e-05,0.0004733307694583,0.0031358163476614,0.0013904091352838,0.0023074875011093,8.87495192734373e-05,0.0020116557701979,0.0009762447120078,0.0001183326923645,2.95831730911458e-05,0.0011833269236458,0.0004437475963671,0.000207082211638,0.0,0.0002958317309114,0.0001183326923645,0.000414164423276,2.95831730911458e-05,0.0,0.0818566399432003,0.0,0.0002662485578203,0.0027808182705677,0.0001183326923645,0.0,0.0,5.91663461822915e-05,2.95831730911458e-05,2.95831730911458e-05,0.0,0.0003254149040026,2.95831730911458e-05,2.95831730911458e-05,0.0
mgm4460182,0.617901796245745,0.0292184814477808,0.0006403127422235,0.0400700973949382,0.0083240656489064,6.74013412866916e-05,6.74013412866916e-05,0.00020220402386,3.37006706433458e-05,0.002931958345971,3.37006706433458e-05,0.00020220402386,0.0005392107302935,0.0001685033532167,3.37006706433458e-05,0.0001348026825733,0.0003707073770768,0.00020220402386,0.0002359046945034,0.00010110201193,0.00010110201193,0.0002696053651467,6.74013412866916e-05,0.0001685033532167,3.37006706433458e-05,0.0002359046945034,0.0001348026825733,0.00010110201193,0.0,3.37006706433458e-05,0.00010110201193,0.0,0.0,0.0,0.0,3.37006706433458e-05,0.00010110201193,3.37006706433458e-05,0.00010110201193,3.37006706433458e-05,0.0,0.0,0.00010110201193,0.0,0.0,6.74013412866916e-05,3.37006706433458e-05,3.37006706433458e-05,0.0,0.0004381087183634,0.00010110201193,0.0003370067064334,0.00020220402386,0.0001348026825733,6.74013412866916e-05,6.74013412866916e-05,0.00010110201193,3.37006706433458e-05,0.0,0.00010110201193,0.0,0.00010110201193,6.74013412866916e-05,0.0,3.37006706433458e-05,0.00010110201193,0.00010110201193,3.37006706433458e-05,0.0001685033532167,0.0,0.0,0.0003033060357901,0.0004044080477201,3.37006706433458e-05,0.0001685033532167,3.37006706433458e-05,0.0002359046945034,0.00010110201193,6.74013412866916e-05,0.0,0.0,0.0,0.0,3.37006706433458e-05,0.0,0.0,0.0,0.0,0.0,0.0,0.0,0.0,0.0,0.0,0.0,0.0,3.37006706433458e-05,0.00010110201193,3.37006706433458e-05,0.0,0.0,0.0080207596131163,0.0007414147541536,0.0014491288376638,0.0002359046945034,0.0006740134128669,0.0,0.0021905435918174,0.0006740134128669,0.0121659421022478,0.181174805378627,0.0015839315202372,0.00020220402386,3.37006706433458e-05,0.0003707073770768,3.37006706433458e-05,0.0032015637111178,3.37006706433458e-05,0.0,0.0,0.0006066120715802,0.0011795234725171,0.0013817274963771,0.0018872375560273,3.37006706433458e-05,0.001853536885384,0.0008425167660836,0.00010110201193,3.37006706433458e-05,0.0013480268257338,0.0004044080477201,0.0001348026825733,0.0,0.0003033060357901,6.74013412866916e-05,0.00020220402386,0.0,0.0,0.0669632325683281,3.37006706433458e-05,0.0002359046945034,0.0021568429211741,6.74013412866916e-05,0.0,0.0,0.0,0.0,0.0,0.0,0.0002359046945034,6.74013412866916e-05,6.74013412866916e-05,0.0
mgm4460188,0.569103638241708,0.0222081946516699,0.0005394238494204,0.0377941007689659,0.0080224951222311,0.0001606794445082,3.44313095374727e-05,0.0002410191667623,8.03397222541031e-05,0.0026626879375645,0.0,0.0001377252381498,0.0002754504762997,9.18168254332606e-05,2.29542063583152e-05,0.0001951107540456,0.0005394238494204,9.18168254332606e-05,0.0001951107540456,0.0001606794445082,0.0002065878572248,5.73855158957879e-05,4.59084127166303e-05,4.59084127166303e-05,6.88626190749455e-05,3.44313095374727e-05,0.0001147710317915,5.73855158957879e-05,2.29542063583152e-05,1.14771031791576e-05,3.44313095374727e-05,3.44313095374727e-05,0.0,3.44313095374727e-05,0.0,1.14771031791576e-05,1.14771031791576e-05,2.29542063583152e-05,3.44313095374727e-05,0.0,2.29542063583152e-05,1.14771031791576e-05,0.0,0.0,1.14771031791576e-05,0.0,2.29542063583152e-05,0.0,0.0,0.000149202341329,0.0001377252381498,0.000298404682658,0.0001032939286124,0.0001377252381498,6.88626190749455e-05,5.73855158957879e-05,3.44313095374727e-05,4.59084127166303e-05,1.14771031791576e-05,3.44313095374727e-05,0.0,5.73855158957879e-05,1.14771031791576e-05,1.14771031791576e-05,1.14771031791576e-05,0.0,6.88626190749455e-05,2.29542063583152e-05,0.0001032939286124,1.14771031791576e-05,0.0,0.0002180649604039,0.0002295420635831,4.59084127166303e-05,3.44313095374727e-05,2.29542063583152e-05,0.0002065878572248,2.29542063583152e-05,2.29542063583152e-05,0.0,1.14771031791576e-05,0.0,3.44313095374727e-05,1.14771031791576e-05,1.14771031791576e-05,1.14771031791576e-05,0.0,0.0,0.0,0.0,3.44313095374727e-05,1.14771031791576e-05,2.29542063583152e-05,3.44313095374727e-05,1.14771031791576e-05,0.0,1.14771031791576e-05,2.29542063583152e-05,1.14771031791576e-05,1.14771031791576e-05,0.0,0.0021347411913233,0.000367267301733,0.0015953173419029,0.0004935154367037,0.0005738551589578,3.44313095374727e-05,0.0018133823023069,0.0004476070239871,0.0059566165499827,0.316653276712958,0.0012510042465281,0.000149202341329,3.44313095374727e-05,0.0001262481349707,6.88626190749455e-05,0.0007919201193618,0.0,2.29542063583152e-05,4.59084127166303e-05,0.0003902215080913,0.0006197635716745,0.0005968093653161,0.0004935154367037,1.14771031791576e-05,0.0018707678182026,0.0010903248020199,5.73855158957879e-05,5.73855158957879e-05,0.0011018019051991,0.000516469643062,6.88626190749455e-05,1.14771031791576e-05,0.0002295420635831,9.18168254332606e-05,0.0003213588890164,5.73855158957879e-05,1.14771031791576e-05,0.0108114311947664,5.73855158957879e-05,0.0003902215080913,0.0021462182945024,0.0001147710317915,1.14771031791576e-05,1.14771031791576e-05,2.29542063583152e-05,6.88626190749455e-05,0.0,0.0,0.0002180649604039,5.73855158957879e-05,2.29542063583152e-05,0.0
mgm4460189,0.525051164679967,0.217453795559999,0.0026871221234513,0.0247465200206221,0.0066553140964551,7.81140152166102e-05,1.5622803043322e-05,0.0009373681825993,0.0002499648486931,0.0011092190160758,4.68684091299661e-05,0.0002030964395631,0.0002812104547797,6.24912121732881e-05,0.0,0.0001406052273898,0.0002968332578231,7.81140152166102e-05,0.0002187192426065,9.37368182599322e-05,7.81140152166102e-05,0.0001093596213032,0.0001249824243465,7.81140152166102e-05,6.24912121732881e-05,9.37368182599322e-05,1.5622803043322e-05,6.24912121732881e-05,1.5622803043322e-05,6.24912121732881e-05,1.5622803043322e-05,1.5622803043322e-05,0.0,1.5622803043322e-05,3.12456060866441e-05,3.12456060866441e-05,0.0,0.0001093596213032,1.5622803043322e-05,0.0,6.24912121732881e-05,1.5622803043322e-05,3.12456060866441e-05,1.5622803043322e-05,4.68684091299661e-05,0.0,4.68684091299661e-05,0.0,0.0,0.0001562280304332,6.24912121732881e-05,0.0002655876517364,9.37368182599322e-05,7.81140152166102e-05,0.0001406052273898,6.24912121732881e-05,4.68684091299661e-05,1.5622803043322e-05,0.0,1.5622803043322e-05,4.68684091299661e-05,3.12456060866441e-05,0.0,1.5622803043322e-05,0.0,0.0001093596213032,0.0003280788639097,0.0001093596213032,4.68684091299661e-05,6.24912121732881e-05,0.0,0.0001718508334765,0.0002187192426065,4.68684091299661e-05,7.81140152166102e-05,3.12456060866441e-05,0.0001562280304332,7.81140152166102e-05,1.5622803043322e-05,1.5622803043322e-05,1.5622803043322e-05,0.0,1.5622803043322e-05,3.12456060866441e-05,0.0,0.0,4.68684091299661e-05,0.0,4.68684091299661e-05,3.12456060866441e-05,0.0,0.0,1.5622803043322e-05,3.12456060866441e-05,0.0,0.0,0.0,4.68684091299661e-05,0.0,0.0,0.0,0.008639410082957,0.000921745379556,0.0063428580355887,0.0004530612882563,0.000437438485213,6.24912121732881e-05,0.0025621396991048,0.0037963411395272,0.0038588323517005,0.0927682044712462,0.0006405349247762,0.0002812104547797,4.68684091299661e-05,0.0010623506069459,4.68684091299661e-05,0.0016091487134621,1.5622803043322e-05,0.0,1.5622803043322e-05,0.0005780437126029,0.0051399022012529,0.0019372275773719,0.0018903591682419,1.5622803043322e-05,0.0016091487134621,0.0007342717430361,6.24912121732881e-05,1.5622803043322e-05,0.0006249121217328,0.0003124560608664,9.37368182599322e-05,1.5622803043322e-05,0.0001406052273898,3.12456060866441e-05,0.0001249824243465,1.5622803043322e-05,0.0,0.0771141558218376,0.0,0.0002343420456498,0.0012185786373791,3.12456060866441e-05,1.5622803043322e-05,3.12456060866441e-05,1.5622803043322e-05,0.0,0.0,0.0,1.5622803043322e-05,3.12456060866441e-05,3.12456060866441e-05,1.5622803043322e-05
mgm4533700,0.481865284974093,0.0929763960852044,0.0005757052389176,0.0224525043177893,0.0143926309729419,0.0002878526194588,0.0,0.0002878526194588,0.0005757052389176,0.0023028209556707,0.0,0.0,0.0,0.0,0.0,0.0,0.0,0.0002878526194588,0.0,0.0,0.0002878526194588,0.0,0.0,0.0,0.0,0.0,0.0,0.0,0.0,0.0,0.0,0.0,0.0,0.0,0.0,0.0,0.0,0.0,0.0,0.0,0.0,0.0,0.0,0.0,0.0,0.0,0.0,0.0,0.0,0.0002878526194588,0.0,0.0,0.0,0.0,0.0,0.0,0.0,0.0,0.0,0.0,0.0,0.0,0.0,0.0,0.0,0.0,0.0,0.0,0.0,0.0,0.0,0.0,0.0,0.0,0.0,0.0,0.0002878526194588,0.0002878526194588,0.0,0.0002878526194588,0.0,0.0002878526194588,0.0,0.0002878526194588,0.0002878526194588,0.0,0.0002878526194588,0.0,0.0,0.0,0.0,0.0,0.0,0.0,0.0,0.0,0.0,0.0,0.0,0.0,0.0,0.006908462867012,0.0008635578583765,0.0089234312032239,0.0,0.0002878526194588,0.0,0.0028785261945883,0.0008635578583765,0.0043177892918825,0.345135290731146,0.0,0.0002878526194588,0.0002878526194588,0.0011514104778353,0.0,0.0,0.0,0.0,0.0,0.0,0.0014392630972941,0.0005757052389176,0.0,0.0,0.0005757052389176,0.0005757052389176,0.0002878526194588,0.0,0.0005757052389176,0.0002878526194588,0.0,0.0,0.0,0.0,0.0,0.0,0.0,0.0031663788140472,0.0,0.0002878526194588,0.001727115716753,0.0,0.0,0.0,0.0,0.0,0.0,0.0,0.0,0.0,0.0,0.0
mgm4533701,0.496529631607047,0.0878270154831821,0.0010678056593699,0.0197544046983449,0.0200213561131874,0.0002669514148424,0.0,0.0008008542445274,0.0005339028296849,0.0021356113187399,0.0,0.0,0.0002669514148424,0.0,0.0,0.0,0.0005339028296849,0.0002669514148424,0.0002669514148424,0.0002669514148424,0.0002669514148424,0.0,0.0,0.0,0.0,0.0,0.0,0.0,0.0002669514148424,0.0,0.0,0.0,0.0,0.0,0.0,0.0,0.0,0.0,0.0,0.0,0.0,0.0,0.0,0.0,0.0,0.0,0.0,0.0,0.0,0.0002669514148424,0.0,0.0,0.0,0.0005339028296849,0.0,0.0,0.0,0.0,0.0,0.0,0.0,0.0,0.0,0.0,0.0,0.0,0.0005339028296849,0.0,0.0,0.0,0.0,0.0,0.0,0.0,0.0,0.0,0.0,0.0002669514148424,0.0,0.0,0.0,0.0,0.0,0.0,0.0,0.0,0.0,0.0,0.0,0.0,0.0,0.0,0.0,0.0,0.0,0.0,0.0,0.0,0.0,0.0,0.0,0.0056059797116924,0.0005339028296849,0.0056059797116924,0.0002669514148424,0.0002669514148424,0.0,0.0048051254671649,0.0005339028296849,0.0040042712226374,0.332621462893753,0.0005339028296849,0.0,0.0,0.0005339028296849,0.0,0.0005339028296849,0.0,0.0,0.0,0.0005339028296849,0.0018686599038974,0.0005339028296849,0.0002669514148424,0.0002669514148424,0.0008008542445274,0.0005339028296849,0.0005339028296849,0.0,0.0005339028296849,0.0005339028296849,0.0,0.0,0.0,0.0,0.0,0.0,0.0,0.0024025627335824,0.0,0.0,0.0026695141484249,0.0,0.0,0.0,0.0,0.0,0.0,0.0,0.0,0.0,0.0,0.0
mgm4533702,0.473884743610097,0.095570725511986,0.0015081759009366,0.0188125099222099,0.0204000635021432,0.0,0.0,0.0005556437529766,0.0002381330369899,0.0008731544689633,7.93776789966661e-05,0.0002381330369899,0.0002381330369899,0.0002381330369899,0.0,0.0001587553579933,0.0002381330369899,0.0001587553579933,0.0002381330369899,7.93776789966661e-05,0.0001587553579933,0.0,0.0001587553579933,7.93776789966661e-05,0.0,0.0,0.0,0.0,7.93776789966661e-05,0.0,0.0,0.0,0.0,0.0,0.0,0.0,0.0,0.0,0.0001587553579933,7.93776789966661e-05,0.0,0.0,7.93776789966661e-05,0.0,0.0,0.0,0.0,0.0,0.0,0.0,7.93776789966661e-05,7.93776789966661e-05,0.0001587553579933,0.0001587553579933,0.0,0.0,0.0,0.0,0.0,0.0,0.0,7.93776789966661e-05,0.0,0.0,7.93776789966661e-05,0.0,0.0002381330369899,7.93776789966661e-05,7.93776789966661e-05,0.0002381330369899,0.0,0.0,0.0002381330369899,0.0,7.93776789966661e-05,0.0,0.0,7.93776789966661e-05,0.0,0.0,0.0,0.0,0.0,0.0,0.0,0.0,0.0,0.0,0.0,0.0,0.0,0.0,0.0,7.93776789966661e-05,0.0,0.0,0.0,7.93776789966661e-05,0.0,0.0,0.0,0.0068264803937132,0.0003175107159866,0.0080965232576599,0.0001587553579933,0.0002381330369899,7.93776789966661e-05,0.0038895062708366,0.0007143991109699,0.0034132401968566,0.345531036672488,0.0005556437529766,0.0003175107159866,0.0,0.0016669312589299,0.0,0.0002381330369899,7.93776789966661e-05,0.0,0.0001587553579933,0.0007143991109699,0.0012700428639466,0.0008731544689633,0.0001587553579933,7.93776789966661e-05,0.0004762660739799,0.0007937767899666,0.0001587553579933,0.0,0.0010319098269566,0.0003968883949833,0.0003175107159866,0.0,7.93776789966661e-05,0.0,0.0,0.0,0.0,0.0034132401968566,0.0,0.0001587553579933,0.0016669312589299,0.0,0.0,0.0,0.0,0.0,0.0,0.0,0.0,0.0,0.0,0.0
mgm4533703,0.468163112607557,0.0947250280583614,0.0007482229704451,0.0195286195286195,0.0180321735877291,0.0002244668911335,7.48222970445193e-05,0.000299289188178,0.000149644594089,0.0011971567527123,0.0,0.000149644594089,0.0002244668911335,0.0,0.0,7.48222970445193e-05,0.0002244668911335,0.0002244668911335,0.000149644594089,7.48222970445193e-05,0.000149644594089,0.0,7.48222970445193e-05,0.0,0.000149644594089,7.48222970445193e-05,7.48222970445193e-05,0.000149644594089,0.0,0.000149644594089,0.0,0.0,0.0,0.0,7.48222970445193e-05,0.0002244668911335,0.0,7.48222970445193e-05,0.000149644594089,0.0,0.0,0.0,0.000149644594089,0.0,0.000149644594089,0.0,0.0,0.0,0.0,0.000149644594089,7.48222970445193e-05,0.000299289188178,7.48222970445193e-05,0.0002244668911335,7.48222970445193e-05,0.0,0.0,0.0,0.0,0.0,0.0,0.0,0.0,0.0,0.0,7.48222970445193e-05,0.000149644594089,0.0,7.48222970445193e-05,0.0,0.0,0.000299289188178,7.48222970445193e-05,7.48222970445193e-05,0.0,0.0,0.0,0.0,0.0,0.0,7.48222970445193e-05,0.0,0.0,0.0,0.0,0.0,0.0,0.0,0.0,0.0,0.0,0.0,0.0,0.0,0.0,0.0,0.0,0.0,0.0,0.0,0.0,0.0068088290310512,0.0004489337822671,0.0092031425364758,0.0004489337822671,0.0002244668911335,0.0,0.0039655817433595,0.0005237560793116,0.0026936026936026,0.352861952861953,0.0005985783763561,0.0002244668911335,0.0,0.0008978675645342,7.48222970445193e-05,0.0002244668911335,0.0,0.0,0.0,0.0003741114852225,0.0017957351290684,0.0018705574261129,0.0,7.48222970445193e-05,0.0014964459408903,0.0005237560793116,7.48222970445193e-05,0.0,0.0007482229704451,0.000149644594089,0.0002244668911335,0.0,7.48222970445193e-05,0.0,0.0002244668911335,0.0,0.0,0.0034418256640478,0.0,0.0,0.0017209128320239,0.000149644594089,7.48222970445193e-05,0.0,7.48222970445193e-05,0.0,0.0,0.0,7.48222970445193e-05,0.0,0.0,0.0
mgm4533704,0.479036874894763,0.0937868328001347,0.0011786496043104,0.0190267721838693,0.0198686647583768,0.0003367570298029,0.0001683785149014,0.0006735140596059,0.0003367570298029,0.0008418925745074,0.0001683785149014,0.0001683785149014,0.0,0.0001683785149014,0.0,0.0001683785149014,0.0001683785149014,0.0,0.0001683785149014,0.0,0.0,0.0,0.0,0.0,0.0,0.0003367570298029,0.0,0.0001683785149014,0.0,0.0,0.0,0.0,0.0,0.0,0.0,0.0,0.0,0.0,0.0001683785149014,0.0001683785149014,0.0,0.0,0.0,0.0,0.0,0.0,0.0,0.0,0.0,0.0,0.0001683785149014,0.0003367570298029,0.0003367570298029,0.0001683785149014,0.0001683785149014,0.0001683785149014,0.0001683785149014,0.0,0.0,0.0,0.0,0.0001683785149014,0.0,0.0,0.0,0.0,0.0,0.0001683785149014,0.0,0.0,0.0,0.0001683785149014,0.0,0.0,0.0,0.0,0.0,0.0,0.0,0.0,0.0,0.0,0.0,0.0,0.0,0.0,0.0,0.0,0.0,0.0,0.0,0.0,0.0,0.0,0.0,0.0,0.0,0.0,0.0,0.0,0.0,0.0060616265364539,0.0011786496043104,0.0094291968344839,0.0001683785149014,0.0,0.0,0.0035359488129314,0.0006735140596059,0.0025256777235224,0.341640006735141,0.0008418925745074,0.0001683785149014,0.0001683785149014,0.0018521636639164,0.0001683785149014,0.0001683785149014,0.0,0.0001683785149014,0.0,0.0003367570298029,0.0013470281192119,0.0025256777235224,0.0005051355447044,0.0,0.0011786496043104,0.0006735140596059,0.0,0.0,0.0006735140596059,0.0005051355447044,0.0,0.0,0.0,0.0,0.0001683785149014,0.0,0.0,0.0030308132682269,0.0,0.0,0.0010102710894089,0.0,0.0,0.0001683785149014,0.0,0.0,0.0,0.0,0.0,0.0,0.0,0.0
mgm4533705,0.474370112945265,0.103388357949609,0.0026064291920069,0.0208514335360556,0.0243266724587315,0.0,0.0,0.0017376194613379,0.0008688097306689,0.0008688097306689,0.0,0.0,0.0,0.0,0.0,0.0,0.0,0.0,0.0,0.0,0.0,0.0,0.0,0.0,0.0,0.0,0.0,0.0,0.0,0.0,0.0,0.0,0.0,0.0,0.0,0.0,0.0,0.0008688097306689,0.0,0.0,0.0,0.0,0.0,0.0,0.0,0.0,0.0,0.0,0.0,0.0,0.0,0.0,0.0,0.0,0.0,0.0,0.0,0.0,0.0,0.0,0.0008688097306689,0.0,0.0,0.0,0.0,0.0,0.0008688097306689,0.0,0.0,0.0,0.0,0.0,0.0,0.0,0.0,0.0,0.0,0.0,0.0,0.0,0.0,0.0,0.0,0.0,0.0,0.0,0.0,0.0,0.0,0.0,0.0,0.0,0.0,0.0,0.0,0.0,0.0,0.0,0.0,0.0,0.0,0.0034752389226759,0.0,0.0112945264986968,0.0,0.0,0.0008688097306689,0.0052128583840139,0.0017376194613379,0.0034752389226759,0.326672458731538,0.0008688097306689,0.0008688097306689,0.0,0.0008688097306689,0.0,0.0,0.0,0.0,0.0,0.0,0.0026064291920069,0.0017376194613379,0.0,0.0,0.0008688097306689,0.0,0.0,0.0,0.0017376194613379,0.0,0.0,0.0,0.0,0.0,0.0017376194613379,0.0,0.0,0.0026064291920069,0.0,0.0,0.0017376194613379,0.0,0.0,0.0,0.0,0.0,0.0,0.0,0.0,0.0,0.0,0.0
mgm4533706,0.561201944321697,0.0576668139637649,0.0017675651789659,0.0444100751215201,0.031374281926646,0.0004418912947414,0.0,0.0002209456473707,0.0006628369421122,0.0035351303579319,0.0,0.0,0.0004418912947414,0.0,0.0,0.0,0.0004418912947414,0.0004418912947414,0.0013256738842244,0.0,0.0,0.0,0.0002209456473707,0.0002209456473707,0.0,0.0,0.0,0.0004418912947414,0.0,0.0,0.0,0.0,0.0,0.0,0.0,0.0,0.0,0.0,0.0,0.0,0.0,0.0,0.0004418912947414,0.0,0.0004418912947414,0.0,0.0002209456473707,0.0,0.0,0.0002209456473707,0.0,0.0006628369421122,0.0002209456473707,0.0,0.0,0.0002209456473707,0.0004418912947414,0.0,0.0,0.0,0.0006628369421122,0.0,0.0,0.0002209456473707,0.0,0.0,0.0,0.0002209456473707,0.0002209456473707,0.0002209456473707,0.0,0.0,0.0002209456473707,0.0,0.0004418912947414,0.0,0.0002209456473707,0.0,0.0,0.0,0.0,0.0,0.0,0.0,0.0002209456473707,0.0,0.0,0.0,0.0,0.0,0.0,0.0,0.0,0.0,0.0,0.0,0.0,0.0002209456473707,0.0,0.0,0.0,0.0057445868316394,0.0017675651789659,0.0143614670790985,0.0013256738842244,0.0,0.0,0.0039770216526734,0.0013256738842244,0.0077330976579761,0.234644277507733,0.0019885108263367,0.0004418912947414,0.0,0.0013256738842244,0.0,0.0011047282368537,0.0,0.0,0.0,0.0013256738842244,0.0015466195315952,0.0013256738842244,0.0,0.0,0.0011047282368537,0.0008837825894829,0.0002209456473707,0.0,0.0004418912947414,0.0008837825894829,0.0,0.0002209456473707,0.0006628369421122,0.0,0.0004418912947414,0.0,0.0,0.0011047282368537,0.0002209456473707,0.0006628369421122,0.0022094564737074,0.0002209456473707,0.0,0.0,0.0,0.0,0.0,0.0,0.0,0.0,0.0,0.0002209456473707
mgm4533707,0.567774184063511,0.0529256101146722,0.0020582181711261,0.0449867685974713,0.0370479270802705,0.0,0.0,0.0005880623346074,0.0005880623346074,0.0049985298441634,0.0,0.0,0.0005880623346074,0.0,0.0,0.0002940311673037,0.0002940311673037,0.0,0.0,0.0,0.0,0.0,0.0,0.0,0.0,0.0,0.0002940311673037,0.0,0.0,0.0,0.0,0.0,0.0,0.0,0.0,0.0,0.0,0.0,0.0002940311673037,0.0,0.0,0.0,0.0,0.0,0.0,0.0,0.0,0.0,0.0,0.0002940311673037,0.0,0.0,0.0002940311673037,0.0,0.0,0.0,0.0,0.0,0.0,0.0002940311673037,0.0008820935019112,0.0,0.0,0.0,0.0,0.0002940311673037,0.0,0.0,0.0,0.0,0.0,0.0,0.0008820935019112,0.0002940311673037,0.0,0.0,0.0002940311673037,0.0,0.0,0.0,0.0,0.0,0.0,0.0,0.0,0.0,0.0002940311673037,0.0,0.0,0.0,0.0,0.0,0.0,0.0,0.0,0.0,0.0,0.0,0.0,0.0,0.0,0.007644810349897,0.0008820935019112,0.0126433401940606,0.0002940311673037,0.0008820935019112,0.0,0.0041164363422522,0.0020582181711261,0.0067627168479858,0.230520435166128,0.0014701558365186,0.0005880623346074,0.0,0.0002940311673037,0.0,0.0008820935019112,0.0002940311673037,0.0,0.0002940311673037,0.0014701558365186,0.0008820935019112,0.0008820935019112,0.0,0.0,0.0017641870038224,0.0011761246692149,0.0002940311673037,0.0002940311673037,0.0011761246692149,0.0008820935019112,0.0002940311673037,0.0,0.0,0.0002940311673037,0.0,0.0,0.0,0.0011761246692149,0.0,0.0005880623346074,0.0023522493384298,0.0,0.0,0.0,0.0,0.0,0.0,0.0,0.0,0.0,0.0002940311673037,0.0
mgm4533708,0.552089136490251,0.0583101207056639,0.0016713091922005,0.045125348189415,0.0304549675023213,0.0,0.0,0.0001857010213556,0.0011142061281337,0.0027855153203342,0.0,0.0,0.0007428040854224,0.0,0.0003714020427112,0.0003714020427112,0.0,0.0001857010213556,0.0007428040854224,0.0001857010213556,0.0001857010213556,0.0,0.0,0.0001857010213556,0.0,0.0,0.0001857010213556,0.0,0.0,0.0003714020427112,0.0,0.0,0.0,0.0,0.0,0.0,0.0,0.0,0.0,0.0,0.0,0.0,0.0001857010213556,0.0001857010213556,0.0,0.0,0.0001857010213556,0.0,0.0,0.0003714020427112,0.0,0.0005571030640668,0.0007428040854224,0.0003714020427112,0.0003714020427112,0.0001857010213556,0.0,0.0001857010213556,0.0,0.0,0.0007428040854224,0.0,0.0,0.0,0.0,0.0,0.0001857010213556,0.0001857010213556,0.0,0.0007428040854224,0.0,0.0,0.000928505106778,0.0,0.0001857010213556,0.0,0.0003714020427112,0.0,0.0001857010213556,0.0,0.0,0.0,0.0,0.0001857010213556,0.0,0.0,0.0,0.0,0.0,0.0,0.0001857010213556,0.0,0.0,0.0,0.0,0.0,0.0,0.0,0.0,0.0,0.0,0.0051996285979572,0.0005571030640668,0.0120705663881151,0.0007428040854224,0.0005571030640668,0.0,0.0042711234911792,0.0011142061281337,0.0094707520891364,0.245682451253482,0.000928505106778,0.0007428040854224,0.0,0.0014856081708449,0.0,0.0001857010213556,0.0,0.0,0.0003714020427112,0.0005571030640668,0.0014856081708449,0.000928505106778,0.0001857010213556,0.0,0.002414113277623,0.0018570102135561,0.0,0.0,0.0011142061281337,0.0011142061281337,0.0001857010213556,0.0,0.0003714020427112,0.0,0.0,0.0,0.0,0.000928505106778,0.0,0.0001857010213556,0.002414113277623,0.0,0.0,0.0003714020427112,0.0,0.0,0.0,0.0,0.0,0.0,0.0,0.0
mgm4533709,0.561671087533157,0.0503978779840849,0.0006631299734748,0.0537135278514589,0.029840848806366,0.0006631299734748,0.0,0.0,0.0,0.0013262599469496,0.0,0.0006631299734748,0.0,0.0,0.0006631299734748,0.0,0.0,0.0,0.0,0.0,0.0006631299734748,0.0,0.0,0.0,0.0,0.0,0.0,0.0,0.0,0.0,0.0,0.0,0.0,0.0,0.0,0.0,0.0,0.0,0.0,0.0,0.0,0.0,0.0,0.0,0.0,0.0,0.0,0.0,0.0,0.0,0.0,0.0,0.0006631299734748,0.0,0.0,0.0,0.0,0.0,0.0,0.0,0.0013262599469496,0.0006631299734748,0.0,0.0,0.0,0.0,0.0,0.0,0.0,0.0,0.0,0.0,0.0013262599469496,0.0,0.0,0.0,0.0013262599469496,0.0,0.0,0.0,0.0,0.0,0.0,0.0,0.0,0.0,0.0,0.0,0.0,0.0,0.0,0.0,0.0,0.0,0.0,0.0,0.0,0.0,0.0,0.0,0.0,0.0039787798408488,0.0006631299734748,0.0145888594164456,0.0019893899204244,0.0,0.0,0.0039787798408488,0.0019893899204244,0.0059681697612732,0.247347480106101,0.0013262599469496,0.0,0.0,0.0006631299734748,0.0006631299734748,0.0,0.0,0.0,0.0,0.0006631299734748,0.0039787798408488,0.0006631299734748,0.0,0.0,0.0,0.0,0.0006631299734748,0.0,0.0006631299734748,0.0,0.0,0.0,0.0006631299734748,0.0006631299734748,0.0019893899204244,0.0,0.0,0.0,0.0,0.0,0.0013262599469496,0.0,0.0,0.0,0.0,0.0,0.0,0.0,0.0,0.0,0.0,0.0
mgm4533710,0.558958371538603,0.0597836053548505,0.0012836970474967,0.0502475701448744,0.030808729139923,0.0001833852924995,0.0,0.000366770584999,0.000366770584999,0.0060517146524848,0.0,0.0001833852924995,0.0,0.0001833852924995,0.0,0.0,0.000366770584999,0.000366770584999,0.0012836970474967,0.0,0.000366770584999,0.0,0.0005501558774986,0.0,0.0,0.0001833852924995,0.0001833852924995,0.0,0.0,0.0,0.0,0.0,0.0,0.0,0.0,0.0,0.0,0.0001833852924995,0.0,0.0,0.0,0.0,0.0,0.0,0.0,0.0,0.0001833852924995,0.0,0.0,0.0001833852924995,0.000366770584999,0.0001833852924995,0.0007335411699981,0.0,0.0001833852924995,0.0001833852924995,0.0,0.0,0.0001833852924995,0.0,0.0005501558774986,0.0001833852924995,0.0001833852924995,0.0001833852924995,0.0,0.0,0.0001833852924995,0.0,0.0,0.0001833852924995,0.0,0.0001833852924995,0.000366770584999,0.0,0.0001833852924995,0.0,0.0,0.0,0.0,0.0,0.0,0.0,0.0,0.0,0.0,0.0,0.0,0.0,0.0001833852924995,0.0,0.0,0.0,0.0,0.0,0.0,0.0,0.0,0.0001833852924995,0.0,0.0,0.0,0.0062350999449844,0.0009169264624977,0.0110031175499725,0.0005501558774986,0.0001833852924995,0.0001833852924995,0.0029341646799926,0.0012836970474967,0.0060517146524848,0.234549789106914,0.0009169264624977,0.000366770584999,0.0001833852924995,0.0022006235099945,0.0,0.0009169264624977,0.0,0.0001833852924995,0.0001833852924995,0.0001833852924995,0.0018338529249954,0.0020172382174949,0.0001833852924995,0.0,0.0014670823399963,0.0014670823399963,0.0,0.0,0.0014670823399963,0.0005501558774986,0.0,0.0,0.000366770584999,0.0005501558774986,0.000366770584999,0.000366770584999,0.0,0.0014670823399963,0.0,0.0,0.0022006235099945,0.0,0.0,0.0,0.0,0.0,0.0,0.0,0.0,0.0,0.0,0.0
mgm4533711,0.577725118483412,0.0630331753554502,0.0018957345971564,0.0431279620853081,0.0312796208530806,0.0,0.0,0.0,0.0,0.004739336492891,0.0,0.0,0.0,0.0004739336492891,0.0,0.0004739336492891,0.0009478672985781,0.0004739336492891,0.0,0.0,0.0,0.0,0.0009478672985781,0.0004739336492891,0.0,0.0,0.0,0.0,0.0,0.0,0.0,0.0,0.0,0.0,0.0,0.0,0.0,0.0,0.0,0.0,0.0,0.0,0.0,0.0,0.0,0.0,0.0,0.0,0.0,0.0,0.0004739336492891,0.0,0.0,0.0,0.0,0.0,0.0004739336492891,0.0004739336492891,0.0,0.0,0.0004739336492891,0.0,0.0,0.0,0.0,0.0,0.0,0.0,0.0,0.0,0.0,0.0009478672985781,0.0004739336492891,0.0,0.0,0.0,0.0,0.0,0.0,0.0,0.0,0.0,0.0,0.0,0.0,0.0,0.0,0.0,0.0,0.0,0.0,0.0,0.0,0.0,0.0,0.0,0.0,0.0,0.0,0.0,0.0,0.00521327014218,0.0018957345971564,0.0137440758293839,0.0004739336492891,0.0004739336492891,0.0,0.0023696682464455,0.0009478672985781,0.0028436018957346,0.224644549763033,0.0009478672985781,0.0,0.0004739336492891,0.0009478672985781,0.0004739336492891,0.0023696682464455,0.0,0.0,0.0,0.0018957345971564,0.0,0.0009478672985781,0.0,0.0,0.0018957345971564,0.0004739336492891,0.0,0.0,0.0018957345971564,0.0009478672985781,0.0,0.0,0.0,0.0,0.0,0.0,0.0,0.0023696682464455,0.0,0.0004739336492891,0.0018957345971564,0.0,0.0,0.0,0.0,0.0,0.0,0.0,0.0,0.0,0.0004739336492891,0.0
mgm4533712,0.557802365509348,0.0614269362838611,0.0011446012972148,0.0480732544830218,0.0316673025562762,0.0003815337657382,0.0,0.0003815337657382,0.0003815337657382,0.0034338038916444,0.0,0.0,0.0,0.0003815337657382,0.0,0.0003815337657382,0.0003815337657382,0.0,0.0,0.0,0.0003815337657382,0.0,0.0,0.0,0.0,0.0,0.0,0.0,0.0,0.0,0.0,0.0,0.0,0.0,0.0,0.0003815337657382,0.0,0.0,0.0,0.0,0.0,0.0,0.0,0.0,0.0003815337657382,0.0,0.0,0.0,0.0,0.0,0.0,0.0,0.0,0.0,0.0007630675314765,0.0,0.0,0.0,0.0,0.0,0.0,0.0003815337657382,0.0,0.0,0.0,0.0,0.0,0.0,0.0,0.0,0.0003815337657382,0.0003815337657382,0.0003815337657382,0.0,0.0,0.0,0.0003815337657382,0.0,0.0,0.0,0.0,0.0,0.0,0.0,0.0,0.0,0.0,0.0,0.0,0.0,0.0,0.0003815337657382,0.0,0.0,0.0,0.0,0.0,0.0,0.0,0.0,0.0,0.0095383441434567,0.0019076688286913,0.0106829454406715,0.0003815337657382,0.0,0.0,0.0022892025944296,0.0007630675314765,0.0053414727203357,0.241892407478062,0.0,0.0,0.0,0.0003815337657382,0.0,0.001526135062953,0.0,0.0,0.0,0.0007630675314765,0.0026707363601678,0.001526135062953,0.0003815337657382,0.0,0.0022892025944296,0.001526135062953,0.0,0.0,0.0011446012972148,0.0011446012972148,0.0,0.0,0.0,0.0,0.0003815337657382,0.0,0.0,0.0011446012972148,0.0,0.0,0.001526135062953,0.0,0.0,0.0,0.0,0.0,0.0,0.0,0.0,0.0007630675314765,0.0,0.0
mgm4533751,0.457651762995274,0.243547800799709,0.000363504180298,0.0164788561735127,0.0227795952986793,0.0001211680600993,0.0,0.0002423361201987,0.0001211680600993,0.0010905125408942,0.0001211680600993,0.0,0.0,0.0,0.0,0.0001211680600993,0.0,0.0,0.0,0.0001211680600993,0.0,0.0,0.0001211680600993,0.0,0.0001211680600993,0.0,0.0,0.0,0.0,0.0,0.0,0.0,0.0,0.0,0.0,0.0,0.0,0.0,0.0001211680600993,0.0001211680600993,0.0,0.0,0.0,0.0,0.0,0.0,0.0001211680600993,0.0,0.0,0.0,0.0,0.0001211680600993,0.0001211680600993,0.0001211680600993,0.0,0.0,0.0001211680600993,0.0,0.0,0.0,0.0,0.0001211680600993,0.0,0.0,0.0,0.0,0.0,0.0,0.0,0.0,0.0,0.0001211680600993,0.000363504180298,0.0001211680600993,0.0,0.0,0.0,0.0,0.0,0.0,0.0,0.0,0.0,0.0,0.0,0.0,0.0,0.0,0.0,0.0,0.0,0.0,0.0,0.0,0.0,0.0,0.0,0.0,0.0,0.0,0.0,0.0024233612019871,0.0002423361201987,0.0025445292620865,0.0001211680600993,0.0002423361201987,0.0,0.0008481764206955,0.0002423361201987,0.002059857021689,0.236762389434145,0.0002423361201987,0.0002423361201987,0.0,0.0015751847812916,0.0,0.0006058403004967,0.0,0.0,0.0001211680600993,0.0002423361201987,0.0010905125408942,0.000363504180298,0.0,0.0,0.0009693444807948,0.0006058403004967,0.0001211680600993,0.0,0.0004846722403974,0.0001211680600993,0.0,0.0,0.0,0.0,0.0001211680600993,0.0001211680600993,0.0,0.0019386889615897,0.0,0.000363504180298,0.0006058403004967,0.0,0.0,0.0,0.0,0.0,0.0,0.0,0.0,0.0,0.0,0.0
mgm4533752,0.457192203306193,0.248951394029114,0.0,0.0146804835924007,0.0203552923760178,0.000246730816679,0.0,0.0001233654083395,0.0,0.000986923266716,0.0001233654083395,0.000246730816679,0.0,0.0001233654083395,0.0,0.0001233654083395,0.0001233654083395,0.0,0.0,0.0,0.0,0.0,0.0,0.0,0.0,0.0,0.0,0.0,0.0,0.0,0.0,0.0,0.0,0.0001233654083395,0.0,0.0,0.0,0.0,0.0,0.0,0.0,0.0,0.0001233654083395,0.0,0.0,0.0,0.0,0.0001233654083395,0.0,0.000246730816679,0.0,0.0,0.0,0.0001233654083395,0.0001233654083395,0.0,0.0,0.0,0.0,0.0001233654083395,0.0,0.0,0.0,0.0,0.0,0.0,0.0001233654083395,0.0,0.0,0.0,0.0,0.000246730816679,0.000246730816679,0.0,0.0001233654083395,0.0,0.0,0.0,0.0,0.0,0.0,0.0,0.0,0.0001233654083395,0.0,0.0,0.0,0.0,0.0,0.0,0.0,0.0,0.0,0.0,0.0,0.0,0.0,0.0,0.0,0.0,0.0,0.0020972119417715,0.0003700962250185,0.003454231433506,0.0001233654083395,0.0001233654083395,0.0,0.000986923266716,0.0006168270416975,0.002714038983469,0.234270910436714,0.000493461633358,0.0,0.0,0.001233654083395,0.0,0.0016037503084135,0.0,0.0,0.0,0.0,0.000246730816679,0.000740192450037,0.0001233654083395,0.0,0.0008635578583765,0.0003700962250185,0.0001233654083395,0.0,0.0003700962250185,0.000246730816679,0.0001233654083395,0.0,0.000246730816679,0.0,0.0,0.0,0.0,0.001973846533432,0.0,0.0,0.001233654083395,0.0,0.0,0.0,0.0001233654083395,0.0,0.0,0.0,0.0,0.0,0.0,0.0
mgm4533753,0.470246528761689,0.238311136299235,0.0007084159818645,0.0160102011901389,0.0218192122414282,0.0,0.0,0.0002833663927458,0.0,0.0011334655709832,0.0,0.0,0.0,0.0,0.0,0.0001416831963729,0.0001416831963729,0.0,0.0002833663927458,0.0,0.0,0.0001416831963729,0.0001416831963729,0.0,0.0,0.0,0.0,0.0,0.0,0.0,0.0,0.0,0.0001416831963729,0.0,0.0,0.0,0.0,0.0,0.0,0.0,0.0,0.0,0.0,0.0,0.0,0.0,0.0,0.0,0.0,0.0002833663927458,0.0,0.0001416831963729,0.0,0.0001416831963729,0.0,0.0,0.0,0.0,0.0,0.0,0.0001416831963729,0.0,0.0001416831963729,0.0,0.0,0.0,0.0001416831963729,0.0,0.0001416831963729,0.0,0.0,0.0,0.0001416831963729,0.0,0.0,0.0,0.0,0.0001416831963729,0.0,0.0,0.0,0.0,0.0,0.0,0.0,0.0,0.0,0.0,0.0,0.0,0.0001416831963729,0.0,0.0,0.0,0.0,0.0,0.0,0.0,0.0,0.0,0.0,0.0024086143383394,0.0001416831963729,0.0043921790875602,0.0,0.0002833663927458,0.0,0.0008500991782374,0.0005667327854916,0.0024086143383394,0.229385094927742,0.0001416831963729,0.0,0.0,0.0019835647492207,0.0,0.0005667327854916,0.0,0.0,0.0,0.0001416831963729,0.0,0.0,0.0,0.0,0.0009917823746103,0.0002833663927458,0.0,0.0001416831963729,0.0004250495891187,0.0004250495891187,0.0,0.0,0.0001416831963729,0.0,0.0,0.0,0.0002833663927458,0.0017001983564749,0.0,0.0,0.0011334655709832,0.0,0.0,0.0,0.0,0.0,0.0,0.0,0.0,0.0,0.0001416831963729,0.0
mgm4533754,0.455589295881571,0.242882899981021,0.0007117100018978,0.0170810400455494,0.0223476940595939,0.0001423420003795,0.0,0.0001897893338394,0.0001423420003795,0.001328525336876,4.74473334598596e-05,0.0,0.0002372366672992,4.74473334598596e-05,0.0,0.0001423420003795,0.0001423420003795,9.48946669197191e-05,0.0002372366672992,4.74473334598596e-05,9.48946669197191e-05,0.0,9.48946669197191e-05,4.74473334598596e-05,0.0001423420003795,0.0,4.74473334598596e-05,0.0,0.0,0.0,9.48946669197191e-05,4.74473334598596e-05,0.0,4.74473334598596e-05,0.0,0.0,0.0,0.0,0.0,0.0,0.0,0.0,0.0,0.0,0.0,0.0,0.0,0.0,0.0,9.48946669197191e-05,0.0,0.0001423420003795,0.0001897893338394,4.74473334598596e-05,0.0,4.74473334598596e-05,0.0,0.0,0.0,0.0,4.74473334598596e-05,4.74473334598596e-05,0.0,0.0,0.0,0.0,9.48946669197191e-05,0.0,4.74473334598596e-05,0.0,0.0,9.48946669197191e-05,0.0001423420003795,0.0,0.0,0.0,0.0001423420003795,0.0,0.0,0.0,0.0,0.0,0.0,0.0,0.0,0.0,0.0,0.0,0.0,4.74473334598596e-05,0.0,0.0,0.0,0.0,0.0,0.0,4.74473334598596e-05,0.0,0.0,0.0,0.0,0.0021351300056936,0.0002846840007591,0.0051717593471246,0.0001897893338394,0.000332131334219,0.0,0.000996394002657,0.000332131334219,0.0022300246726134,0.233773011956728,0.0005219206680584,0.0,0.0,0.0014708673372556,0.0,0.0007591573353577,0.0,0.0,4.74473334598596e-05,9.48946669197191e-05,0.0008540520022774,0.0004744733345985,0.0002372366672992,0.0,0.0009489466691971,0.0005219206680584,0.0,4.74473334598596e-05,0.0005219206680584,0.0002372366672992,0.0001423420003795,4.74473334598596e-05,0.0001423420003795,0.0,9.48946669197191e-05,0.0,0.0,0.0029417346745112,0.0,4.74473334598596e-05,0.0007591573353577,9.48946669197191e-05,4.74473334598596e-05,0.0,0.0,0.0,0.0,0.0,0.0001423420003795,4.74473334598596e-05,4.74473334598596e-05,0.0
mgm4533755,0.46710447761194,0.237731343283582,0.0004776119402985,0.0145671641791045,0.0236417910447761,0.0001194029850746,0.0,0.0002388059701492,0.0001194029850746,0.0015522388059701,0.0,0.0001194029850746,0.0,0.0,0.0,0.0,0.0002388059701492,0.0003582089552238,0.0001194029850746,0.0002388059701492,0.0,0.0001194029850746,0.0001194029850746,0.0,0.0,0.0,0.0002388059701492,0.0,0.0,0.0,0.0,0.0,0.0,0.0,0.0,0.0,0.0,0.0,0.0,0.0001194029850746,0.0,0.0,0.0,0.0,0.0,0.0,0.0,0.0,0.0,0.0,0.0001194029850746,0.0002388059701492,0.0001194029850746,0.0001194029850746,0.0,0.0,0.0,0.0,0.0,0.0,0.0,0.0001194029850746,0.0,0.0,0.0,0.0,0.0,0.0,0.0,0.0001194029850746,0.0,0.0,0.0003582089552238,0.0,0.0,0.0,0.0,0.0,0.0,0.0,0.0,0.0,0.0,0.0,0.0,0.0,0.0,0.0,0.0,0.0,0.0,0.0,0.0,0.0,0.0,0.0,0.0,0.0,0.0,0.0,0.0,0.0013134328358209,0.0001194029850746,0.0052537313432835,0.0,0.0005970149253731,0.0,0.0021492537313432,0.0002388059701492,0.0026268656716417,0.229970149253731,0.0002388059701492,0.0001194029850746,0.0001194029850746,0.000955223880597,0.0001194029850746,0.0007164179104477,0.0,0.0,0.0,0.0002388059701492,0.0007164179104477,0.0008358208955223,0.0002388059701492,0.0,0.0002388059701492,0.0007164179104477,0.0,0.0,0.0001194029850746,0.0001194029850746,0.0,0.0,0.0,0.0001194029850746,0.0,0.0,0.0,0.0023880597014925,0.0,0.0,0.0010746268656716,0.0,0.0,0.0,0.0001194029850746,0.0,0.0,0.0,0.0001194029850746,0.0,0.0,0.0
mgm4533756,0.454162571950021,0.249613926716271,0.0004211708549768,0.0169872244840657,0.0230240067387337,0.0001403902849922,0.0,0.0001403902849922,0.0,0.0004211708549768,0.0,0.0,0.0001403902849922,0.0,0.0,0.0,0.0007019514249613,0.0,0.0001403902849922,0.0,0.0001403902849922,0.0001403902849922,0.0,0.0001403902849922,0.0,0.0,0.0,0.0,0.0,0.0,0.0,0.0,0.0,0.0,0.0,0.0,0.0,0.0,0.0,0.0,0.0,0.0,0.0001403902849922,0.0001403902849922,0.0,0.0,0.0,0.0,0.0,0.0001403902849922,0.0001403902849922,0.0001403902849922,0.0,0.0,0.0,0.0,0.0,0.0,0.0,0.0,0.0001403902849922,0.0,0.0,0.0,0.0001403902849922,0.0,0.0001403902849922,0.0,0.0,0.0,0.0,0.0001403902849922,0.0002807805699845,0.0001403902849922,0.0,0.0,0.0,0.0,0.0,0.0,0.0,0.0,0.0,0.0,0.0,0.0,0.0,0.0,0.0,0.0,0.0,0.0,0.0,0.0,0.0,0.0,0.0,0.0,0.0,0.0,0.0,0.001544293134915,0.0004211708549768,0.0042117085497683,0.0,0.0,0.0,0.0007019514249613,0.0004211708549768,0.0019654639898919,0.233328653657167,0.0007019514249613,0.0001403902849922,0.0002807805699845,0.0008423417099536,0.0,0.0004211708549768,0.0,0.0,0.0,0.0001403902849922,0.0001403902849922,0.0004211708549768,0.0,0.0,0.0011231222799382,0.0002807805699845,0.0,0.0,0.0004211708549768,0.0004211708549768,0.0,0.0,0.0001403902849922,0.0,0.0001403902849922,0.0,0.0,0.0019654639898919,0.0,0.0001403902849922,0.0016846834199073,0.0,0.0,0.0,0.0,0.0,0.0,0.0,0.0,0.0,0.0,0.0
mgm4533757,0.459345934593459,0.241824182418242,0.0006000600060006,0.018001800180018,0.0216021602160216,0.0,0.0,0.0006000600060006,0.0,0.0024002400240024,0.0,0.0,0.0003000300030003,0.0,0.0,0.0,0.0,0.0,0.0,0.0,0.0,0.0,0.0,0.0,0.0,0.0,0.0,0.0,0.0,0.0,0.0,0.0,0.0,0.0,0.0,0.0,0.0,0.0,0.0,0.0,0.0,0.0,0.0,0.0,0.0,0.0,0.0,0.0,0.0,0.0,0.0,0.0,0.0,0.0,0.0,0.0,0.0,0.0,0.0,0.0,0.0,0.0003000300030003,0.0,0.0,0.0,0.0,0.0,0.0,0.0003000300030003,0.0,0.0,0.0,0.0003000300030003,0.0,0.0,0.0,0.0,0.0,0.0,0.0,0.0,0.0,0.0,0.0,0.0,0.0,0.0,0.0,0.0,0.0,0.0,0.0,0.0,0.0,0.0,0.0,0.0,0.0,0.0,0.0,0.0,0.0018001800180018,0.0,0.0036003600360036,0.0003000300030003,0.0,0.0,0.0003000300030003,0.0,0.0018001800180018,0.237623762376238,0.0009000900090009,0.0,0.0,0.0012001200120012,0.0,0.0003000300030003,0.0,0.0,0.0,0.0009000900090009,0.0012001200120012,0.0,0.0,0.0,0.0009000900090009,0.0003000300030003,0.0,0.0,0.0,0.0,0.0,0.0,0.0,0.0,0.0,0.0,0.0,0.0024002400240024,0.0,0.0003000300030003,0.0006000600060006,0.0,0.0,0.0,0.0,0.0,0.0,0.0,0.0,0.0,0.0,0.0
mgm4533758,0.463612246361225,0.233025023302502,0.00050190005019,0.0177816017781602,0.0232308023230802,0.0,0.0,0.00028680002868,7.17000071700007e-05,0.00179250017925,0.0,7.17000071700007e-05,0.0,0.00014340001434,0.0,0.00014340001434,0.00035850003585,0.0,0.00021510002151,0.0,7.17000071700007e-05,7.17000071700007e-05,7.17000071700007e-05,0.0,7.17000071700007e-05,7.17000071700007e-05,0.0,0.0,0.0,0.0,7.17000071700007e-05,0.0,0.0,0.0,0.0,0.0,0.0,0.0,0.0,0.0,0.0,0.0,0.0,7.17000071700007e-05,7.17000071700007e-05,0.0,0.0,0.0,0.0,7.17000071700007e-05,7.17000071700007e-05,0.00021510002151,7.17000071700007e-05,0.0,7.17000071700007e-05,7.17000071700007e-05,7.17000071700007e-05,0.0,0.0,7.17000071700007e-05,0.0,0.0,0.0,0.0,0.0,0.0,0.0,0.0,7.17000071700007e-05,0.0,0.0,7.17000071700007e-05,0.00014340001434,0.0,7.17000071700007e-05,0.0,7.17000071700007e-05,7.17000071700007e-05,0.0,0.0,0.0,0.0,0.0,0.0,0.0,0.0,0.0,0.0,0.0,0.0,0.0,0.0,7.17000071700007e-05,0.0,0.0,0.0,0.0,0.0,0.0,0.0,0.0,0.00229440022944,0.00035850003585,0.00365670036567,7.17000071700007e-05,0.00021510002151,0.0,0.00093210009321,0.00021510002151,0.00222270022227,0.238545923854592,0.00028680002868,0.0,0.0,0.00114720011472,0.0,0.00086040008604,0.0,7.17000071700007e-05,7.17000071700007e-05,0.00014340001434,0.00028680002868,0.00057360005736,0.0,0.0,0.00086040008604,0.00021510002151,0.0,0.0,0.00035850003585,0.00021510002151,0.0,7.17000071700007e-05,0.0,7.17000071700007e-05,0.0,7.17000071700007e-05,0.0,0.00229440022944,0.0,7.17000071700007e-05,0.00057360005736,0.0,0.0,0.0,0.0,0.0,0.0,0.0,0.0,7.17000071700007e-05,0.0,7.17000071700007e-05
mgm4533759,0.455857856746252,0.270405330372016,0.0005552470849528,0.0305385896724042,0.0549694614103276,0.0,0.0,0.0011104941699056,0.0005552470849528,0.0038867295946696,0.0,0.0005552470849528,0.0011104941699056,0.0,0.0,0.0,0.0016657412548584,0.0,0.0,0.0,0.0,0.0,0.0,0.0,0.0,0.0,0.0,0.0,0.0,0.0,0.0,0.0,0.0,0.0,0.0,0.0,0.0,0.0,0.0,0.0,0.0,0.0,0.0005552470849528,0.0,0.0,0.0,0.0,0.0,0.0,0.0005552470849528,0.0,0.0005552470849528,0.0,0.0,0.0,0.0,0.0,0.0,0.0,0.0,0.0,0.0,0.0,0.0,0.0,0.0,0.0016657412548584,0.0,0.0,0.0,0.0,0.0,0.0,0.0,0.0,0.0,0.0011104941699056,0.0011104941699056,0.0,0.0,0.0,0.0,0.0,0.0,0.0,0.0,0.0,0.0,0.0,0.0,0.0,0.0,0.0,0.0,0.0,0.0,0.0,0.0,0.0,0.0,0.0,0.0088839533592448,0.0016657412548584,0.0066629650194336,0.0011104941699056,0.0,0.0,0.0038867295946696,0.0,0.0033314825097168,0.116601887840089,0.0005552470849528,0.0005552470849528,0.0005552470849528,0.005552470849528,0.0,0.0005552470849528,0.0,0.0,0.0,0.0,0.0049972237645752,0.0061077179344808,0.0011104941699056,0.0,0.0016657412548584,0.0011104941699056,0.0005552470849528,0.0,0.0011104941699056,0.0016657412548584,0.0,0.0,0.0,0.0005552470849528,0.0,0.0,0.0,0.0005552470849528,0.0,0.0,0.0038867295946696,0.0,0.0,0.0,0.0,0.0,0.0,0.0,0.0,0.0,0.0,0.0
mgm4533760,0.466735297902458,0.276540985716124,0.0028310384763865,0.0351306138206151,0.0437524128168833,0.0001286835671084,0.0,0.0006434178355424,0.0001286835671084,0.0042465577145798,0.0,0.0001286835671084,0.0002573671342169,0.0002573671342169,0.0001286835671084,0.0001286835671084,0.0002573671342169,0.0003860507013254,0.0003860507013254,0.0,0.0001286835671084,0.0,0.0,0.0,0.0,0.0001286835671084,0.0,0.0,0.0,0.0,0.0001286835671084,0.0,0.0,0.0,0.0,0.0001286835671084,0.0,0.0,0.0,0.0,0.0,0.0,0.0,0.0,0.0,0.0,0.0,0.0,0.0,0.0003860507013254,0.0001286835671084,0.0006434178355424,0.0001286835671084,0.0005147342684339,0.0001286835671084,0.0,0.0,0.0,0.0,0.0001286835671084,0.0,0.0001286835671084,0.0001286835671084,0.0,0.0001286835671084,0.0001286835671084,0.0005147342684339,0.0,0.0001286835671084,0.0,0.0,0.0001286835671084,0.0006434178355424,0.0,0.0001286835671084,0.0,0.0001286835671084,0.0002573671342169,0.0002573671342169,0.0,0.0,0.0,0.0001286835671084,0.0001286835671084,0.0,0.0,0.0,0.0,0.0,0.0,0.0,0.0,0.0,0.0,0.0,0.0,0.0,0.0,0.0,0.0,0.0001286835671084,0.0100373182344615,0.0006434178355424,0.0099086346673529,0.0007721014026508,0.0003860507013254,0.0,0.0036031398790374,0.0009007849697593,0.0025736713421696,0.109767082743534,0.0006434178355424,0.0001286835671084,0.0,0.0042465577145798,0.0,0.0001286835671084,0.0,0.0,0.0,0.0005147342684339,0.0036031398790374,0.0045039248487968,0.0,0.0,0.0021876206408441,0.0010294685368678,0.0001286835671084,0.0,0.0012868356710848,0.0002573671342169,0.0001286835671084,0.0,0.0002573671342169,0.0,0.0003860507013254,0.0,0.0,0.0009007849697593,0.0001286835671084,0.0003860507013254,0.0019302535066272,0.0002573671342169,0.0001286835671084,0.0,0.0,0.0,0.0001286835671084,0.0,0.0001286835671084,0.0002573671342169,0.0,0.0
mgm4533761,0.480952380952381,0.271957671957672,0.001058201058201,0.0349206349206349,0.0391534391534392,0.0005291005291005,0.0,0.001058201058201,0.001058201058201,0.0026455026455026,0.0,0.0,0.0,0.0,0.0,0.0005291005291005,0.0005291005291005,0.0,0.0,0.0,0.0005291005291005,0.0,0.0,0.0,0.0,0.0,0.0005291005291005,0.0,0.0,0.0,0.0,0.0,0.0,0.0,0.0005291005291005,0.0,0.0,0.0,0.0,0.0,0.0,0.0,0.0,0.0,0.0,0.0,0.0,0.0,0.0,0.0,0.0,0.0,0.0,0.001058201058201,0.0,0.0,0.0,0.0,0.0,0.0,0.0,0.0,0.0,0.0,0.0,0.0,0.001058201058201,0.0,0.0,0.0005291005291005,0.0,0.0,0.0,0.0,0.0005291005291005,0.0,0.0005291005291005,0.0,0.0,0.0,0.0,0.0,0.0,0.0,0.0,0.0,0.0,0.0,0.0005291005291005,0.0,0.0,0.0,0.0,0.0,0.0,0.0,0.0,0.0005291005291005,0.0,0.0,0.0,0.0042328042328042,0.001058201058201,0.0074074074074074,0.0005291005291005,0.0,0.0,0.0063492063492063,0.0,0.0021164021164021,0.112169312169312,0.001058201058201,0.0,0.0,0.0058201058201058,0.0,0.0005291005291005,0.0,0.0,0.0,0.0021164021164021,0.0047619047619047,0.0037037037037037,0.0,0.0,0.001058201058201,0.001058201058201,0.0,0.0,0.0005291005291005,0.0,0.0,0.0,0.0005291005291005,0.0,0.0,0.0,0.0,0.001058201058201,0.0,0.0005291005291005,0.0026455026455026,0.0,0.0,0.0,0.0,0.0,0.0,0.0,0.0,0.0,0.0,0.0
mgm4533762,0.463182897862233,0.285035629453682,0.002714625042416,0.0352901255514082,0.0451306413301663,0.0,0.0,0.000678656260604,0.0,0.00169664065151,0.0,0.0,0.000678656260604,0.000339328130302,0.0,0.000339328130302,0.000339328130302,0.000339328130302,0.000339328130302,0.0,0.0,0.0,0.000339328130302,0.0,0.0,0.0,0.0,0.0,0.0,0.000339328130302,0.0,0.0,0.0,0.0,0.000339328130302,0.0,0.0,0.0,0.0,0.0,0.0,0.0,0.0,0.0,0.000339328130302,0.0,0.0,0.0,0.0,0.000339328130302,0.0,0.0,0.0,0.000339328130302,0.000339328130302,0.0,0.000339328130302,0.0,0.0,0.0,0.0,0.0,0.0,0.0,0.0,0.0,0.000339328130302,0.0,0.000339328130302,0.000678656260604,0.0,0.000339328130302,0.001017984390906,0.000339328130302,0.0,0.0,0.000339328130302,0.0,0.0,0.0,0.000339328130302,0.0,0.0,0.0,0.0,0.000339328130302,0.0,0.0,0.0,0.0,0.0,0.0,0.0,0.0,0.0,0.0,0.0,0.0,0.0,0.0,0.0,0.0125551408211741,0.001017984390906,0.0101798439090601,0.0,0.000678656260604,0.0,0.00339328130302,0.001357312521208,0.003053953172718,0.102816423481507,0.000339328130302,0.0,0.0,0.006107906345436,0.0,0.0,0.0,0.0,0.0,0.000678656260604,0.003053953172718,0.00508992195453,0.0,0.0,0.001357312521208,0.000678656260604,0.0,0.0,0.000339328130302,0.000339328130302,0.0,0.0,0.0,0.0,0.0,0.0,0.0,0.001357312521208,0.000339328130302,0.000678656260604,0.001357312521208,0.0,0.0,0.0,0.000339328130302,0.0,0.0,0.0,0.0,0.0,0.0,0.0
mgm4533763,0.467522935779817,0.277798165137615,0.0023241590214067,0.0326605504587156,0.0470948012232416,0.0002446483180428,0.0001223241590214,0.0007339449541284,0.0002446483180428,0.0042813455657492,0.0,0.0001223241590214,0.0003669724770642,0.0,0.0,0.0002446483180428,0.0004892966360856,0.0001223241590214,0.0001223241590214,0.0,0.0,0.0,0.0001223241590214,0.0,0.0001223241590214,0.0,0.0,0.0,0.0,0.0,0.0,0.0,0.0,0.0,0.0,0.0,0.0,0.0,0.0001223241590214,0.0,0.0,0.0,0.0,0.0001223241590214,0.0,0.0001223241590214,0.0001223241590214,0.0,0.0,0.0002446483180428,0.0001223241590214,0.0001223241590214,0.0002446483180428,0.0001223241590214,0.0001223241590214,0.0,0.0001223241590214,0.0,0.0,0.0,0.0,0.0002446483180428,0.0,0.0,0.0,0.0001223241590214,0.0011009174311926,0.0,0.0,0.0002446483180428,0.0,0.0002446483180428,0.0009785932721712,0.0,0.0004892966360856,0.0001223241590214,0.0002446483180428,0.0,0.0001223241590214,0.0001223241590214,0.0,0.0,0.0,0.0,0.0,0.0,0.0,0.0,0.0,0.0,0.0,0.0,0.0,0.0,0.0,0.0001223241590214,0.0,0.0001223241590214,0.0001223241590214,0.0,0.0,0.0116207951070336,0.0003669724770642,0.011743119266055,0.0007339449541284,0.000611620795107,0.0001223241590214,0.0041590214067278,0.001223241590214,0.003914373088685,0.0993272171253823,0.0011009174311926,0.0001223241590214,0.0,0.0050152905198776,0.0,0.0001223241590214,0.0,0.0,0.0,0.0004892966360856,0.0042813455657492,0.0047706422018348,0.0002446483180428,0.0,0.0024464831804281,0.0004892966360856,0.0,0.0,0.0013455657492354,0.0008562691131498,0.0,0.0,0.0001223241590214,0.0001223241590214,0.0001223241590214,0.0,0.0,0.0007339449541284,0.0,0.0002446483180428,0.0024464831804281,0.0,0.0,0.0001223241590214,0.0001223241590214,0.0,0.0,0.0001223241590214,0.0,0.0,0.0,0.0
mgm4533764,0.473867924528302,0.274245283018868,0.0016037735849056,0.0379245283018868,0.0469811320754717,0.0002830188679245,9.43396226415094e-05,0.0012264150943396,0.000188679245283,0.0025471698113207,0.0,0.000188679245283,0.0,9.43396226415094e-05,0.0,0.000188679245283,0.000566037735849,9.43396226415094e-05,0.0004716981132075,9.43396226415094e-05,0.0004716981132075,0.0,0.0,0.0,0.0,0.0,0.0,0.000188679245283,0.0,0.0,0.0,0.0,0.0,0.0,0.0,0.0,0.0,0.0,9.43396226415094e-05,0.0,9.43396226415094e-05,0.0,0.000188679245283,9.43396226415094e-05,0.0,0.0,0.0,0.0,0.0,0.0002830188679245,0.0002830188679245,0.0002830188679245,0.0002830188679245,0.0002830188679245,0.0,0.000188679245283,9.43396226415094e-05,0.0,0.0,0.0,9.43396226415094e-05,9.43396226415094e-05,0.0,0.0,0.0,9.43396226415094e-05,0.0004716981132075,0.0,0.0,9.43396226415094e-05,0.0,0.000377358490566,0.000566037735849,9.43396226415094e-05,0.0,9.43396226415094e-05,0.0,0.0,0.000188679245283,0.0,9.43396226415094e-05,0.0,9.43396226415094e-05,9.43396226415094e-05,0.0,0.0,0.0,0.0,0.0,0.0,0.0,0.0,0.0,0.0,0.0,0.0,9.43396226415094e-05,9.43396226415094e-05,0.0,0.0,0.0,0.0090566037735849,0.0004716981132075,0.010377358490566,0.0006603773584905,0.0,0.000188679245283,0.0033962264150943,0.0012264150943396,0.0039622641509434,0.100660377358491,0.000754716981132,0.000188679245283,0.0,0.0030188679245283,0.0,0.000188679245283,0.0,0.000188679245283,0.0,0.0010377358490566,0.0043396226415094,0.0034905660377358,9.43396226415094e-05,0.0,0.0021698113207547,0.0013207547169811,0.0,9.43396226415094e-05,0.0010377358490566,0.0004716981132075,9.43396226415094e-05,0.0,9.43396226415094e-05,9.43396226415094e-05,0.0002830188679245,9.43396226415094e-05,0.0,0.000377358490566,0.0,0.000566037735849,0.0032075471698113,9.43396226415094e-05,0.0,0.0,0.0,0.0,0.0,0.0,0.000377358490566,0.000188679245283,0.0,0.0
mgm4533766,0.46830122591944,0.286164623467601,0.0042031523642732,0.0329246935201401,0.0381786339754816,0.0,0.0003502626970227,0.001401050788091,0.0,0.0017513134851138,0.0003502626970227,0.0003502626970227,0.0003502626970227,0.0003502626970227,0.0,0.0003502626970227,0.0003502626970227,0.0,0.0,0.0,0.0,0.0,0.0,0.0,0.0,0.0003502626970227,0.0,0.0,0.0,0.0,0.0,0.0,0.0,0.0,0.0,0.0,0.0,0.0,0.0,0.0,0.0,0.0,0.0,0.0,0.0,0.0,0.0,0.0,0.0,0.0003502626970227,0.0003502626970227,0.0,0.0007005253940455,0.0003502626970227,0.0,0.0003502626970227,0.0,0.0,0.0,0.0,0.0,0.0,0.0,0.0,0.0,0.0,0.0007005253940455,0.0,0.0,0.0003502626970227,0.0,0.0003502626970227,0.0,0.0,0.0,0.0,0.0,0.0003502626970227,0.0,0.0,0.0,0.0,0.0,0.0,0.0,0.0,0.0,0.0,0.0,0.0,0.0,0.0,0.0,0.0,0.0,0.0,0.0,0.0,0.0,0.0,0.0,0.0140105078809107,0.0003502626970227,0.0084063047285464,0.0007005253940455,0.0007005253940455,0.0,0.0038528896672504,0.001401050788091,0.0045534150612959,0.100525394045534,0.0007005253940455,0.0003502626970227,0.0,0.0045534150612959,0.0,0.0,0.0,0.0,0.0,0.0007005253940455,0.0031523642732049,0.0052539404553415,0.0,0.0,0.0017513134851138,0.0010507880910683,0.0003502626970227,0.0,0.0021015761821366,0.0007005253940455,0.0003502626970227,0.0,0.0,0.0,0.0,0.0,0.0,0.0007005253940455,0.0,0.0,0.0035026269702276,0.0,0.0,0.0,0.0,0.0,0.0,0.0,0.0003502626970227,0.0003502626970227,0.0,0.0
mgm4533775,0.573510773130545,0.113645965356992,0.0012674271229404,0.0259822560202788,0.04900718208703,0.0002112378538234,0.0,0.0006337135614702,0.0,0.0033798056611744,0.0002112378538234,0.0,0.0002112378538234,0.0002112378538234,0.0,0.0004224757076468,0.0008449514152936,0.0,0.0002112378538234,0.0,0.0002112378538234,0.0,0.0,0.0,0.0,0.0,0.0,0.0,0.0,0.0,0.0002112378538234,0.0,0.0,0.0,0.0,0.0,0.0,0.0,0.0002112378538234,0.0,0.0,0.0,0.0,0.0004224757076468,0.0,0.0,0.0,0.0,0.0,0.0004224757076468,0.0,0.0008449514152936,0.0,0.0,0.0,0.0,0.0,0.0,0.0,0.0,0.0,0.0,0.0,0.0,0.0002112378538234,0.0,0.0,0.0,0.0,0.0002112378538234,0.0,0.0002112378538234,0.0004224757076468,0.0,0.0004224757076468,0.0,0.0,0.0,0.0,0.0,0.0,0.0,0.0,0.0,0.0,0.0002112378538234,0.0,0.0,0.0,0.0,0.0,0.0,0.0,0.0,0.0,0.0,0.0,0.0,0.0,0.0,0.0,0.0042247570764681,0.001056189269117,0.0054921841994085,0.0002112378538234,0.0,0.0002112378538234,0.0023236163920574,0.0008449514152936,0.0044359949302915,0.191592733417828,0.001056189269117,0.0002112378538234,0.0,0.0006337135614702,0.0,0.0002112378538234,0.0,0.0002112378538234,0.0,0.0014786649767638,0.0016899028305872,0.002112378538234,0.0,0.0,0.0008449514152936,0.0004224757076468,0.0,0.0,0.0006337135614702,0.0004224757076468,0.0,0.0,0.0,0.0,0.0002112378538234,0.0,0.0,0.0029573299535276,0.0,0.0002112378538234,0.002112378538234,0.0002112378538234,0.0,0.0,0.0,0.0,0.0,0.0,0.0,0.0,0.0,0.0002112378538234
mgm4533776,0.573333333333333,0.108333333333333,0.0011111111111111,0.0283333333333333,0.0561111111111111,0.0,0.0,0.0011111111111111,0.0,0.0033333333333333,0.0,0.0,0.0005555555555555,0.0005555555555555,0.0,0.0,0.0005555555555555,0.0005555555555555,0.0,0.0,0.0,0.0,0.0,0.0,0.0,0.0,0.0,0.0,0.0,0.0,0.0,0.0,0.0,0.0,0.0,0.0,0.0,0.0,0.0,0.0,0.0,0.0,0.0,0.0005555555555555,0.0,0.0,0.0,0.0,0.0,0.0005555555555555,0.0,0.0,0.0011111111111111,0.0011111111111111,0.0,0.0,0.0,0.0,0.0,0.0,0.0,0.0,0.0,0.0,0.0,0.0005555555555555,0.0005555555555555,0.0,0.0,0.0,0.0,0.0005555555555555,0.0,0.0,0.0,0.0,0.0,0.0,0.0,0.0,0.0,0.0,0.0,0.0,0.0,0.0,0.0,0.0005555555555555,0.0,0.0,0.0,0.0,0.0,0.0,0.0,0.0,0.0,0.0,0.0,0.0,0.0,0.0055555555555555,0.0,0.0072222222222222,0.0,0.0,0.0,0.0033333333333333,0.0011111111111111,0.0027777777777777,0.185,0.0005555555555555,0.0005555555555555,0.0,0.0011111111111111,0.0005555555555555,0.0,0.0,0.0,0.0,0.0,0.0011111111111111,0.0027777777777777,0.0,0.0,0.0005555555555555,0.0011111111111111,0.0005555555555555,0.0,0.0016666666666666,0.0,0.0,0.0,0.0,0.0,0.0,0.0,0.0,0.0011111111111111,0.0,0.0,0.0033333333333333,0.0005555555555555,0.0,0.0,0.0,0.0,0.0,0.0,0.0,0.0,0.0,0.0
mgm4533777,0.583786042624321,0.100710405348934,0.0020894274968658,0.0246552444630171,0.0513999164229001,0.0,0.0,0.0008357709987463,0.0,0.0029251984956122,0.0,0.0004178854993731,0.0,0.0004178854993731,0.0,0.0,0.0004178854993731,0.0,0.0008357709987463,0.0,0.0004178854993731,0.0,0.0,0.0,0.0,0.0,0.0,0.0,0.0,0.0,0.0,0.0,0.0,0.0,0.0,0.0,0.0,0.0,0.0,0.0,0.0,0.0,0.0004178854993731,0.0,0.0,0.0,0.0,0.0,0.0,0.0,0.0004178854993731,0.0,0.0,0.0,0.0,0.0,0.0,0.0,0.0,0.0,0.0,0.0,0.0,0.0,0.0,0.0,0.0,0.0,0.0008357709987463,0.0008357709987463,0.0,0.0,0.0,0.0,0.0,0.0,0.0,0.0,0.0,0.0,0.0,0.0,0.0,0.0,0.0,0.0,0.0,0.0,0.0,0.0,0.0,0.0,0.0,0.0,0.0,0.0,0.0,0.0,0.0,0.0,0.0,0.0054325114918512,0.0012536564981195,0.0066861679899707,0.0004178854993731,0.0004178854993731,0.0,0.0041788549937317,0.0004178854993731,0.0054325114918512,0.186794818219808,0.0004178854993731,0.0004178854993731,0.0,0.0016715419974926,0.0,0.0004178854993731,0.0,0.0,0.0,0.0004178854993731,0.0016715419974926,0.0020894274968658,0.0,0.0,0.0020894274968658,0.0004178854993731,0.0,0.0,0.0012536564981195,0.0,0.0,0.0,0.0,0.0,0.0,0.0,0.0,0.005014625992478,0.0,0.0,0.0016715419974926,0.0,0.0,0.0,0.0,0.0,0.0,0.0,0.0,0.0,0.0,0.0
mgm4533778,0.58397476340694,0.106750788643533,0.0020189274447949,0.0267507886435331,0.0474447949526814,0.0001261829652996,0.0,0.000378548895899,0.000378548895899,0.0011356466876971,0.0,0.0,0.000378548895899,0.0,0.0001261829652996,0.0001261829652996,0.0005047318611987,0.0,0.000378548895899,0.0,0.0001261829652996,0.0,0.0002523659305993,0.0,0.0,0.0,0.0,0.0001261829652996,0.0,0.0002523659305993,0.0,0.0,0.0,0.0,0.0,0.0,0.0,0.0,0.0001261829652996,0.0,0.0001261829652996,0.0,0.0,0.0,0.0,0.0,0.0,0.0,0.0001261829652996,0.0002523659305993,0.0001261829652996,0.0,0.0001261829652996,0.0,0.0,0.0001261829652996,0.0,0.0001261829652996,0.0,0.0,0.0,0.0002523659305993,0.0001261829652996,0.0,0.0,0.0,0.000378548895899,0.0,0.0001261829652996,0.0001261829652996,0.0,0.0,0.0002523659305993,0.0,0.0,0.0,0.0002523659305993,0.0,0.0,0.0,0.0,0.0,0.0,0.0,0.0,0.0,0.0,0.0,0.0,0.0,0.0,0.0,0.0,0.000378548895899,0.0,0.0,0.0,0.0001261829652996,0.0,0.0,0.0,0.0059305993690851,0.0007570977917981,0.0064353312302839,0.0006309148264984,0.0002523659305993,0.0002523659305993,0.0039116719242902,0.0010094637223974,0.0045425867507886,0.181072555205047,0.0012618296529968,0.0,0.0,0.0015141955835962,0.0,0.0001261829652996,0.0,0.0001261829652996,0.0,0.0005047318611987,0.0013880126182965,0.0029022082018927,0.0,0.0,0.002397476340694,0.0008832807570977,0.0,0.0,0.0011356466876971,0.0002523659305993,0.000378548895899,0.0001261829652996,0.0001261829652996,0.0001261829652996,0.0001261829652996,0.0,0.0,0.0025236593059936,0.0001261829652996,0.0006309148264984,0.0035331230283911,0.000378548895899,0.0001261829652996,0.0,0.0,0.0,0.0,0.0,0.0001261829652996,0.0,0.0,0.0
mgm4533779,0.577029031574486,0.108497563043018,0.0016952744225471,0.0260648442466624,0.0550964187327824,0.0006357279084551,0.0,0.0002119093028183,0.0,0.0016952744225471,0.0,0.0002119093028183,0.0,0.0,0.0002119093028183,0.0002119093028183,0.0,0.0002119093028183,0.0010595465140919,0.0,0.0,0.0,0.0,0.0004238186056367,0.0,0.0,0.0,0.0002119093028183,0.0,0.0002119093028183,0.0,0.0,0.0,0.0002119093028183,0.0,0.0,0.0,0.0,0.0,0.0,0.0,0.0,0.0,0.0002119093028183,0.0,0.0,0.0,0.0,0.0,0.0,0.0002119093028183,0.0002119093028183,0.0004238186056367,0.0,0.0,0.0002119093028183,0.0,0.0004238186056367,0.0,0.0,0.0,0.0,0.0,0.0,0.0,0.0002119093028183,0.0002119093028183,0.0,0.0,0.0,0.0,0.0002119093028183,0.0,0.0,0.0,0.0,0.0002119093028183,0.0002119093028183,0.0,0.0,0.0,0.0,0.0,0.0,0.0,0.0,0.0,0.0,0.0,0.0,0.0,0.0,0.0,0.0,0.0,0.0,0.0,0.0,0.0,0.0,0.0,0.0044500953591862,0.0004238186056367,0.0063572790845518,0.0002119093028183,0.0004238186056367,0.0002119093028183,0.0052977325704598,0.0002119093028183,0.004873913964823,0.185208730663276,0.0008476372112735,0.0002119093028183,0.0002119093028183,0.0010595465140919,0.0,0.0002119093028183,0.0,0.0,0.0,0.0008476372112735,0.0002119093028183,0.0021190930281839,0.0,0.0,0.0019071837253655,0.0012714558169103,0.0,0.0,0.0006357279084551,0.0004238186056367,0.0,0.0,0.0,0.0002119093028183,0.0002119093028183,0.0002119093028183,0.0,0.0029667302394575,0.0,0.0,0.0016952744225471,0.0002119093028183,0.0,0.0,0.0,0.0,0.0,0.0,0.0,0.0,0.0002119093028183,0.0
mgm4533780,0.571677384780279,0.110798499464094,0.0018756698821007,0.0265273311897106,0.0551982851018221,0.0002679528403001,0.0,0.0002679528403001,0.0002679528403001,0.0022775991425509,0.0,0.00013397642015,0.0,0.0002679528403001,0.0,0.0006698821007502,0.00013397642015,0.0002679528403001,0.00013397642015,0.0,0.00013397642015,0.00013397642015,0.0002679528403001,0.0,0.0,0.0,0.0,0.0002679528403001,0.0,0.0,0.0,0.0,0.0,0.0,0.0,0.0,0.0,0.0,0.0,0.0,0.0,0.0,0.0,0.0,0.0,0.0,0.0,0.00013397642015,0.0,0.0002679528403001,0.0,0.0009378349410503,0.0,0.0,0.0,0.0,0.0,0.0,0.0,0.00013397642015,0.0,0.0002679528403001,0.00013397642015,0.0,0.0,0.0,0.0002679528403001,0.0,0.0,0.0002679528403001,0.0,0.0004019292604501,0.0006698821007502,0.00013397642015,0.00013397642015,0.0,0.0,0.0,0.0,0.0,0.0,0.0,0.0,0.00013397642015,0.0,0.0,0.0,0.0,0.0,0.0,0.0,0.0,0.0,0.0,0.0,0.0,0.0,0.0002679528403001,0.0,0.0,0.0,0.0044212218649517,0.0005359056806002,0.0066988210075026,0.0004019292604501,0.00013397642015,0.0,0.0042872454448017,0.0009378349410503,0.0040192926045016,0.185155412647374,0.0006698821007502,0.00013397642015,0.0,0.0021436227224008,0.0,0.0004019292604501,0.0,0.0,0.0,0.0005359056806002,0.0013397642015005,0.0020096463022508,0.00013397642015,0.00013397642015,0.0022775991425509,0.0013397642015005,0.00013397642015,0.0,0.0008038585209003,0.0002679528403001,0.0,0.0,0.0,0.0,0.0,0.00013397642015,0.0,0.0028135048231511,0.0,0.0,0.0021436227224008,0.0,0.0,0.0,0.0,0.0,0.0,0.0,0.00013397642015,0.0,0.0,0.00013397642015
mgm4533781,0.570405278039585,0.108199811498586,0.002827521206409,0.02186616399623,0.0573044297832234,0.0001885014137606,0.0,0.0005655042412818,0.0,0.0013195098963242,0.0,0.0001885014137606,0.0001885014137606,0.0,0.0,0.0,0.0,0.0,0.0005655042412818,0.0,0.0,0.0,0.0,0.0,0.0,0.0001885014137606,0.0,0.0,0.0,0.0,0.0,0.0,0.0,0.0,0.0,0.0,0.0001885014137606,0.0,0.0,0.0001885014137606,0.0,0.0,0.0,0.0001885014137606,0.0,0.0,0.0,0.0,0.0,0.0,0.0001885014137606,0.0003770028275212,0.0,0.0,0.0,0.0,0.0,0.0,0.0,0.0,0.0,0.0001885014137606,0.0,0.0,0.0,0.0,0.0001885014137606,0.0001885014137606,0.0001885014137606,0.0001885014137606,0.0,0.0,0.000942507068803,0.0,0.0001885014137606,0.0,0.0,0.0,0.0,0.0,0.0,0.0,0.0,0.0001885014137606,0.0,0.0,0.0,0.0,0.0,0.0,0.0,0.0,0.0,0.0001885014137606,0.0,0.0,0.0,0.0,0.0,0.0,0.0,0.0065975494816211,0.0005655042412818,0.0054665409990574,0.0005655042412818,0.0001885014137606,0.0,0.0060320452403393,0.0003770028275212,0.0049010367577756,0.19057492931197,0.000942507068803,0.0001885014137606,0.0,0.0015080113100848,0.0,0.0,0.0,0.0,0.0,0.0001885014137606,0.0005655042412818,0.0020735155513666,0.0001885014137606,0.0001885014137606,0.0024505183788878,0.0007540056550424,0.0,0.0003770028275212,0.0011310084825636,0.0001885014137606,0.0,0.0,0.0003770028275212,0.0,0.0,0.0,0.0,0.003770028275212,0.0,0.0003770028275212,0.0011310084825636,0.0001885014137606,0.0001885014137606,0.0,0.0,0.0001885014137606,0.0,0.0,0.0,0.0001885014137606,0.0,0.0001885014137606
mgm4533782,0.580383480825959,0.109513274336283,0.0025811209439528,0.0228613569321534,0.0529129793510324,0.0005530973451327,0.0,0.0003687315634218,0.0001843657817109,0.0040560471976401,0.0001843657817109,0.0003687315634218,0.0001843657817109,0.0003687315634218,0.0001843657817109,0.0001843657817109,0.0003687315634218,0.0,0.0,0.0,0.0,0.0,0.0,0.0,0.0,0.0,0.0,0.0001843657817109,0.0,0.0,0.0001843657817109,0.0,0.0,0.0,0.0,0.0,0.0,0.0,0.0,0.0,0.0,0.0,0.0,0.0,0.0001843657817109,0.0,0.0,0.0,0.0,0.0,0.0001843657817109,0.0001843657817109,0.0001843657817109,0.0001843657817109,0.0001843657817109,0.0,0.0,0.0,0.0,0.0,0.0001843657817109,0.0,0.0,0.0,0.0,0.0,0.0001843657817109,0.0001843657817109,0.0,0.0,0.0,0.0,0.0005530973451327,0.0,0.0001843657817109,0.0,0.0,0.0,0.0,0.0,0.0,0.0,0.0,0.0,0.0,0.0,0.0,0.0,0.0,0.0,0.0,0.0,0.0,0.0,0.0,0.0,0.0,0.0,0.0,0.0,0.0,0.0033185840707964,0.0009218289085545,0.0057153392330383,0.0003687315634218,0.0003687315634218,0.0001843657817109,0.0038716814159292,0.0012905604719764,0.0051622418879056,0.184181415929204,0.0011061946902654,0.0,0.0,0.0018436578171091,0.0,0.0,0.0,0.0,0.0,0.0007374631268436,0.0016592920353982,0.0016592920353982,0.0001843657817109,0.0,0.0016592920353982,0.0005530973451327,0.0,0.0,0.0003687315634218,0.0001843657817109,0.0,0.0,0.0001843657817109,0.0,0.0,0.0,0.0,0.0038716814159292,0.0,0.0003687315634218,0.0016592920353982,0.0003687315634218,0.0,0.0,0.0,0.0,0.0,0.0,0.0001843657817109,0.0,0.0,0.0
mgm4533783,0.555425545017859,0.111898016997167,0.0003695036334523,0.0119472841482941,0.0246951595024018,0.0,0.0,0.0001847518167261,0.0,0.0006158393890873,6.15839389087326e-05,0.0001847518167261,0.0,6.15839389087326e-05,0.0,0.0,0.0001847518167261,0.0,6.15839389087326e-05,0.0,6.15839389087326e-05,0.0,6.15839389087326e-05,6.15839389087326e-05,0.0,0.0,0.0,0.0,0.0,0.0,0.0,0.0,0.0,6.15839389087326e-05,0.0,6.15839389087326e-05,0.0,0.0,0.0,0.0,0.0,0.0,0.0,0.0,0.0,0.0,0.0,6.15839389087326e-05,0.0,0.0001231678778174,6.15839389087326e-05,6.15839389087326e-05,6.15839389087326e-05,6.15839389087326e-05,0.0,0.0,0.0,0.0,0.0,0.0,0.0,0.0,0.0,0.0,0.0,0.0,6.15839389087326e-05,0.0,0.0,6.15839389087326e-05,0.0,6.15839389087326e-05,0.0001231678778174,6.15839389087326e-05,6.15839389087326e-05,0.0,0.0001231678778174,0.0,6.15839389087326e-05,0.0,0.0,0.0,0.0,0.0,0.0,0.0,0.0,0.0,6.15839389087326e-05,0.0,0.0,0.0,0.0,0.0,0.0,0.0,0.0,0.0,0.0,0.0,0.0,0.0016627663505357,0.0003695036334523,0.0023401896785318,0.0003079196945436,0.0001847518167261,0.0,0.0013548466559921,0.0001231678778174,0.0012932627170833,0.279591082645646,0.0003695036334523,6.15839389087326e-05,6.15839389087326e-05,0.000677423327996,0.0,0.0,0.0,0.0,0.0,0.0,0.0005542554501785,0.0010469269614484,6.15839389087326e-05,0.0,0.0004926715112698,0.0004926715112698,0.0,0.0,0.0001231678778174,0.0,0.0,0.0,0.0,6.15839389087326e-05,6.15839389087326e-05,0.0,0.0,0.0008005912058135,0.0,6.15839389087326e-05,0.0006158393890873,6.15839389087326e-05,0.0,6.15839389087326e-05,0.0,0.0,0.0,0.0,0.0,0.0,0.0,0.0
mgm4533784,0.558423369347739,0.109943977591036,0.0005502200880352,0.0128551420568227,0.0230592236894758,0.0001500600240096,0.0,0.0002000800320128,0.0001000400160064,0.000500200080032,0.0,5.00200080032013e-05,5.00200080032013e-05,0.0,0.0,0.0001500600240096,0.0003001200480192,0.0001500600240096,0.0001500600240096,0.0,0.0001000400160064,5.00200080032013e-05,5.00200080032013e-05,0.0,0.0,0.0,0.0,0.0,0.0,0.0,0.0,0.0,5.00200080032013e-05,0.0,0.0,5.00200080032013e-05,0.0,0.0,0.0001000400160064,0.0,0.0,0.0,0.0,0.0,0.0,5.00200080032013e-05,0.0,0.0,0.0,0.0001500600240096,5.00200080032013e-05,0.0,0.0001000400160064,5.00200080032013e-05,0.0001500600240096,5.00200080032013e-05,0.0,5.00200080032013e-05,0.0,0.0,0.0,5.00200080032013e-05,0.0,0.0,5.00200080032013e-05,0.0,5.00200080032013e-05,0.0,5.00200080032013e-05,0.0,5.00200080032013e-05,5.00200080032013e-05,5.00200080032013e-05,5.00200080032013e-05,0.0,0.0,0.0001000400160064,5.00200080032013e-05,0.0,5.00200080032013e-05,0.0,0.0,0.0,0.0,0.0,0.0,0.0,0.0,0.0,0.0,0.0,0.0,5.00200080032013e-05,5.00200080032013e-05,0.0,0.0,5.00200080032013e-05,5.00200080032013e-05,0.0,0.0,0.0,0.0016006402561024,0.0003001200480192,0.0018507402961184,0.0003001200480192,0.0002000800320128,5.00200080032013e-05,0.0018007202881152,0.0002000800320128,0.0016506602641056,0.278161264505802,0.0004501800720288,0.000250100040016,0.0,0.0007002801120448,0.0,5.00200080032013e-05,0.0,0.0,0.0,0.0001500600240096,0.000500200080032,0.0006002400960384,0.0001000400160064,0.0,0.0003001200480192,0.0003001200480192,0.0,0.0,0.0004501800720288,0.000250100040016,5.00200080032013e-05,0.0,5.00200080032013e-05,0.0,0.0001000400160064,0.0,0.0,0.0003501400560224,0.0,0.000250100040016,0.0004001600640256,0.0,0.0,0.0,0.0,0.0,0.0,0.0,5.00200080032013e-05,5.00200080032013e-05,0.0,0.0
mgm4533785,0.557501751576419,0.10969872885597,0.0006005404864377,0.0115103593233911,0.0241717545791212,5.00450405364828e-05,0.0,0.0004003603242918,0.0,0.0006505855269742,0.0,0.0002001801621459,5.00450405364828e-05,5.00450405364828e-05,5.00450405364828e-05,0.0001000900810729,0.0002502252026824,0.0,0.0001501351216094,0.0,0.0001000900810729,5.00450405364828e-05,5.00450405364828e-05,5.00450405364828e-05,0.0,5.00450405364828e-05,0.0,0.0001000900810729,0.0,0.0,0.0,0.0,0.0,0.0,0.0,0.0,0.0,0.0,0.0,0.0,5.00450405364828e-05,0.0,0.0,5.00450405364828e-05,0.0,0.0,0.0,0.0,0.0,0.0,5.00450405364828e-05,0.0,0.0001000900810729,5.00450405364828e-05,0.0001000900810729,0.0,0.0,0.0,0.0,0.0,0.0,0.0,0.0,0.0,0.0,5.00450405364828e-05,0.0,0.0,0.0,5.00450405364828e-05,0.0,0.0001000900810729,5.00450405364828e-05,5.00450405364828e-05,0.0,5.00450405364828e-05,5.00450405364828e-05,0.0,0.0,0.0,0.0,0.0,0.0,5.00450405364828e-05,0.0,0.0,5.00450405364828e-05,0.0,0.0,0.0,0.0,0.0,0.0,0.0,0.0,0.0,0.0,0.0,0.0,0.0,0.0,0.0016514863377039,0.0003503152837553,0.0026023421078971,0.0002502252026824,0.0001501351216094,0.0,0.0014012611350215,0.0002502252026824,0.0013011710539485,0.278500650585527,0.0004504053648283,0.0001000900810729,0.0,0.0007506756080472,0.0001000900810729,0.0,0.0,0.0,0.0,0.0004003603242918,0.0005504954459013,0.0007006305675107,5.00450405364828e-05,5.00450405364828e-05,0.0005004504053648,0.0002502252026824,5.00450405364828e-05,0.0,0.0004504053648283,0.0001501351216094,0.0,0.0,0.0001501351216094,0.0001000900810729,0.0001501351216094,0.0,0.0,0.0007006305675107,0.0,0.0001501351216094,0.0009508557701931,5.00450405364828e-05,0.0,0.0,0.0,0.0,0.0,0.0,0.0,0.0,0.0,0.0
mgm4533786,0.564894225271584,0.108321638338791,0.0004677997816934,0.0127865273662872,0.0233380113311503,5.19777535214928e-05,0.0,0.0002079110140859,0.0,0.0007796663028223,0.0,0.0001559332605644,0.0002079110140859,0.0,0.0,0.0,0.0002079110140859,0.0,5.19777535214928e-05,0.0,5.19777535214928e-05,0.0001039555070429,5.19777535214928e-05,5.19777535214928e-05,0.0,0.0,5.19777535214928e-05,5.19777535214928e-05,0.0,0.0,0.0,0.0,0.0,5.19777535214928e-05,0.0,0.0,0.0,5.19777535214928e-05,0.0,0.0,5.19777535214928e-05,0.0,0.0,0.0,0.0,5.19777535214928e-05,5.19777535214928e-05,0.0,0.0,5.19777535214928e-05,0.0002079110140859,5.19777535214928e-05,5.19777535214928e-05,0.0001039555070429,5.19777535214928e-05,5.19777535214928e-05,5.19777535214928e-05,0.0,0.0,0.0,0.0,5.19777535214928e-05,0.0,0.0,0.0,0.0001039555070429,0.0,0.0,0.0,5.19777535214928e-05,0.0,0.0001039555070429,5.19777535214928e-05,0.0,0.0,0.0,0.0,5.19777535214928e-05,0.0,0.0,0.0,0.0,0.0,5.19777535214928e-05,0.0,0.0,0.0,0.0,0.0,0.0,0.0,0.0,0.0,0.0,0.0,0.0,0.0,0.0,0.0,0.0,0.0,0.0016113103591662,0.0002079110140859,0.0015073548521232,0.0001559332605644,0.0,0.0,0.0011954883309943,0.0003638442746504,0.0013514215915588,0.274962316128697,0.0003638442746504,0.0001559332605644,0.0,0.0006237330422579,5.19777535214928e-05,0.0001039555070429,0.0,0.0,0.0,0.0002079110140859,0.0004677997816934,0.0006757107957794,0.0,0.0,0.0005197775352149,0.0002598887676074,0.0,0.0,0.0002079110140859,5.19777535214928e-05,0.0,0.0,5.19777535214928e-05,0.0,5.19777535214928e-05,0.0,0.0,0.0004677997816934,0.0,0.0001559332605644,0.0009875773169083,0.0,0.0,0.0,0.0,0.0,5.19777535214928e-05,0.0,0.0,0.0,0.0,0.0
mgm4533787,0.560201579950967,0.112912013075456,0.0002724053391446,0.0137564696268047,0.0256061018795968,0.0,0.0,0.0004086080087169,0.0,0.0001362026695723,0.0001362026695723,0.0,0.0004086080087169,0.0,0.0,0.0,0.0001362026695723,0.0,0.0,0.0,0.0002724053391446,0.0,0.0001362026695723,0.0,0.0,0.0001362026695723,0.0,0.0,0.0,0.0,0.0001362026695723,0.0,0.0,0.0,0.0,0.0,0.0,0.0,0.0,0.0,0.0,0.0,0.0,0.0,0.0,0.0,0.0,0.0,0.0,0.0,0.0,0.0001362026695723,0.0,0.0,0.0,0.0,0.0,0.0,0.0,0.0,0.0,0.0,0.0,0.0,0.0,0.0,0.0001362026695723,0.0,0.0,0.0001362026695723,0.0,0.0,0.0002724053391446,0.0,0.0,0.0001362026695723,0.0,0.0,0.0,0.0,0.0,0.0,0.0,0.0,0.0,0.0,0.0,0.0,0.0,0.0,0.0,0.0,0.0,0.0,0.0,0.0,0.0,0.0,0.0,0.0,0.0,0.0027240533914464,0.0002724053391446,0.0027240533914464,0.0,0.0001362026695723,0.0,0.0005448106782892,0.0005448106782892,0.0012258240261509,0.270907109779352,0.0005448106782892,0.0,0.0,0.0008172160174339,0.0,0.0001362026695723,0.0,0.0,0.0,0.0002724053391446,0.0009534186870062,0.0002724053391446,0.0,0.0,0.0002724053391446,0.0002724053391446,0.0,0.0,0.0002724053391446,0.0001362026695723,0.0,0.0,0.0002724053391446,0.0,0.0,0.0,0.0,0.0004086080087169,0.0,0.0001362026695723,0.0005448106782892,0.0001362026695723,0.0,0.0,0.0,0.0,0.0,0.0,0.0,0.0,0.0,0.0
mgm4533788,0.56472275334608,0.108604206500956,0.0005736137667304,0.0120458891013384,0.0232313575525813,9.56022944550669e-05,0.0,0.0002868068833652,0.0,0.0006692160611854,0.0,0.0001912045889101,0.0001912045889101,0.0,0.0,0.0001912045889101,0.0,0.0,0.0,0.0,9.56022944550669e-05,0.0,9.56022944550669e-05,9.56022944550669e-05,0.0,9.56022944550669e-05,9.56022944550669e-05,0.0,0.0,0.0,0.0,0.0,0.0,0.0,0.0,9.56022944550669e-05,0.0,9.56022944550669e-05,0.0,0.0,0.0,0.0,0.0,0.0,0.0,0.0,0.0,0.0,0.0,0.0,0.0,9.56022944550669e-05,0.0,0.0,0.0,0.0,9.56022944550669e-05,0.0,0.0,9.56022944550669e-05,9.56022944550669e-05,9.56022944550669e-05,0.0,0.0,0.0,0.0,0.0,0.0,0.0,0.0,0.0,0.0,9.56022944550669e-05,0.0,0.0,0.0,0.0002868068833652,9.56022944550669e-05,0.0,0.0,0.0,0.0,0.0,0.0,0.0,0.0,0.0,0.0,0.0,0.0,0.0,0.0,0.0,0.0,0.0,0.0,0.0,0.0,0.0,0.0,0.0,0.001434034416826,0.0005736137667304,0.0021988527724665,9.56022944550669e-05,9.56022944550669e-05,0.0,0.001529636711281,0.0005736137667304,0.001434034416826,0.273900573613767,0.0004780114722753,9.56022944550669e-05,0.0,0.0006692160611854,0.0,0.0,0.0,0.0,0.0,0.0001912045889101,0.0006692160611854,0.0006692160611854,0.0,0.0,0.0007648183556405,0.0001912045889101,0.0,0.0,0.0,0.0,0.0,0.0,9.56022944550669e-05,0.0,0.0001912045889101,0.0,0.0,0.0007648183556405,0.0,9.56022944550669e-05,0.0008604206500956,0.0,0.0,0.0,0.0,0.0,0.0,0.0,0.0,0.0,0.0,0.0
mgm4533789,0.556108543666311,0.113046569498756,0.0005924872615238,0.0129162223012205,0.0231070031994312,0.0001184974523047,0.0,0.0004739898092191,0.0,0.0013034719753525,0.0,0.0,0.0,0.0,0.0,0.0,0.0,0.0,0.0,0.0,0.0,0.0,0.0001184974523047,0.0001184974523047,0.0,0.0001184974523047,0.0,0.0002369949046095,0.0,0.0,0.0,0.0,0.0,0.0,0.0,0.0,0.0,0.0,0.0,0.0,0.0,0.0,0.0001184974523047,0.0,0.0,0.0,0.0,0.0,0.0,0.0,0.0001184974523047,0.0001184974523047,0.0,0.0,0.0,0.0,0.0,0.0,0.0,0.0,0.0001184974523047,0.0,0.0,0.0,0.0,0.0001184974523047,0.0001184974523047,0.0,0.0,0.0,0.0,0.0,0.0003554923569143,0.0,0.0,0.0,0.0001184974523047,0.0,0.0,0.0,0.0,0.0,0.0,0.0,0.0,0.0,0.0,0.0,0.0,0.0,0.0,0.0,0.0,0.0,0.0,0.0,0.0,0.0001184974523047,0.0,0.0,0.0,0.0016589643322668,0.0002369949046095,0.0016589643322668,0.0,0.0001184974523047,0.0,0.0010664770707429,0.0001184974523047,0.0010664770707429,0.278350515463918,0.0003554923569143,0.0,0.0,0.0004739898092191,0.0,0.0001184974523047,0.0,0.0,0.0,0.0001184974523047,0.0005924872615238,0.0003554923569143,0.0,0.0,0.0011849745230477,0.0001184974523047,0.0,0.0,0.0007109847138286,0.0,0.0,0.0,0.0,0.0,0.0002369949046095,0.0,0.0,0.0009479796184382,0.0,0.0002369949046095,0.0005924872615238,0.0001184974523047,0.0,0.0,0.0,0.0,0.0,0.0,0.0,0.0,0.0,0.0
mgm4533790,0.565864833906071,0.0994654448262696,0.0003818251240931,0.0106911034746086,0.0252004581901489,0.0,0.0001909125620465,0.0,0.0,0.0011454753722795,0.0,0.0003818251240931,0.0001909125620465,0.0,0.0,0.0005727376861397,0.0001909125620465,0.0001909125620465,0.0003818251240931,0.0,0.0001909125620465,0.0001909125620465,0.0,0.0,0.0001909125620465,0.0,0.0,0.0,0.0,0.0,0.0,0.0,0.0,0.0,0.0,0.0001909125620465,0.0,0.0,0.0,0.0,0.0,0.0,0.0,0.0,0.0,0.0,0.0,0.0,0.0,0.0,0.0,0.0,0.0,0.0,0.0,0.0,0.0,0.0,0.0,0.0,0.0,0.0,0.0,0.0,0.0,0.0,0.0001909125620465,0.0,0.0,0.0,0.0,0.0,0.0001909125620465,0.0,0.0001909125620465,0.0,0.0,0.0,0.0,0.0,0.0,0.0,0.0,0.0,0.0,0.0,0.0,0.0,0.0,0.0,0.0,0.0,0.0,0.0,0.0,0.0,0.0,0.0,0.0,0.0,0.0,0.0015273004963726,0.0007636502481863,0.0019091256204658,0.0001909125620465,0.0001909125620465,0.0,0.0005727376861397,0.0001909125620465,0.0022909507445589,0.281786941580756,0.0003818251240931,0.0001909125620465,0.0,0.0001909125620465,0.0001909125620465,0.0,0.0,0.0,0.0,0.0003818251240931,0.0001909125620465,0.0009545628102329,0.0,0.0,0.0005727376861397,0.0001909125620465,0.0,0.0,0.0001909125620465,0.0001909125620465,0.0,0.0,0.0,0.0,0.0,0.0,0.0,0.0,0.0,0.0001909125620465,0.0005727376861397,0.0,0.0,0.0,0.0,0.0,0.0,0.0,0.0,0.0,0.0,0.0
