"samples","habitat","Pseudomonadota","Actinomycetota","Chloroflexota","Bacillota","Cyanobacteriota","Candidatus Melainabacteria","Candidatus Margulisbacteria","Deinococcota","Armatimonadota","Mycoplasmatota","Thermomicrobiota","Candidatus Kaiserbacteria","Candidatus Nomurabacteria","Candidatus Yanofskybacteria","Candidatus Azambacteria","Candidatus Falkowbacteria","Candidatus Magasanikbacteria","Candidatus Nealsonbacteria","Candidatus Uhrbacteria","Candidatus Giovannonibacteria","Candidatus Moranbacteria","Candidatus Zambryskibacteria","Candidatus Staskawiczbacteria","Candidatus Wolfebacteria","Candidatus Harrisonbacteria","Candidatus Taylorbacteria","Candidatus Buchananbacteria","Candidatus Portnoybacteria","Candidatus Adlerbacteria","Candidatus Sungbacteria","Candidatus Jorgensenbacteria","Candidatus Liptonbacteria","Candidatus Tagabacteria","Candidatus Ryanbacteria","Candidatus Wildermuthbacteria","Candidatus Komeilibacteria","Candidatus Kuenenbacteria","Candidatus Lloydbacteria","Candidatus Kerfeldbacteria","Candidatus Terrybacteria","Candidatus Yonathbacteria","Candidatus Niyogibacteria","Candidatus Campbellbacteria","Candidatus Colwellbacteria","Candidatus Vogelbacteria","Candidatus Spechtbacteria","Candidatus Brennerbacteria","Candidatus Andersenbacteria","Candidatus Jacksonbacteria","Candidatus Parcubacteria","Candidatus Veblenbacteria","Candidatus Woesebacteria","Candidatus Gottesmanbacteria","Candidatus Roizmanbacteria","Candidatus Levybacteria","Candidatus Daviesbacteria","Candidatus Curtissbacteria","Candidatus Shapirobacteria","Candidatus Beckwithbacteria","Candidatus Amesbacteria","Candidatus Chisholmbacteria","Candidatus Collierbacteria","Candidatus Woykebacteria","Candidatus Pacebacteria","Candidatus Blackburnbacteria","Candidatus Microgenomates","Candidatus Gracilibacteria","candidate division NC10","Candidatus Rokubacteria","Candidatus Handelsmanbacteria","Candidatus Schekmanbacteria","Candidatus Aminicenantes","Candidatus Glassbacteria","candidate division WWE3","Candidatus Peregrinibacteria","Candidatus Doudnabacteria","Candidatus Berkelbacteria","Candidatus Gribaldobacteria","Candidatus Saccharibacteria","Candidatus Eisenbacteria","Candidatus Desantisbacteria","Candidatus Edwardsbacteria","Candidatus Lindowbacteria","Candidatus Ratteibacteria","Candidatus Dadabacteria","Candidatus Firestonebacteria","Candidatus Raymondbacteria","Candidatus Riflebacteria","Candidatus Wallbacteria","candidate division CPR1","Candidatus Coatesbacteria","Candidatus Bipolaricaulota","Candidatus Blackallbacteria","candidate division CPR2","Candidatus Fraserbacteria","Candidatus Fischerbacteria","Candidatus Sumerlaeota","candidate division WOR-3","Candidatus Wirthbacteria","Candidatus Abawacabacteria","Candidatus Absconditabacteria","candidate division CPR3","Candidatus Delongbacteria","Candidatus Calescamantes","Planctomycetota","Candidatus Omnitrophica","Verrucomicrobiota","Lentisphaerota","Chlamydiota","Kiritimatiellota","Thermodesulfobacteriota","Nitrospirota","Campylobacterota","Bacteroidota","Ignavibacteriota","Chlorobiota","Balneolota","Gemmatimonadota","candidate division Zixibacteria","Candidatus Marinimicrobia","Candidatus Hydrogenedentes","Fibrobacterota","Candidatus Cloacimonetes","Elusimicrobiota","Acidobacteriota","Myxococcota","Nitrospinota","Candidatus Tectomicrobia","Spirochaetota","Bdellovibrionota","Synergistota","Caldisericota","Fusobacteriota","Thermotogota","Atribacterota","Chrysiogenota","Aquificota","Calditrichota","Deferribacterota","Dictyoglomota","Coprothermobacterota","Nitrososphaerota","Candidatus Bathyarchaeota","Thermoproteota","Candidatus Korarchaeota","Euryarchaeota","Candidatus Woesearchaeota","Nanoarchaeota","Candidatus Micrarchaeota","Candidatus Diapherotrites","Candidatus Altiarchaeota","Candidatus Aenigmarchaeota","Candidatus Huberarchaea","Candidatus Nanohaloarchaeota","Candidatus Thermoplasmatota","Candidatus Heimdallarchaeota","Candidatus Lokiarchaeota","Candidatus Odinarchaeota","Candidatus Thorarchaeota"
"mgm4612269","wood_fall",0.766798906705989,0.011617791323984,0.00032083119960019,0.0682074790688491,0.00674362502236564,0.00023136865355783,4.93586460923377e-05,6.78681383769643e-05,2.77642384269399e-05,0.00504692156294153,0,0.00012031169985007,0.00028072729965017,0.00011105695370776,6.16983076154221e-06,0.00034859543802713,0.00031774628421942,0.00016658543056164,0.0001172267844693,8.02077999000487e-05,0.00022519882279629,8.32927152808198e-05,0.00011105695370776,5.8613392234651e-05,4.01038999500244e-05,7.71228845192776e-05,6.78681383769643e-05,6.78681383769643e-05,0,2.46793230461688e-05,3.70189845692533e-05,1.85094922846266e-05,2.46793230461688e-05,4.93586460923377e-05,4.31888153307955e-05,3.70189845692533e-05,3.39340691884822e-05,1.85094922846266e-05,6.47832229961932e-05,1.54245769038555e-05,1.23396615230844e-05,4.93586460923377e-05,7.09530537577354e-05,1.85094922846266e-05,3.70189845692533e-05,2.15944076653977e-05,6.16983076154221e-06,3.08491538077111e-06,0,1.85094922846266e-05,3.08491538077111e-06,0.00020360441513089,0.00020977424589243,0.00054603002239648,0.00036402001493099,0.00024987814584246,7.09530537577354e-05,0.00010180220756544,3.39340691884822e-05,1.54245769038555e-05,6.16983076154221e-06,3.08491538077111e-05,5.8613392234651e-05,4.31888153307955e-05,2.46793230461688e-05,6.16983076154221e-06,2.46793230461688e-05,3.08491538077111e-06,0,0,0.00010488712294621,1.54245769038555e-05,0,0.00015424576903855,0.00039178425335793,6.16983076154221e-05,0.00012339661523084,3.08491538077111e-05,7.71228845192776e-05,0,4.93586460923377e-05,9.25474614231332e-06,3.08491538077111e-06,9.25474614231332e-06,9.25474614231332e-06,5.8613392234651e-05,0,9.25474614231332e-06,6.16983076154221e-06,0,3.08491538077111e-06,0,1.54245769038555e-05,1.23396615230844e-05,0,4.93586460923377e-05,0,1.23396615230844e-05,0,2.15944076653977e-05,0.00010180220756544,3.08491538077111e-06,1.54245769038555e-05,3.08491538077111e-06,0.00173063752861259,0.00042880323792718,0.00020051949975012,0.00015733068441932,0.00029615187655402,1.23396615230844e-05,0.0557074019459646,0.00031466136883865,0.00896167918114006,0.0440464218066498,0.00125247564459307,0.00015424576903855,6.16983076154221e-06,6.16983076154221e-06,4.93586460923377e-05,5.24435614731088e-05,9.25474614231332e-06,1.23396615230844e-05,2.46793230461688e-05,0.00038252950721561,0.00029615187655402,0.00089771037580439,9.56323768039043e-05,0,0.00817194084366266,0.00076197409905046,3.08491538077111e-05,3.08491538077111e-05,0.00276716909655168,0.00086686122199668,0.00012031169985007,6.16983076154221e-06,0.00016658543056164,4.93586460923377e-05,0.00034859543802713,6.47832229961932e-05,3.08491538077111e-06,0.00093472936037364,1.54245769038555e-05,0.00094089919113518,2.15944076653977e-05,0.00346744488798672,0.00018201000746549,5.55284768538799e-05,1.54245769038555e-05,3.39340691884822e-05,3.08491538077111e-05,3.08491538077111e-06,2.15944076653977e-05,3.08491538077111e-06,0.00012339661523084,0.00020977424589243,8.63776306615909e-05,1.54245769038555e-05,1.23396615230844e-05
"mgm4624935","wood_fall",0.816428776272463,0.0290340302468048,0.00029714704286864,0.0544124608266907,0.00905607441114785,0.00012784233239697,3.10967835560209e-05,0.00010365594518673,5.18279725933681e-05,0.00474744228955252,0,3.80071799018033e-05,0.00025568466479394,0.00013475272874275,0,0.00026259506113973,0.00033169902459755,0.00024531907027527,0.00018658070133612,6.21935671120417e-05,0.00020731189037347,0.00013475272874275,9.32903506680626e-05,0.00015202871960721,3.80071799018033e-05,5.52831707662593e-05,0.0001174767378783,3.10967835560209e-05,2.41863872102384e-05,4.49175762475857e-05,1.7275990864456e-05,2.41863872102384e-05,1.38207926915648e-05,1.03655945186736e-05,3.10967835560209e-05,4.49175762475857e-05,4.14623780746945e-05,1.03655945186736e-05,6.56487652849329e-05,3.45519817289121e-06,1.03655945186736e-05,2.07311890373472e-05,6.21935671120417e-05,6.91039634578241e-06,1.38207926915648e-05,4.49175762475857e-05,3.45519817289121e-06,6.91039634578241e-06,0,3.45519817289121e-06,0,0.00025568466479394,0.00019694629585479,0.00042844457343851,0.00024877426844816,0.00016584951229877,8.98351524951714e-05,8.98351524951714e-05,5.18279725933681e-05,1.7275990864456e-05,2.41863872102384e-05,1.38207926915648e-05,4.83727744204769e-05,2.41863872102384e-05,0.00020385669220058,3.10967835560209e-05,4.83727744204769e-05,5.52831707662593e-05,0,1.03655945186736e-05,8.63799543222802e-05,1.7275990864456e-05,3.45519817289121e-06,0.00019003589950901,0.00022458788123792,5.18279725933681e-05,0.00010365594518673,4.49175762475857e-05,6.56487652849329e-05,0,3.80071799018033e-05,0,0,6.91039634578241e-06,2.41863872102384e-05,3.10967835560209e-05,6.91039634578241e-06,0,3.45519817289121e-06,3.45519817289121e-06,0,0,1.03655945186736e-05,6.91039634578241e-06,0,7.25591616307153e-05,3.45519817289121e-06,0,3.45519817289121e-06,1.03655945186736e-05,0.00010711114335962,1.7275990864456e-05,1.03655945186736e-05,1.03655945186736e-05,0.00249465308082745,0.00026950545748551,0.00022113268306503,0.00014166312508853,0.00021422228671925,6.91039634578241e-06,0.00131643050387155,0.0002729606556584,0.00838922116377985,0.0294797508111078,0.00080851637245654,7.94695579764977e-05,0,1.03655945186736e-05,3.45519817289121e-05,3.10967835560209e-05,1.38207926915648e-05,6.91039634578241e-06,1.38207926915648e-05,0.00030405743921442,0.00013820792691564,0.00427408013986642,8.29247561493889e-05,3.45519817289121e-06,0.0219992467667983,0.00053901091497102,6.91039634578241e-05,4.14623780746945e-05,0.00243245951371541,0.00077396439072763,0.00010365594518673,1.03655945186736e-05,9.67455488409538e-05,6.21935671120417e-05,0.00017275990864456,5.52831707662593e-05,0,0.00078087478707341,3.10967835560209e-05,0.00079469557976497,0.00012438713422408,0.0023564451539118,0.00016584951229877,4.14623780746945e-05,1.38207926915648e-05,3.45519817289121e-05,1.38207926915648e-05,6.91039634578241e-06,4.49175762475857e-05,6.91039634578241e-06,9.67455488409538e-05,0.00013820792691564,7.60143598036065e-05,6.91039634578241e-06,3.45519817289121e-06
"mgm4624936","wood_fall",0.947364799187978,0.00464173298422737,6.21985603018351e-05,0.00878720085966351,0.00156091918885137,1.85272307282062e-05,4.63180768205155e-06,2.4482412033701e-05,3.9701208703299e-06,0.00076954176203227,1.98506043516495e-06,9.26361536410309e-06,4.36713295736289e-05,2.05122911633711e-05,1.3233736234433e-06,4.10245823267423e-05,4.83031372556804e-05,2.6467472468866e-05,3.24226537743608e-05,5.95518130549485e-06,3.70544614564124e-05,1.58804834813196e-05,1.52187966695979e-05,2.51440988454227e-05,6.6168681172165e-06,7.94024174065979e-06,2.31590384102577e-05,7.94024174065979e-06,6.61686811721649e-07,7.27855492893814e-06,5.95518130549485e-06,5.2934944937732e-06,3.9701208703299e-06,2.6467472468866e-06,5.95518130549485e-06,7.94024174065979e-06,5.2934944937732e-06,0,3.9701208703299e-06,3.30843405860825e-06,3.9701208703299e-06,3.9701208703299e-06,7.94024174065979e-06,6.61686811721649e-07,2.6467472468866e-06,4.63180768205155e-06,6.61686811721649e-07,1.98506043516495e-06,0,1.98506043516495e-06,0,3.57310878329691e-05,3.63927746446907e-05,7.08004888542165e-05,3.10992801509175e-05,2.11739779750928e-05,1.1248675799268e-05,1.65421702930412e-05,1.19103626109897e-05,4.63180768205155e-06,7.27855492893814e-06,5.2934944937732e-06,3.9701208703299e-06,5.2934944937732e-06,3.17609669626392e-05,6.61686811721649e-07,3.9701208703299e-06,1.1248675799268e-05,1.19103626109897e-05,1.3233736234433e-06,1.38954230461546e-05,1.98506043516495e-06,0,3.44077142095258e-05,4.10245823267423e-05,2.6467472468866e-06,2.05122911633711e-05,1.98506043516495e-06,8.60192855238144e-06,0,1.3233736234433e-06,0,0,6.61686811721649e-07,1.98506043516495e-06,4.63180768205155e-06,6.61686811721649e-07,0,1.98506043516495e-06,0,0,0,1.3233736234433e-06,1.3233736234433e-06,0,9.92530217582474e-06,0,0,0,6.61686811721649e-07,2.31590384102577e-05,0,5.2934944937732e-06,1.3233736234433e-06,0.00045193209240588,5.2934944937732e-05,4.76414504439588e-05,3.17609669626392e-05,4.43330163853505e-05,6.61686811721649e-07,0.00030768436745056,4.89648240674021e-05,0.0183637940857109,0.0106154415204504,0.00012969061509744,1.98506043516495e-05,0,5.95518130549485e-06,4.63180768205155e-06,7.27855492893814e-06,1.98506043516495e-06,1.3233736234433e-06,3.30843405860825e-06,5.62433789963402e-05,4.23479559501856e-05,0.00080659622348869,1.45571098578763e-05,0,0.00326277766859945,9.59445876996392e-05,7.94024174065979e-06,4.63180768205155e-06,0.00038046991673994,0.00011579519205128,1.85272307282062e-05,6.61686811721649e-07,2.4482412033701e-05,9.92530217582474e-06,3.10992801509175e-05,8.60192855238144e-06,6.61686811721649e-07,0.00011844193929817,4.63180768205155e-06,0.0001316756755326,1.78655439164845e-05,0.00039568871340954,2.51440988454227e-05,7.27855492893814e-06,2.6467472468866e-06,8.60192855238144e-06,4.63180768205155e-06,0,1.52187966695979e-05,0,1.85272307282062e-05,2.77908460923093e-05,9.26361536410309e-06,1.3233736234433e-06,6.61686811721649e-07
"mgm4624937","wood_fall",0.856262307995274,0.0160890114218196,0.00023631350925561,0.0404785348562426,0.00508074044899567,7.87711697518708e-05,1.96927924379677e-05,6.8924773532887e-05,9.84639621898385e-06,0.00294407246947617,0,7.87711697518708e-05,0.0001181567546278,6.8924773532887e-05,9.84639621898385e-06,0.00012800315084679,0.00033477747144545,0.00016738873572272,8.86175659708547e-05,3.93855848759354e-05,0.00013784954706577,7.87711697518708e-05,5.90783773139031e-05,7.87711697518708e-05,1.96927924379677e-05,1.96927924379677e-05,8.86175659708547e-05,4.92319810949193e-05,1.96927924379677e-05,2.95391886569516e-05,0,1.96927924379677e-05,0,9.84639621898385e-06,1.96927924379677e-05,2.95391886569516e-05,1.96927924379677e-05,9.84639621898385e-06,3.93855848759354e-05,2.95391886569516e-05,0,4.92319810949193e-05,6.8924773532887e-05,9.84639621898385e-06,0,9.84639621898385e-06,0,0,0,0,0,0.00024615990547459,0.00016738873572272,0.00034462386766443,0.00025600630169358,0.0001181567546278,4.92319810949193e-05,6.8924773532887e-05,3.93855848759354e-05,1.96927924379677e-05,0,1.96927924379677e-05,1.96927924379677e-05,1.96927924379677e-05,8.86175659708547e-05,0,3.93855848759354e-05,2.95391886569516e-05,0,1.96927924379677e-05,2.95391886569516e-05,0,9.84639621898385e-06,0.0001181567546278,0.00013784954706577,3.93855848759354e-05,7.87711697518708e-05,0,2.95391886569516e-05,0,0,0,0,0,0,2.95391886569516e-05,0,2.95391886569516e-05,0,0,0,0,9.84639621898385e-06,0,0,2.95391886569516e-05,0,9.84639621898385e-06,0,9.84639621898385e-06,7.87711697518708e-05,0,9.84639621898385e-06,0,0.00176250492319811,0.00024615990547459,0.00013784954706577,0.00016738873572272,0.00015754233950374,0,0.00105356439543127,0.00024615990547459,0.0133418668767231,0.0276979125640016,0.00055139818826309,3.93855848759354e-05,0,0,3.93855848759354e-05,3.93855848759354e-05,9.84639621898385e-06,0,9.84639621898385e-06,0.00018708152816069,0.00014769594328475,0.00380070894052777,6.8924773532887e-05,0,0.0185801496652225,0.00038400945254037,6.8924773532887e-05,1.96927924379677e-05,0.00154588420638046,0.00049231981094919,6.8924773532887e-05,9.84639621898385e-06,3.93855848759354e-05,1.96927924379677e-05,0.00015754233950374,2.95391886569516e-05,0,0.00051201260338716,9.84639621898385e-06,0.00054155179204411,0.0001181567546278,0.00185112248916896,0.00010831035840882,4.92319810949193e-05,3.93855848759354e-05,1.96927924379677e-05,3.93855848759354e-05,9.84639621898385e-06,1.96927924379677e-05,0,6.8924773532887e-05,5.90783773139031e-05,2.95391886569516e-05,9.84639621898385e-06,0
"mgm4624938","wood_fall",0.712535956203025,0.0299248399369027,0.00037116080541894,0.062958151619189,0.0067736846988958,0.0001391853020321,9.27902013547369e-05,0.0001391853020321,0,0.0051498561751879,0,9.27902013547369e-05,0.00018558040270947,4.63951006773685e-05,4.63951006773685e-05,0.00018558040270947,0.00027837060406421,0.00037116080541894,0.00023197550338684,0,0.00023197550338684,0.00018558040270947,0.00023197550338684,0.00018558040270947,0.00018558040270947,9.27902013547369e-05,0.0001391853020321,9.27902013547369e-05,4.63951006773685e-05,9.27902013547369e-05,0,9.27902013547369e-05,0,0,4.63951006773685e-05,4.63951006773685e-05,9.27902013547369e-05,0,9.27902013547369e-05,0,0,0,4.63951006773685e-05,4.63951006773685e-05,0,4.63951006773685e-05,4.63951006773685e-05,4.63951006773685e-05,0,0,0,0.00023197550338684,0.0001391853020321,0.00046395100677368,0.00041755590609631,9.27902013547369e-05,9.27902013547369e-05,0.0001391853020321,4.63951006773685e-05,0,4.63951006773685e-05,0,4.63951006773685e-05,0,9.27902013547369e-05,0,4.63951006773685e-05,0,0,0,0.0001391853020321,4.63951006773685e-05,0,0.0001391853020321,0.00027837060406421,4.63951006773685e-05,4.63951006773685e-05,9.27902013547369e-05,9.27902013547369e-05,0,0,0,0,0,0,0,0,0,0,0,0,0,0,9.27902013547369e-05,0,4.63951006773685e-05,0,0,0,0,0.00018558040270947,0,0,0,0.00412916396028579,0.00046395100677368,0.00041755590609631,0.00018558040270947,0.00037116080541894,0,0.0350746961120906,0.00055674120812842,0.00965018094089264,0.0568803934304537,0.00083511181219263,0.00027837060406421,0,0,0.0001391853020321,4.63951006773685e-05,4.63951006773685e-05,4.63951006773685e-05,0,0.00018558040270947,0.00027837060406421,0.00663449939686369,0,0,0.0483436949058179,0.00115987751693421,9.27902013547369e-05,4.63951006773685e-05,0.00296928644335158,0.00088150691287,0.00018558040270947,0,0.0001391853020321,0.00018558040270947,0.00032476570474157,0,0,0.00055674120812842,0,0.00088150691287,9.27902013547369e-05,0.00259812563793263,9.27902013547369e-05,9.27902013547369e-05,4.63951006773685e-05,0.00018558040270947,0,0,0,0,0.0001391853020321,4.63951006773685e-05,4.63951006773685e-05,0,0
"mgm4624939","wood_fall",0.799693984554134,0.0131045838563662,0.00018906126684239,0.0280558126446813,0.00542781706783562,6.15548310649645e-05,3.95709628274772e-05,6.81499915362107e-05,1.97854814137386e-05,0.0021742045686875,4.39677364749747e-06,3.07774155324823e-05,0.00010991934118743,7.47451520074569e-05,1.31903209424924e-05,0.00014509353036741,0.00014509353036741,6.5951604712462e-05,0.00011871288848243,2.63806418849848e-05,9.01338597736981e-05,2.85790287087335e-05,4.39677364749747e-05,5.49596705937183e-05,2.19838682374873e-05,1.97854814137386e-05,4.17693496512259e-05,3.07774155324823e-05,8.79354729499493e-06,1.97854814137386e-05,1.31903209424924e-05,3.07774155324823e-05,8.79354729499493e-06,4.39677364749747e-06,8.79354729499493e-06,2.41822550612361e-05,3.2975802356231e-05,1.09919341187437e-05,3.51741891799797e-05,1.09919341187437e-05,2.19838682374873e-06,6.5951604712462e-06,4.17693496512259e-05,0,6.5951604712462e-06,6.5951604712462e-06,0,6.5951604712462e-06,0,0,0,0.00014289514354366,5.49596705937183e-05,0.00020884674825613,9.8927407068693e-05,6.5951604712462e-05,2.41822550612361e-05,3.95709628274772e-05,2.41822550612361e-05,6.5951604712462e-06,1.09919341187437e-05,4.39677364749747e-06,2.19838682374873e-05,1.53887077662411e-05,0.00013629998307242,0,1.97854814137386e-05,1.75870945899899e-05,8.79354729499493e-06,4.39677364749747e-06,4.83645101224721e-05,6.5951604712462e-06,0,8.79354729499493e-05,0.00012310966212992,1.97854814137386e-05,3.73725760037285e-05,6.5951604712462e-06,1.97854814137386e-05,0,2.41822550612361e-05,2.19838682374873e-06,2.19838682374873e-06,2.19838682374873e-06,2.19838682374873e-06,1.31903209424924e-05,1.09919341187437e-05,2.19838682374873e-06,8.79354729499493e-06,2.19838682374873e-06,0,0,1.09919341187437e-05,2.19838682374873e-06,0,2.19838682374873e-05,0,2.19838682374873e-06,0,6.5951604712462e-06,5.49596705937183e-05,0,2.19838682374873e-06,2.19838682374873e-06,0.00124428694224178,0.00016487901178115,0.00012091127530618,7.91419256549544e-05,0.00019785481413738,1.09919341187437e-05,0.00095409988150695,0.0001582838513099,0.0681236108943257,0.0604512408794427,0.00045946284616348,9.01338597736981e-05,2.19838682374873e-06,4.39677364749747e-06,1.53887077662411e-05,2.85790287087335e-05,4.39677364749747e-06,1.09919341187437e-05,2.19838682374873e-06,0.00014949030401491,8.79354729499493e-05,0.00314589154478444,5.05628969462209e-05,2.19838682374873e-06,0.00851874894202634,0.00036493221274229,5.71580574174671e-05,1.09919341187437e-05,0.00112117728011185,0.00037372576003728,4.17693496512259e-05,2.41822550612361e-05,7.69435388312057e-05,3.73725760037285e-05,6.81499915362107e-05,3.51741891799797e-05,0,0.00033195641038605,1.97854814137386e-05,0.00034954350497604,4.61661232987234e-05,0.00108820147775562,7.47451520074569e-05,1.53887077662411e-05,6.5951604712462e-06,1.09919341187437e-05,1.09919341187437e-05,0,2.19838682374873e-05,2.19838682374873e-06,2.41822550612361e-05,7.69435388312057e-05,1.75870945899899e-05,4.39677364749747e-06,0
"mgm4624940","wood_fall",0.518824115856858,0.00587023822017001,0.00015741420925595,0.0216247769965369,0.00268915940812257,2.62357015426593e-05,6.55892538566481e-06,7.21481792423129e-05,5.24714030853185e-05,0.00127243152481897,0,1.31178507713296e-05,3.27946269283241e-05,3.93535523139889e-05,0,0.00011806065694196,0.00019020883618428,6.55892538566481e-05,9.18249553993074e-05,1.31178507713296e-05,6.55892538566481e-05,6.55892538566481e-06,9.18249553993074e-05,6.55892538566481e-06,1.31178507713296e-05,2.62357015426593e-05,3.27946269283241e-05,0,0,1.31178507713296e-05,6.55892538566481e-06,6.55892538566481e-06,0,0,6.55892538566481e-06,1.31178507713296e-05,6.55892538566481e-06,6.55892538566481e-06,4.59124776996537e-05,6.55892538566481e-06,0,0,3.27946269283241e-05,0,0,0,0,1.31178507713296e-05,0,0,0,9.18249553993074e-05,5.24714030853185e-05,0.00015085528387029,0.00012461958232763,6.55892538566481e-05,1.31178507713296e-05,6.55892538566481e-06,6.55892538566481e-06,0,6.55892538566481e-06,0,6.55892538566481e-06,1.96767761569944e-05,1.31178507713296e-05,6.55892538566481e-06,6.55892538566481e-06,6.55892538566481e-06,6.55892538566481e-06,0,7.21481792423129e-05,0,0,5.90303284709833e-05,0.00011806065694196,3.93535523139889e-05,6.55892538566481e-05,0,7.21481792423129e-05,0,6.55892538566481e-06,0,0,0,6.55892538566481e-06,0,6.55892538566481e-06,1.31178507713296e-05,0,6.55892538566481e-06,0,0,6.55892538566481e-06,4.59124776996537e-05,0,1.31178507713296e-05,0,6.55892538566481e-06,0,0,1.96767761569944e-05,0,0,6.55892538566481e-06,0.00121996012173366,0.00013117850771329,0.00154134746563123,0.00020988561234127,0.00018364991079861,7.21481792423129e-05,0.358996222058978,0.00020988561234127,0.0179648966313359,0.0544849931787176,0.00040665337391121,0.00019676776156994,0,6.55892538566481e-06,3.27946269283241e-05,6.55892538566481e-06,6.55892538566481e-06,6.55892538566481e-06,6.55892538566481e-06,0.00017709098541295,0.00016397313464162,0.00137737433098961,1.96767761569944e-05,0,0.00625065589253857,0.00051159618008185,2.62357015426593e-05,6.55892538566481e-06,0.00120028334557666,0.00032138734389757,3.93535523139889e-05,6.55892538566481e-06,0.00015741420925595,2.62357015426593e-05,0.00017053206002728,3.93535523139889e-05,0,0.00015085528387029,6.55892538566481e-06,0.00014429635848462,1.31178507713296e-05,0.00064933361318081,1.31178507713296e-05,6.55892538566481e-06,1.96767761569944e-05,1.31178507713296e-05,1.31178507713296e-05,0,6.55892538566481e-06,0,1.96767761569944e-05,3.27946269283241e-05,6.55892538566481e-06,6.55892538566481e-06,1.31178507713296e-05
"mgm4624941","wood_fall",0.722184437895161,0.0170029471775108,0.00052898057885589,0.0440313358019094,0.00443336104183985,0.00010075820549636,5.03791027481801e-05,0.00022670596236681,2.518955137409e-05,0.00292198795939444,0,7.55686541222701e-05,0.00010075820549636,0,2.518955137409e-05,0.00012594775687045,0.00040303282198544,0.0002518955137409,0.00012594775687045,2.518955137409e-05,0.00027708506511499,5.03791027481801e-05,0.0002518955137409,0,0,2.518955137409e-05,0.00012594775687045,2.518955137409e-05,0,2.518955137409e-05,2.518955137409e-05,0,0,0,5.03791027481801e-05,0,0,0,5.03791027481801e-05,2.518955137409e-05,5.03791027481801e-05,2.518955137409e-05,7.55686541222701e-05,5.03791027481801e-05,0,0,0,2.518955137409e-05,0,0,0,0.00017632685961863,0.00012594775687045,0.00022670596236681,0.00020151641099272,5.03791027481801e-05,2.518955137409e-05,2.518955137409e-05,0.00017632685961863,0,0,2.518955137409e-05,5.03791027481801e-05,0.00017632685961863,0.00012594775687045,2.518955137409e-05,0,0,0,0,0.00010075820549636,2.518955137409e-05,0,0.00017632685961863,0.00030227461648908,5.03791027481801e-05,5.03791027481801e-05,0,0,0,2.518955137409e-05,0,5.03791027481801e-05,0,0,0,0,0,0,0,0,0,0,0,0,5.03791027481801e-05,0,0,0,0,2.518955137409e-05,0,0,0,0.00216630141817174,0.00035265371923726,0.00060454923297816,0.00022670596236681,0.00017632685961863,2.518955137409e-05,0.0601274591299529,0.00035265371923726,0.0131237562659009,0.0887931685936673,0.00095720295221542,0.00017632685961863,0,7.55686541222701e-05,7.55686541222701e-05,2.518955137409e-05,0,2.518955137409e-05,2.518955137409e-05,0.00035265371923726,0.00045341192473362,0.00496234162069574,5.03791027481801e-05,2.518955137409e-05,0.024912466308975,0.00062973878435225,7.55686541222701e-05,2.518955137409e-05,0.00191440590443084,0.00042822237335953,0.00010075820549636,2.518955137409e-05,0.00010075820549636,0.00010075820549636,0.00017632685961863,7.55686541222701e-05,0,0.00035265371923726,0,0.00032746416786317,7.55686541222701e-05,0.00120909846595632,0.00010075820549636,0,0,2.518955137409e-05,0,0,2.518955137409e-05,2.518955137409e-05,0,5.03791027481801e-05,2.518955137409e-05,0,0
"mgm4624942","wood_fall",0.436009542918176,0.0121682188881901,0.00069874923886243,0.0547320296668963,0.0044320666007846,9.98213198374909e-05,4.99106599187454e-05,9.98213198374909e-05,0.00018966050769123,0.00202637279270107,1.99642639674982e-05,0.00014973197975623,6.98749238862436e-05,0.00012976771578873,9.98213198374909e-06,6.98749238862436e-05,0.00032941035546372,0.00012976771578873,0.00026951756356122,0,0.00010980345182124,5.98927919024945e-05,0.00035935675141496,1.99642639674982e-05,4.99106599187454e-05,9.98213198374909e-05,7.98570558699927e-05,0,9.98213198374909e-06,3.99285279349964e-05,0,9.98213198374909e-06,0,0,2.99463959512473e-05,2.99463959512473e-05,0,0,9.98213198374909e-05,0,0,0,9.98213198374909e-06,0,2.99463959512473e-05,9.98213198374909e-06,0,9.98213198374909e-06,0,0,0,0.00029946395951247,4.99106599187454e-05,0.0004491959392687,0.00032941035546372,7.98570558699927e-05,3.99285279349964e-05,3.99285279349964e-05,3.99285279349964e-05,0,2.99463959512473e-05,1.99642639674982e-05,8.98391878537418e-05,9.98213198374909e-05,9.98213198374909e-06,0,9.98213198374909e-06,2.99463959512473e-05,9.98213198374909e-06,9.98213198374909e-06,0.00019964263967498,0,0,2.99463959512473e-05,0.00024955329959372,9.98213198374909e-05,0.00011978558380498,0,6.98749238862436e-05,0,4.99106599187454e-05,0,1.99642639674982e-05,0,2.99463959512473e-05,3.99285279349964e-05,2.99463959512473e-05,7.98570558699927e-05,0,9.98213198374909e-06,0,0,6.98749238862436e-05,0.00042923167530121,9.98213198374909e-06,9.98213198374909e-06,9.98213198374909e-06,0,0,1.99642639674982e-05,2.99463959512473e-05,9.98213198374909e-06,0,0,0.00287485401131974,0.00053903512712245,0.0010980345182124,0.00070873137084618,0.00027949969554497,9.98213198374909e-05,0.277573144072111,0.00071871350282993,0.0191656934087982,0.156539793769153,0.00128769502590363,0.0004491959392687,9.98213198374909e-06,0.00012976771578873,6.98749238862436e-05,5.98927919024945e-05,0,5.98927919024945e-05,0,0.00023957116760997,0.0005290529951387,0.00177681949310734,6.98749238862436e-05,9.98213198374909e-06,0.0092933648768704,0.00132762355383863,9.98213198374909e-05,0.00012976771578873,0.00150730192954611,0.0005490172591062,3.99285279349964e-05,9.98213198374909e-06,0.00043921380728496,0.00010980345182124,0.00428233462102836,3.99285279349964e-05,0,0.00035935675141496,0,0.00026951756356122,0,0.00114794517813115,3.99285279349964e-05,9.98213198374909e-06,0,9.98213198374909e-06,9.98213198374909e-06,0,9.98213198374909e-06,0,9.98213198374909e-06,1.99642639674982e-05,0,0,0
"mgm4624943","wood_fall",0.122691127217784,0.00193087945589546,8.23402753047105e-05,0.00587086162922586,0.00075547202592071,1.23510412957066e-05,1.02925344130888e-05,4.11701376523552e-05,1.02925344130888e-05,0.00030054200486219,0,1.44095481783243e-05,2.88190963566487e-05,1.85265619435599e-05,0,1.44095481783243e-05,4.11701376523552e-05,2.47020825914131e-05,1.23510412957066e-05,4.11701376523552e-06,1.85265619435599e-05,1.02925344130888e-05,6.17552064785329e-06,4.11701376523552e-06,4.11701376523552e-06,6.17552064785329e-06,2.05850688261776e-06,2.05850688261776e-06,0,4.11701376523552e-06,0,2.05850688261776e-06,0,2.05850688261776e-06,2.05850688261776e-06,4.11701376523552e-06,2.05850688261776e-06,1.23510412957066e-05,6.17552064785329e-06,6.17552064785329e-06,4.11701376523552e-06,0,4.11701376523552e-06,0,2.05850688261776e-06,4.11701376523552e-06,0,2.05850688261776e-06,0,0,0,2.05850688261776e-05,1.64680550609421e-05,5.35211789480618e-05,1.85265619435599e-05,1.64680550609421e-05,4.11701376523552e-06,6.17552064785329e-06,6.17552064785329e-06,4.11701376523552e-06,0,0,4.11701376523552e-06,0,8.23402753047105e-06,0,6.17552064785329e-06,8.23402753047105e-06,2.05850688261776e-06,1.02925344130888e-05,8.23402753047105e-06,1.02925344130888e-05,2.05850688261776e-06,1.23510412957066e-05,3.29361101218842e-05,4.11701376523552e-06,6.17552064785329e-06,0,1.23510412957066e-05,2.05850688261776e-06,0,0,0,2.05850688261776e-06,2.05850688261776e-06,6.17552064785329e-06,0,0,0,0,0,0,6.17552064785329e-06,0,0,6.17552064785329e-06,0,4.11701376523552e-06,0,0,6.17552064785329e-06,0,0,2.05850688261776e-06,0.00031495155304051,7.61647546568572e-05,0.00013380294737015,4.94041651828263e-05,4.11701376523552e-05,1.23510412957066e-05,0.841182076992274,5.96966995959151e-05,0.00269252700246403,0.0196607992358822,9.88083303656526e-05,3.91116307697375e-05,0,1.23510412957066e-05,4.11701376523552e-06,2.05850688261776e-06,0,0,8.23402753047105e-06,3.70531238871197e-05,5.35211789480618e-05,0.0004405204728802,1.23510412957066e-05,4.11701376523552e-06,0.00192676244213023,0.00011939339919183,2.26435757087954e-05,2.05850688261776e-06,0.00020379218137915,6.58722202437684e-05,6.17552064785329e-06,1.02925344130888e-05,1.85265619435599e-05,6.17552064785329e-06,5.35211789480618e-05,2.05850688261776e-06,0,5.76381927132973e-05,6.17552064785329e-06,4.52871514175908e-05,8.23402753047105e-06,0.00017909009878774,8.23402753047105e-06,2.05850688261776e-06,2.05850688261776e-06,4.11701376523552e-06,0,0,0,0,1.02925344130888e-05,1.23510412957066e-05,4.11701376523552e-06,0,2.05850688261776e-06
"mgm4625757","wood_fall",0.896409863799662,0.0154966109413465,0.00014959817490226,0.0321570076845063,0.00467274299253549,4.83994095272038e-05,2.41997047636019e-05,7.03991411304782e-05,2.41997047636019e-05,0.0026773673361185,4.39994632065489e-06,2.41997047636019e-05,0.00013859830910062,9.01988995734252e-05,6.59991948098233e-06,0.00016939793334521,0.00019139766494848,0.00010559871169571,0.00010339873853539,4.39994632065489e-05,0.00016499798702455,5.05993826875312e-05,6.15992484891684e-05,5.05993826875312e-05,3.29995974049117e-05,1.09998658016372e-05,5.71993021685135e-05,3.51995705652391e-05,4.39994632065489e-06,2.41997047636019e-05,1.53998121222921e-05,1.09998658016372e-05,1.09998658016372e-05,4.39994632065489e-06,1.75997852826196e-05,2.19997316032744e-05,2.85996510842568e-05,8.79989264130978e-06,3.73995437255665e-05,1.53998121222921e-05,8.79989264130978e-06,1.31998389619647e-05,2.63996779239293e-05,6.59991948098233e-06,2.19997316032744e-06,8.79989264130978e-06,2.19997316032744e-06,0,2.19997316032744e-06,6.59991948098233e-06,0,0.00013199838961964,0.00010339873853539,0.00025299691343765,0.00010119876537506,7.47990874511331e-05,3.51995705652391e-05,4.39994632065489e-05,3.29995974049117e-05,1.75997852826196e-05,1.75997852826196e-05,1.31998389619647e-05,1.75997852826196e-05,2.19997316032744e-05,7.9199033771788e-05,4.39994632065489e-06,1.9799758442947e-05,4.17994900462214e-05,1.53998121222921e-05,6.59991948098233e-06,5.05993826875312e-05,6.59991948098233e-06,4.39994632065489e-06,0.00010779868485604,0.00012539847013866,2.63996779239293e-05,4.17994900462214e-05,2.41997047636019e-05,2.19997316032744e-05,4.39994632065489e-06,2.19997316032744e-05,0,2.19997316032744e-06,0,1.09998658016372e-05,2.19997316032744e-05,1.09998658016372e-05,4.39994632065489e-06,4.39994632065489e-06,0,2.19997316032744e-06,0,0,2.19997316032744e-06,0,2.85996510842568e-05,2.19997316032744e-06,2.19997316032744e-06,0,4.39994632065489e-06,5.27993558478587e-05,6.59991948098233e-06,0,4.39994632065489e-06,0.00143218252737317,0.00017159790650554,0.00014959817490226,9.8998792214735e-05,0.00016939793334521,2.19997316032744e-06,0.0007215911965874,0.00015399812122292,0.00474754207998662,0.0182245776601525,0.00046419433682909,5.05993826875312e-05,2.19997316032744e-06,4.39994632065489e-06,2.63996779239293e-05,3.51995705652391e-05,8.79989264130978e-06,1.31998389619647e-05,4.39994632065489e-06,0.00013859830910062,0.00013859830910062,0.00199537565641699,4.83994095272038e-05,0,0.0108634674656969,0.00031239618876649,3.9599516885894e-05,2.63996779239293e-05,0.00143878244685415,0.00036519554461435,9.01988995734252e-05,0,5.9399275328841e-05,5.05993826875312e-05,9.45988458940801e-05,3.29995974049117e-05,0,0.00040479506150025,1.53998121222921e-05,0.00051479371951662,3.9599516885894e-05,0.0014189826884112,8.79989264130978e-05,3.07996242445842e-05,2.41997047636019e-05,2.85996510842568e-05,1.09998658016372e-05,0,3.73995437255665e-05,4.39994632065489e-06,8.13990069321154e-05,0.00010119876537506,3.51995705652391e-05,1.09998658016372e-05,0
"mgm4625759","wood_fall",0.947364799187978,0.00464173298422737,6.21985603018351e-05,0.00878720085966351,0.00156091918885137,1.85272307282062e-05,4.63180768205155e-06,2.4482412033701e-05,3.9701208703299e-06,0.00076954176203227,1.98506043516495e-06,9.26361536410309e-06,4.36713295736289e-05,2.05122911633711e-05,1.3233736234433e-06,4.10245823267423e-05,4.83031372556804e-05,2.6467472468866e-05,3.24226537743608e-05,5.95518130549485e-06,3.70544614564124e-05,1.58804834813196e-05,1.52187966695979e-05,2.51440988454227e-05,6.6168681172165e-06,7.94024174065979e-06,2.31590384102577e-05,7.94024174065979e-06,6.61686811721649e-07,7.27855492893814e-06,5.95518130549485e-06,5.2934944937732e-06,3.9701208703299e-06,2.6467472468866e-06,5.95518130549485e-06,7.94024174065979e-06,5.2934944937732e-06,0,3.9701208703299e-06,3.30843405860825e-06,3.9701208703299e-06,3.9701208703299e-06,7.94024174065979e-06,6.61686811721649e-07,2.6467472468866e-06,4.63180768205155e-06,6.61686811721649e-07,1.98506043516495e-06,0,1.98506043516495e-06,0,3.57310878329691e-05,3.63927746446907e-05,7.08004888542165e-05,3.10992801509175e-05,2.11739779750928e-05,1.1248675799268e-05,1.65421702930412e-05,1.19103626109897e-05,4.63180768205155e-06,7.27855492893814e-06,5.2934944937732e-06,3.9701208703299e-06,5.2934944937732e-06,3.17609669626392e-05,6.61686811721649e-07,3.9701208703299e-06,1.1248675799268e-05,1.19103626109897e-05,1.3233736234433e-06,1.38954230461546e-05,1.98506043516495e-06,0,3.44077142095258e-05,4.10245823267423e-05,2.6467472468866e-06,2.05122911633711e-05,1.98506043516495e-06,8.60192855238144e-06,0,1.3233736234433e-06,0,0,6.61686811721649e-07,1.98506043516495e-06,4.63180768205155e-06,6.61686811721649e-07,0,1.98506043516495e-06,0,0,0,1.3233736234433e-06,1.3233736234433e-06,0,9.92530217582474e-06,0,0,0,6.61686811721649e-07,2.31590384102577e-05,0,5.2934944937732e-06,1.3233736234433e-06,0.00045193209240588,5.2934944937732e-05,4.76414504439588e-05,3.17609669626392e-05,4.43330163853505e-05,6.61686811721649e-07,0.00030768436745056,4.89648240674021e-05,0.0183637940857109,0.0106154415204504,0.00012969061509744,1.98506043516495e-05,0,5.95518130549485e-06,4.63180768205155e-06,7.27855492893814e-06,1.98506043516495e-06,1.3233736234433e-06,3.30843405860825e-06,5.62433789963402e-05,4.23479559501856e-05,0.00080659622348869,1.45571098578763e-05,0,0.00326277766859945,9.59445876996392e-05,7.94024174065979e-06,4.63180768205155e-06,0.00038046991673994,0.00011579519205128,1.85272307282062e-05,6.61686811721649e-07,2.4482412033701e-05,9.92530217582474e-06,3.10992801509175e-05,8.60192855238144e-06,6.61686811721649e-07,0.00011844193929817,4.63180768205155e-06,0.0001316756755326,1.78655439164845e-05,0.00039568871340954,2.51440988454227e-05,7.27855492893814e-06,2.6467472468866e-06,8.60192855238144e-06,4.63180768205155e-06,0,1.52187966695979e-05,0,1.85272307282062e-05,2.77908460923093e-05,9.26361536410309e-06,1.3233736234433e-06,6.61686811721649e-07
"mgm4625760","wood_fall",0.90687202146507,0.0123200806449179,0.00013883481373498,0.0254867518388067,0.00402620959831467,4.22540737454313e-05,1.96179628103788e-05,4.52722218701049e-05,3.01814812467366e-05,0.00179730720824317,0,2.11270368727156e-05,0.00010865333248825,4.07449996830944e-05,4.52722218701049e-06,0.00012978036936096,0.00013732573967265,7.69627771791784e-05,7.69627771791784e-05,2.11270368727156e-05,9.20535178025467e-05,3.6217777496084e-05,2.56542590597261e-05,4.82903699947786e-05,1.20725924986947e-05,2.41451849973893e-05,4.82903699947786e-05,1.65998146857051e-05,3.01814812467366e-06,1.8108888748042e-05,7.54537031168416e-06,1.05635184363578e-05,1.05635184363578e-05,6.03629624934733e-06,1.05635184363578e-05,2.56542590597261e-05,1.20725924986947e-05,7.54537031168416e-06,1.8108888748042e-05,1.20725924986947e-05,1.50907406233683e-06,1.35816665610315e-05,2.7163333122063e-05,4.52722218701049e-06,4.52722218701049e-06,1.50907406233683e-06,3.01814812467366e-06,0,0,7.54537031168416e-06,0,0.00012223499904928,9.20535178025467e-05,0.00021277944278949,0.00011770777686227,5.13085181194523e-05,2.7163333122063e-05,3.77268515584208e-05,1.96179628103788e-05,9.05444437402099e-06,6.03629624934733e-06,1.35816665610315e-05,1.20725924986947e-05,1.65998146857051e-05,9.8089814051894e-05,6.03629624934733e-06,1.8108888748042e-05,2.26361109350525e-05,1.50907406233683e-06,6.03629624934733e-06,2.41451849973893e-05,3.01814812467366e-06,1.50907406233683e-06,6.48901846804838e-05,8.29990734285257e-05,1.8108888748042e-05,5.13085181194523e-05,6.03629624934733e-06,1.50907406233683e-05,0,9.05444437402099e-06,1.50907406233683e-06,0,1.50907406233683e-06,4.52722218701049e-06,1.05635184363578e-05,1.50907406233683e-06,7.54537031168416e-06,1.50907406233683e-06,0,0,0,1.50907406233683e-06,1.50907406233683e-06,0,1.96179628103788e-05,0,6.03629624934733e-06,0,6.03629624934733e-06,5.13085181194523e-05,4.52722218701049e-06,6.03629624934733e-06,1.50907406233683e-06,0.00107596980644616,0.00019316147997911,0.00010563518436357,0.00010110796217656,0.00015694370248303,0,0.00060966592118408,0.00012827129529863,0.0114402904665755,0.0175324224562293,0.00036217777496084,4.07449996830944e-05,1.50907406233683e-06,3.01814812467366e-06,1.05635184363578e-05,2.86724071843998e-05,3.01814812467366e-06,1.50907406233683e-06,7.54537031168416e-06,0.00011619870279993,9.65807399895572e-05,0.00186068831886131,4.07449996830944e-05,0,0.00906349881839501,0.00030634203465437,3.77268515584208e-05,1.65998146857051e-05,0.00091449888177612,0.00033048721965176,4.22540737454313e-05,1.50907406233683e-06,4.67812959324418e-05,1.50907406233683e-05,7.54537031168416e-05,1.96179628103788e-05,3.01814812467366e-06,0.00028672407184399,9.05444437402099e-06,0.00030785110871671,4.82903699947786e-05,0.00106842443613448,5.73448143687996e-05,2.41451849973893e-05,1.05635184363578e-05,1.50907406233683e-05,1.20725924986947e-05,3.01814812467366e-06,2.41451849973893e-05,0,4.97994440571154e-05,4.97994440571154e-05,3.47087034337471e-05,7.54537031168416e-06,4.52722218701049e-06
"mgm4625761","wood_fall",0.797295885662734,0.019595926022649,0.00032050521117732,0.0467605232544337,0.00675435056147765,9.97127323662781e-05,6.41010422354645e-05,9.25903943401154e-05,2.61152394292633e-05,0.00318843332304551,2.37411267538757e-06,6.64751549108521e-05,0.00021129602810949,9.25903943401154e-05,3.56116901308136e-05,0.0001709361126279,0.0002469077182403,0.00014719498587403,0.0001709361126279,2.61152394292633e-05,0.00017568433797868,5.93528168846893e-05,0.00014956909854941,0.00010446095771705,3.08634647800385e-05,4.98563661831391e-05,8.30939436385651e-05,3.79858028062012e-05,9.4964507015503e-06,4.03599154815888e-05,1.89929014031006e-05,2.61152394292633e-05,7.12233802616272e-06,7.12233802616272e-06,3.08634647800385e-05,4.27340281569763e-05,4.03599154815888e-05,3.08634647800385e-05,4.74822535077515e-05,1.89929014031006e-05,2.37411267538757e-06,9.4964507015503e-06,3.3237577455426e-05,2.37411267538757e-06,1.42446760523254e-05,7.12233802616272e-06,2.37411267538757e-06,2.37411267538757e-06,0,1.89929014031006e-05,0,0.00018043256332945,9.4964507015503e-05,0.00033712399990503,0.00021129602810949,0.00010920918306782,4.03599154815888e-05,6.41010422354645e-05,6.88492675862396e-05,1.18705633769379e-05,1.18705633769379e-05,1.89929014031006e-05,2.61152394292633e-05,5.46045915339142e-05,0.00017331022530329,9.4964507015503e-06,3.08634647800385e-05,3.3237577455426e-05,0,0,5.46045915339142e-05,1.89929014031006e-05,0,0.00012107974644476,0.00019705135205716,4.51081408323639e-05,5.69787042093018e-05,1.42446760523254e-05,6.17269295600769e-05,2.37411267538757e-06,2.13670140784882e-05,2.37411267538757e-06,0,7.12233802616272e-06,1.42446760523254e-05,9.02162816647278e-05,4.74822535077515e-06,4.74822535077515e-06,2.37411267538757e-06,0,0,0,4.74822535077515e-06,1.89929014031006e-05,0,2.61152394292633e-05,2.37411267538757e-06,2.37411267538757e-06,2.37411267538757e-06,4.74822535077515e-06,7.35974929370148e-05,9.4964507015503e-06,2.37411267538757e-06,2.37411267538757e-06,0.00198950642197479,0.00037985802806201,0.00029676408442344,0.00019230312670639,0.00027539707034495,1.6618788727713e-05,0.0348377293986373,0.00037273569003584,0.00737874219510458,0.0511882433940315,0.00076209016879941,0.00013532442249709,9.4964507015503e-06,1.89929014031006e-05,2.13670140784882e-05,3.08634647800385e-05,7.12233802616272e-06,1.42446760523254e-05,7.12233802616272e-06,0.0002279148168372,0.00019230312670639,0.00242159492889533,7.35974929370148e-05,4.74822535077515e-06,0.0131668288976995,0.00079770185893022,6.17269295600769e-05,2.13670140784882e-05,0.00165950476009591,0.00059590228152228,0.00013057619714631,2.37411267538757e-06,0.00018043256332945,6.88492675862396e-05,0.0004012250421405,4.03599154815888e-05,4.74822535077515e-06,0.00040597326749127,1.18705633769379e-05,0.00054367180266375,6.88492675862396e-05,0.00171410935162983,0.00010920918306782,4.03599154815888e-05,1.6618788727713e-05,3.08634647800385e-05,9.4964507015503e-06,0,1.89929014031006e-05,4.74822535077515e-06,5.46045915339142e-05,0.00010683507039244,5.69787042093018e-05,2.37411267538757e-06,0
"mgm4625762","wood_fall",0.799693984554134,0.0131045838563662,0.00018906126684239,0.0280558126446813,0.00542781706783562,6.15548310649645e-05,3.95709628274772e-05,6.81499915362107e-05,1.97854814137386e-05,0.0021742045686875,4.39677364749747e-06,3.07774155324823e-05,0.00010991934118743,7.47451520074569e-05,1.31903209424924e-05,0.00014509353036741,0.00014509353036741,6.5951604712462e-05,0.00011871288848243,2.63806418849848e-05,9.01338597736981e-05,2.85790287087335e-05,4.39677364749747e-05,5.49596705937183e-05,2.19838682374873e-05,1.97854814137386e-05,4.17693496512259e-05,3.07774155324823e-05,8.79354729499493e-06,1.97854814137386e-05,1.31903209424924e-05,3.07774155324823e-05,8.79354729499493e-06,4.39677364749747e-06,8.79354729499493e-06,2.41822550612361e-05,3.2975802356231e-05,1.09919341187437e-05,3.51741891799797e-05,1.09919341187437e-05,2.19838682374873e-06,6.5951604712462e-06,4.17693496512259e-05,0,6.5951604712462e-06,6.5951604712462e-06,0,6.5951604712462e-06,0,0,0,0.00014289514354366,5.49596705937183e-05,0.00020884674825613,9.8927407068693e-05,6.5951604712462e-05,2.41822550612361e-05,3.95709628274772e-05,2.41822550612361e-05,6.5951604712462e-06,1.09919341187437e-05,4.39677364749747e-06,2.19838682374873e-05,1.53887077662411e-05,0.00013629998307242,0,1.97854814137386e-05,1.75870945899899e-05,8.79354729499493e-06,4.39677364749747e-06,4.83645101224721e-05,6.5951604712462e-06,0,8.79354729499493e-05,0.00012310966212992,1.97854814137386e-05,3.73725760037285e-05,6.5951604712462e-06,1.97854814137386e-05,0,2.41822550612361e-05,2.19838682374873e-06,2.19838682374873e-06,2.19838682374873e-06,2.19838682374873e-06,1.31903209424924e-05,1.09919341187437e-05,2.19838682374873e-06,8.79354729499493e-06,2.19838682374873e-06,0,0,1.09919341187437e-05,2.19838682374873e-06,0,2.19838682374873e-05,0,2.19838682374873e-06,0,6.5951604712462e-06,5.49596705937183e-05,0,2.19838682374873e-06,2.19838682374873e-06,0.00124428694224178,0.00016487901178115,0.00012091127530618,7.91419256549544e-05,0.00019785481413738,1.09919341187437e-05,0.00095409988150695,0.0001582838513099,0.0681236108943257,0.0604512408794427,0.00045946284616348,9.01338597736981e-05,2.19838682374873e-06,4.39677364749747e-06,1.53887077662411e-05,2.85790287087335e-05,4.39677364749747e-06,1.09919341187437e-05,2.19838682374873e-06,0.00014949030401491,8.79354729499493e-05,0.00314589154478444,5.05628969462209e-05,2.19838682374873e-06,0.00851874894202634,0.00036493221274229,5.71580574174671e-05,1.09919341187437e-05,0.00112117728011185,0.00037372576003728,4.17693496512259e-05,2.41822550612361e-05,7.69435388312057e-05,3.73725760037285e-05,6.81499915362107e-05,3.51741891799797e-05,0,0.00033195641038605,1.97854814137386e-05,0.00034954350497604,4.61661232987234e-05,0.00108820147775562,7.47451520074569e-05,1.53887077662411e-05,6.5951604712462e-06,1.09919341187437e-05,1.09919341187437e-05,0,2.19838682374873e-05,2.19838682374873e-06,2.41822550612361e-05,7.69435388312057e-05,1.75870945899899e-05,4.39677364749747e-06,0
"mgm4625763","wood_fall",0.502144130668959,0.00346132118963067,0.00014898645105452,0.0147499853790709,0.00182737109813143,3.33259166832479e-05,1.47026103014329e-05,5.12957737183326e-05,2.48310751757534e-05,0.00077564437456892,1.96034804019106e-06,1.69896830149891e-05,5.42362957786192e-05,3.10388439696917e-05,3.59397140701694e-06,7.28596021604342e-05,0.00011958123045165,3.46328153767086e-05,5.97906152258272e-05,4.57414542711246e-06,2.80983219094051e-05,8.49484150749457e-06,5.32561217585237e-05,1.1108638894416e-05,1.43758856280677e-05,1.60095089948936e-05,2.35241764822927e-05,9.14829085422493e-06,6.53449346730352e-07,4.24742075374729e-06,1.63362336682588e-06,2.61379738692141e-06,2.61379738692141e-06,9.80174020095528e-07,2.28707271355623e-06,1.17620882411463e-05,2.45043505023882e-05,4.90087010047764e-06,2.28707271355623e-05,2.28707271355623e-06,2.28707271355623e-06,1.96034804019106e-06,1.1108638894416e-05,1.63362336682588e-06,2.61379738692141e-06,2.94052206028658e-06,0,5.55431944720799e-06,0,1.63362336682588e-06,0,4.67216282912202e-05,2.35241764822927e-05,0.00010095792406983,6.27311372861138e-05,1.89500310551802e-05,6.53449346730352e-06,8.82156618085975e-06,5.88104412057317e-06,2.94052206028658e-06,3.59397140701694e-06,3.59397140701694e-06,7.18794281403387e-06,1.73164076883543e-05,1.92767557285454e-05,9.80174020095528e-07,7.51466748739905e-06,4.57414542711246e-06,2.61379738692141e-06,1.96034804019106e-06,2.87517712561355e-05,3.59397140701694e-06,6.53449346730352e-07,3.59397140701694e-05,0.00010520534482358,2.2217277788832e-05,3.88802361304559e-05,4.57414542711246e-06,3.79000621103604e-05,3.26724673365176e-07,8.1681168341294e-06,0,1.63362336682588e-06,2.28707271355623e-06,1.07819142210508e-05,3.43060907033435e-05,1.3068986934607e-06,5.88104412057317e-06,1.3068986934607e-06,3.92069608038211e-06,6.53449346730352e-07,0,9.4750155275901e-06,1.3068986934607e-05,3.59397140701694e-06,1.20888129145115e-05,5.55431944720799e-06,1.63362336682588e-06,3.26724673365176e-07,4.24742075374729e-06,9.80174020095528e-06,6.53449346730352e-07,1.63362336682588e-06,9.80174020095528e-07,0.00073382361637818,0.00012480882522549,0.00103996463532135,0.000116313983718,0.00010357172145676,3.29991920098828e-05,0.405826677134925,0.00015160024844144,0.0142282060757067,0.047387166450865,0.00026791423215944,0.00013820453683346,2.28707271355623e-06,7.51466748739905e-06,1.04551895476856e-05,1.1108638894416e-05,6.86121814066869e-06,1.56827843215284e-05,3.26724673365176e-06,9.99777500497438e-05,0.00014114505889375,0.0005113241138165,2.18905531154668e-05,1.63362336682588e-06,0.00207404822652214,0.0003714859536162,3.46328153767086e-05,4.90087010047764e-06,0.00081223753798582,0.00019897532607939,3.88802361304559e-05,7.84139216076422e-06,8.29880670347547e-05,1.24155375878767e-05,0.00015878819125547,1.17620882411463e-05,0,6.73052827132262e-05,3.92069608038211e-06,6.82854567333218e-05,6.53449346730352e-06,0.0003273781227119,1.47026103014329e-05,2.94052206028658e-06,4.90087010047764e-06,5.88104412057317e-06,1.63362336682588e-06,6.53449346730352e-07,6.20776879393834e-06,0,1.1108638894416e-05,1.50293349747981e-05,4.57414542711246e-06,1.3068986934607e-06,1.3068986934607e-06
"mgm4625764","wood_fall",0.76755661168577,0.0102750478484334,0.0003516053418206,0.0347723704866562,0.00447087159415927,7.95681813294338e-05,5.16117932947679e-05,9.99978495086127e-05,2.90316337283069e-05,0.00199027977892949,1.075245693641e-06,6.98909700866648e-05,0.00011075030644502,7.95681813294338e-05,1.2902948323692e-05,0.00010214834089589,0.00022365110427732,8.92453925722027e-05,0.00014300767725425,1.6128685404615e-05,0.00011827702630051,3.33326165028709e-05,0.00012150276338143,1.7203931098256e-05,1.7203931098256e-05,2.15049138728199e-05,4.83860562138449e-05,3.22573708092299e-05,7.52671985548698e-06,3.11821251155889e-05,8.60196554912798e-06,9.67721124276897e-06,2.15049138728199e-06,2.15049138728199e-06,1.6128685404615e-05,1.7203931098256e-05,2.15049138728199e-05,1.6128685404615e-05,4.94613019074859e-05,8.60196554912798e-06,8.60196554912798e-06,7.52671985548698e-06,2.79563880346659e-05,2.15049138728199e-06,1.1827702630051e-05,5.37622846820499e-06,1.075245693641e-06,1.5053439710974e-05,0,1.82791767918969e-05,0,9.67721124276897e-05,6.98909700866648e-05,0.00024945700092471,9.46216210404077e-05,5.59127760693318e-05,1.82791767918969e-05,6.23642502311778e-05,6.02137588438958e-05,7.52671985548698e-06,1.1827702630051e-05,7.52671985548698e-06,1.93544224855379e-05,4.19345820519989e-05,8.60196554912798e-05,4.30098277456399e-06,1.5053439710974e-05,1.93544224855379e-05,6.45147416184598e-06,3.22573708092299e-06,6.88157243930238e-05,1.6128685404615e-05,0,0.00011720178060686,0.00022150061289004,3.87088449710759e-05,3.33326165028709e-05,2.15049138728199e-06,5.69880217629728e-05,2.15049138728199e-06,1.3978194017333e-05,2.15049138728199e-06,8.60196554912798e-06,1.075245693641e-06,1.5053439710974e-05,7.31167071675878e-05,1.075245693641e-06,1.1827702630051e-05,1.075245693641e-06,1.075245693641e-06,1.075245693641e-06,0,1.075245693641e-05,1.075245693641e-05,0,9.67721124276897e-06,1.075245693641e-06,3.22573708092299e-06,0,2.15049138728199e-06,3.01068794219479e-05,1.075245693641e-06,8.60196554912798e-06,4.30098277456399e-06,0.00132685318595299,0.00030859551407496,0.00070321068364121,0.00014515816864153,0.00026128470355476,5.59127760693318e-05,0.0629814412593278,0.00034300337627147,0.0132567041568999,0.0833551966624374,0.00062364250231177,0.00016773832820799,4.30098277456399e-06,3.44078621965119e-05,5.69880217629728e-05,1.93544224855379e-05,3.22573708092299e-06,9.67721124276897e-06,9.67721124276897e-06,0.00016451259112707,0.00026343519494204,0.00168598524762908,7.52671985548698e-05,1.075245693641e-06,0.00633749811832004,0.00065159889034644,0.00010429883228317,2.25801595664609e-05,0.00149351626846734,0.0004408507343928,8.17186727167158e-05,1.5053439710974e-05,0.00015806111696522,6.12890045375368e-05,0.00024623126384378,2.68811423410249e-05,1.075245693641e-06,0.0002204253671964,6.45147416184598e-06,0.0002204253671964,3.22573708092299e-05,0.00088492720586654,4.62355648265629e-05,1.075245693641e-05,7.52671985548698e-06,5.37622846820499e-06,2.15049138728199e-06,1.075245693641e-06,1.3978194017333e-05,3.22573708092299e-06,4.94613019074859e-05,4.19345820519989e-05,2.47306509537429e-05,5.37622846820499e-06,4.30098277456399e-06
"mgm4625765","wood_fall",0.450172827607936,0.00992113871616425,0.00060790836893365,0.0424868641751073,0.00391063005625006,0.00012788316297689,4.26277209922992e-05,7.59885461167073e-05,0.00012232302545616,0.0017959244191973,1.11202750414694e-05,8.52554419845984e-05,6.48682710752379e-05,8.34020628110202e-05,7.41351669431291e-06,5.37479960337686e-05,0.00032434135537619,0.00012417640462974,0.00024279267173874,1.48270333886258e-05,7.41351669431291e-05,2.22405500829387e-05,0.00036326231802133,2.22405500829387e-05,2.59473084300952e-05,5.7454754380925e-05,6.67216502488162e-05,7.41351669431291e-06,3.70675834715645e-06,1.6680412562204e-05,1.85337917357823e-06,9.26689586789113e-06,0,0,1.11202750414694e-05,1.29736542150476e-05,1.29736542150476e-05,1.85337917357823e-05,7.96953044638637e-05,5.56013752073468e-06,0,5.56013752073468e-06,1.29736542150476e-05,1.85337917357823e-06,2.59473084300952e-05,7.41351669431291e-06,0,1.29736542150476e-05,0,0,0,0.00016865750479561,2.78006876036734e-05,0.00028356701355746,0.00025205956760663,5.7454754380925e-05,1.29736542150476e-05,4.0774341818721e-05,1.6680412562204e-05,7.41351669431291e-06,1.48270333886258e-05,1.6680412562204e-05,5.37479960337686e-05,0.00010378923372038,2.40939292565169e-05,1.85337917357823e-06,1.85337917357823e-05,1.29736542150476e-05,2.03871709093605e-05,5.56013752073468e-06,0.00013900343801836,9.26689586789113e-06,9.26689586789113e-06,5.37479960337686e-05,0.0002038717090936,0.00010749599206753,0.00010378923372038,9.26689586789113e-06,6.11615127280815e-05,1.85337917357823e-06,1.48270333886258e-05,0,9.26689586789113e-06,1.85337917357823e-06,4.81878585130339e-05,0.00025391294678021,2.03871709093605e-05,3.89209626451428e-05,0,3.70675834715645e-06,1.85337917357823e-06,0,6.67216502488162e-05,0.00011120275041469,7.41351669431291e-06,5.56013752073468e-06,5.56013752073468e-06,0,0,2.22405500829387e-05,1.48270333886258e-05,3.70675834715645e-06,7.41351669431291e-06,0,0.0023148705877992,0.0003484352846327,0.00096561054943425,0.00054489347703199,0.00025761970512737,0.00011676288793542,0.307507112342579,0.00082290035306873,0.0163579245860014,0.138703190592247,0.00090074227835901,0.00037252921388922,1.85337917357823e-05,0.00012417640462974,5.56013752073468e-05,5.37479960337686e-05,1.85337917357823e-06,5.93081335545032e-05,7.41351669431291e-06,0.00022796563835012,0.00052635968529621,0.0011064673666262,5.18946168601903e-05,1.85337917357823e-05,0.00459452697130042,0.00098043758282288,0.00016309736727488,8.34020628110202e-05,0.0009785842036493,0.00062458878149586,5.56013752073468e-05,2.03871709093605e-05,0.00040589003901363,5.37479960337686e-05,0.00571211461296809,2.03871709093605e-05,1.85337917357823e-06,0.00017421764231635,0,0.00012973654215047,7.41351669431291e-06,0.0008080733196801,2.40939292565169e-05,3.70675834715645e-06,3.70675834715645e-06,1.85337917357823e-06,5.56013752073468e-06,0,3.70675834715645e-06,1.85337917357823e-06,1.48270333886258e-05,2.78006876036734e-05,0,3.70675834715645e-06,0
"mgm4625766","wood_fall",0.0963158010021733,0.00113825940294092,5.902245648011e-05,0.00371809105190426,0.00046592132921593,8.20056068096593e-06,6.47412685339415e-06,2.00697932455219e-05,5.7188120538315e-06,0.00017523303349853,0,4.63979091159914e-06,1.3271960049458e-05,1.5537904448146e-05,1.18692325645559e-06,1.25166452498954e-05,2.4709584157121e-05,8.63216913785887e-06,1.25166452498954e-05,3.23706342669708e-06,8.84797336630534e-06,3.34496554092031e-06,7.2294416529568e-06,3.56076976936678e-06,4.96349725426885e-06,4.42398668315267e-06,6.15042051072444e-06,2.48174862713443e-06,3.23706342669708e-07,2.37384651291119e-06,8.63216913785887e-07,9.71119028009123e-07,2.15804228446472e-07,3.0212591982506e-06,1.07902114223236e-06,3.23706342669708e-06,1.29482537067883e-06,3.77657399781326e-06,2.80545496980413e-06,1.83433594179501e-06,1.18692325645559e-06,3.23706342669708e-07,3.23706342669708e-06,1.07902114223236e-07,8.63216913785887e-07,6.47412685339415e-07,1.07902114223236e-07,2.05014017024148e-06,0,1.40272748490207e-06,0,1.23008410214489e-05,7.76895222407298e-06,2.91335708402737e-05,1.39193727347974e-05,7.87685433829622e-06,2.58965074135766e-06,5.93461628227797e-06,2.48174862713443e-06,9.71119028009123e-07,5.39510571116179e-07,5.39510571116179e-07,2.6975528555809e-06,3.12916131247384e-06,7.2294416529568e-06,2.15804228446472e-07,1.94223805601825e-06,3.88447611203649e-06,2.80545496980413e-06,3.34496554092031e-06,6.47412685339415e-06,5.82671416805474e-06,1.07902114223236e-06,6.47412685339415e-06,1.8774967874843e-05,4.2081824547062e-06,5.17930148271532e-06,5.39510571116179e-07,6.9057353102871e-06,8.63216913785887e-07,1.40272748490207e-06,0,7.55314799562651e-07,6.47412685339415e-07,7.55314799562651e-07,5.50300782538503e-06,4.31608456892944e-07,8.63216913785887e-07,1.07902114223236e-07,4.31608456892944e-07,0,1.83433594179501e-06,3.66867188359002e-06,7.55314799562651e-07,1.07902114223236e-07,3.66867188359002e-06,9.71119028009123e-07,6.47412685339415e-07,0,3.23706342669708e-07,2.05014017024148e-06,2.15804228446472e-07,2.15804228446472e-07,4.31608456892944e-07,0.00015980303116461,4.03553907194902e-05,8.43794533225705e-05,2.25515418726563e-05,2.98888856398363e-05,7.76895222407298e-06,0.879301234540459,4.12186076332761e-05,0.00246761345017118,0.0142248436201634,7.21865144153448e-05,3.59314040363375e-05,1.07902114223236e-07,7.55314799562651e-06,2.6975528555809e-06,2.37384651291119e-06,6.47412685339415e-07,8.63216913785887e-07,1.72643382757177e-06,2.90256687260505e-05,5.00665809995814e-05,0.00014102806328976,7.87685433829622e-06,3.12916131247384e-06,0.00050314755862294,8.61058871501422e-05,1.40272748490207e-05,3.88447611203649e-06,0.00011049176496459,3.87368590061417e-05,8.95587548052858e-06,6.47412685339415e-06,1.59695129050389e-05,8.84797336630534e-06,2.68676264415857e-05,2.15804228446472e-06,1.07902114223236e-07,2.34147587864422e-05,9.71119028009123e-07,2.30910524437725e-05,2.26594439868795e-06,9.82988260573679e-05,4.74769302582238e-06,1.07902114223236e-06,1.18692325645559e-06,1.07902114223236e-06,2.15804228446472e-07,1.07902114223236e-07,1.07902114223236e-06,0,3.56076976936678e-06,3.0212591982506e-06,1.29482537067883e-06,5.39510571116179e-07,2.15804228446472e-07
