"samples","Pseudomonadota","Actinomycetota","Chloroflexota","Bacillota","Cyanobacteriota","Candidatus Melainabacteria","Candidatus Margulisbacteria","Deinococcota","Armatimonadota","Mycoplasmatota","Thermomicrobiota","Candidatus Kaiserbacteria","Candidatus Nomurabacteria","Candidatus Yanofskybacteria","Candidatus Azambacteria","Candidatus Falkowbacteria","Candidatus Magasanikbacteria","Candidatus Nealsonbacteria","Candidatus Uhrbacteria","Candidatus Giovannonibacteria","Candidatus Moranbacteria","Candidatus Zambryskibacteria","Candidatus Staskawiczbacteria","Candidatus Wolfebacteria","Candidatus Harrisonbacteria","Candidatus Taylorbacteria","Candidatus Buchananbacteria","Candidatus Portnoybacteria","Candidatus Adlerbacteria","Candidatus Sungbacteria","Candidatus Jorgensenbacteria","Candidatus Liptonbacteria","Candidatus Tagabacteria","Candidatus Ryanbacteria","Candidatus Wildermuthbacteria","Candidatus Komeilibacteria","Candidatus Kuenenbacteria","Candidatus Lloydbacteria","Candidatus Kerfeldbacteria","Candidatus Terrybacteria","Candidatus Yonathbacteria","Candidatus Niyogibacteria","Candidatus Campbellbacteria","Candidatus Colwellbacteria","Candidatus Vogelbacteria","Candidatus Spechtbacteria","Candidatus Brennerbacteria","Candidatus Andersenbacteria","Candidatus Jacksonbacteria","Candidatus Parcubacteria","Candidatus Veblenbacteria","Candidatus Woesebacteria","Candidatus Gottesmanbacteria","Candidatus Roizmanbacteria","Candidatus Levybacteria","Candidatus Daviesbacteria","Candidatus Curtissbacteria","Candidatus Shapirobacteria","Candidatus Beckwithbacteria","Candidatus Amesbacteria","Candidatus Chisholmbacteria","Candidatus Collierbacteria","Candidatus Woykebacteria","Candidatus Pacebacteria","Candidatus Blackburnbacteria","Candidatus Microgenomates","Candidatus Gracilibacteria","candidate division NC10","Candidatus Rokubacteria","Candidatus Handelsmanbacteria","Candidatus Schekmanbacteria","Candidatus Aminicenantes","Candidatus Glassbacteria","candidate division WWE3","Candidatus Peregrinibacteria","Candidatus Doudnabacteria","Candidatus Berkelbacteria","Candidatus Gribaldobacteria","Candidatus Saccharibacteria","Candidatus Eisenbacteria","Candidatus Desantisbacteria","Candidatus Edwardsbacteria","Candidatus Lindowbacteria","Candidatus Ratteibacteria","Candidatus Dadabacteria","Candidatus Firestonebacteria","Candidatus Raymondbacteria","Candidatus Riflebacteria","Candidatus Wallbacteria","candidate division CPR1","Candidatus Coatesbacteria","Candidatus Bipolaricaulota","Candidatus Blackallbacteria","candidate division CPR2","Candidatus Fraserbacteria","Candidatus Fischerbacteria","Candidatus Sumerlaeota","candidate division WOR-3","Candidatus Wirthbacteria","Candidatus Abawacabacteria","Candidatus Absconditabacteria","candidate division CPR3","Candidatus Delongbacteria","Candidatus Calescamantes","Planctomycetota","Candidatus Omnitrophica","Verrucomicrobiota","Lentisphaerota","Chlamydiota","Kiritimatiellota","Thermodesulfobacteriota","Nitrospirota","Campylobacterota","Bacteroidota","Ignavibacteriota","Chlorobiota","Balneolota","Gemmatimonadota","candidate division Zixibacteria","Candidatus Marinimicrobia","Candidatus Hydrogenedentes","Fibrobacterota","Candidatus Cloacimonetes","Elusimicrobiota","Acidobacteriota","Myxococcota","Nitrospinota","Candidatus Tectomicrobia","Spirochaetota","Bdellovibrionota","Synergistota","Caldisericota","Fusobacteriota","Thermotogota","Atribacterota","Chrysiogenota","Aquificota","Calditrichota","Deferribacterota","Dictyoglomota","Coprothermobacterota","Nitrososphaerota","Candidatus Bathyarchaeota","Thermoproteota","Candidatus Korarchaeota","Euryarchaeota","Candidatus Woesearchaeota","Nanoarchaeota","Candidatus Micrarchaeota","Candidatus Diapherotrites","Candidatus Altiarchaeota","Candidatus Aenigmarchaeota","Candidatus Huberarchaea","Candidatus Nanohaloarchaeota","Candidatus Thermoplasmatota","Candidatus Heimdallarchaeota","Candidatus Lokiarchaeota","Candidatus Odinarchaeota","Candidatus Thorarchaeota"
"mgm4612434",0.174564898145852,0.116607954493629,0.00463149847451583,0.237366524112789,0.00651939516880872,0.00035615489322671,5.19701898990739e-05,0.00289993659636832,0.00075261319902822,0.00263563105916732,0.00013872858854691,0.00039942803093859,0.00023991136643205,0.0001752137830883,5.06974505546068e-05,0.00034533660879874,0.00045542856209515,0.0001005464082129,0.00038585214459761,8.46371664070632e-05,0.00032454853283911,7.44552516513263e-05,5.96066259658766e-05,0.00010775859783154,5.1758066674996e-05,7.95462090291947e-05,0.00012430420930962,8.14553180458954e-05,5.87581330695652e-05,9.43948347146444e-05,7.78492232365719e-05,9.10008631293988e-05,2.43941707689531e-05,5.43035453639303e-05,3.83943035580913e-05,9.14251095775545e-05,3.37275926283786e-05,7.29703890827813e-05,6.44854601196672e-05,4.09397822470256e-05,5.34550524676189e-05,2.90608816986658e-05,3.79700571099356e-05,3.16063603876e-05,4.00912893507141e-05,3.60609480932349e-05,2.96972513708994e-06,2.14244456318631e-05,3.18184836116779e-06,8.69705218719196e-06,4.24246448155705e-07,0.00019897158418502,0.00022485061752252,0.00029654826726083,0.00015484995357683,9.12129863534766e-05,9.39705882664887e-05,7.12734032901585e-05,7.16976497383142e-05,5.43035453639303e-05,2.20608153040967e-05,0.00010669798171116,6.00308724140323e-05,8.97281237849317e-05,1.12425308761262e-05,1.18789005483597e-05,2.82123888023544e-05,0.00021360808664639,0.00054706579489678,0.00015951666450654,9.65160669554229e-05,0.00085188686789665,9.39705882664887e-05,0.00016269851286771,0.00064761220310968,0.00011497078745019,0.00014403166914886,1.31516398928269e-05,0.00050400478040897,0.00010266764045368,0.00010500099591853,0.00016036515740285,7.84855929088055e-05,2.60911565615759e-05,3.09699907153665e-05,0.00010075853143698,8.65462754237639e-05,9.31220953701773e-05,8.10310715977397e-05,9.96979153165907e-06,7.72128535643384e-05,3.69094409895464e-05,3.92427964544027e-05,1.84547204947732e-05,1.97274598392403e-05,1.8666843718851e-05,3.26669765079893e-05,1.18789005483597e-05,3.20306068357557e-05,1.67577347021504e-05,0.00012387996286146,7.00006639456914e-06,3.79700571099356e-05,2.33335546485638e-06,0.0071996743484264,0.0014184679994086,0.00408952363699692,0.00237641647934418,0.00028148751835131,0.00038373091235683,0.0139799810828509,0.00146216538356864,0.00261505510643177,0.242228388408654,0.000844674678278,0.0012086781307956,9.58796972831894e-05,0.00076746182471367,0.00017415316696791,0.00012281934674107,2.0151706287396e-05,0.108107964781605,2.31214314244859e-05,0.00319606061718101,0.00360418570030679,0.00455937657832936,0.00019706247516832,8.7819014768231e-05,0.0107854053282384,0.00071994622252023,0.0029595432223342,2.39699243207973e-05,0.00084340193893354,0.00065249103726347,7.06370336179249e-05,9.01523702330874e-05,0.00017097131860674,0.00010775859783154,0.00023757801096719,3.457608552469e-05,1.42122560132161e-05,0.00014191043690808,3.35154694043007e-05,0.00016715310057334,2.75760191301208e-06,0.0249533275876223,6.34248439992779e-05,6.57581994641343e-06,5.06974505546068e-05,1.50607489095275e-05,6.78794317049128e-06,2.33335546485638e-06,4.24246448155705e-07,8.4849289631141e-07,0.00158562109998195,2.84245120264323e-05,2.20608153040967e-05,2.12123224077853e-06,2.33335546485638e-06
"mgm4482714",0.0472744792821376,0.0507374646461549,0.00093410705803333,0.787625726947163,0.00257874417148801,5.08023136825146e-05,1.4046722677193e-05,0.00056936049251555,9.94976189634502e-05,0.00151447081664602,2.17724201496491e-05,0.00015943030238614,9.64541623833917e-05,5.54845545749122e-05,1.84948515249707e-05,0.00021631952922877,0.00018096861049116,4.07354957638596e-05,0.0001814368345804,4.63541848347368e-05,0.00011331022959602,3.7926151228421e-05,2.55182128635672e-05,2.62205489974269e-05,5.12705377717543e-05,2.97322296667251e-05,8.26415517508186e-05,4.09696078084795e-05,1.87289635695906e-05,3.72238150945614e-05,4.05013837192397e-05,2.50499887743275e-05,1.8026627435731e-05,1.91971876588304e-05,1.89630756142105e-05,3.65214789607017e-05,1.54513949449123e-05,1.63878431233918e-05,3.74579271391812e-05,1.38126106325731e-05,9.36448178479531e-06,5.15046498163742e-06,1.17056022309941e-05,1.10032660971345e-05,1.66219551680117e-05,9.13036974017543e-06,0,2.73911092205263e-05,7.02336133859648e-07,7.02336133859648e-07,2.34112044619883e-07,0.00012735695227321,7.983220721538e-05,0.00014046722677193,8.89625769555555e-05,8.33438878846783e-05,5.33775461733333e-05,3.37121344252631e-05,6.36784761366081e-05,6.62537086274268e-05,9.13036974017543e-06,2.94981176221052e-05,6.46149243150877e-05,2.45817646850877e-05,1.94312997034503e-05,1.17056022309941e-06,1.24079383648538e-05,4.1906055986959e-05,0.00011120322119444,1.49831708556725e-05,4.7992969147076e-05,7.91298710815204e-05,1.07691540525146e-05,5.43139943518128e-05,0.0001896307561421,4.05013837192397e-05,7.21065097429239e-05,1.63878431233918e-06,0.00040665262150473,1.54513949449123e-05,3.09027898898245e-05,1.5919619034152e-05,7.02336133859648e-06,2.80934453543859e-06,1.12373781417544e-05,2.90298935328655e-05,3.62873669160818e-05,2.01336358373099e-05,2.31770924173684e-05,3.04345658005848e-06,1.33443865433333e-05,7.49158542783625e-06,1.61537310787719e-05,6.08691316011695e-06,5.3845770262573e-06,1.56855069895321e-05,1.24079383648538e-05,7.49158542783625e-06,8.66214565093566e-06,2.80934453543859e-06,8.42803360631578e-06,3.27756862467836e-06,6.55513724935672e-06,1.17056022309941e-06,0.00120989104659555,0.00044715400522397,0.00085614774717491,0.00021936298580883,0.00015404572535988,4.35448402992982e-05,0.00641630880689713,0.00041508065511105,0.00139156199322058,0.0855363471825435,0.00030668677845204,0.00040337505288005,2.3879428551228e-05,0.0001072233164359,3.51168066929824e-05,7.02336133859648e-05,9.13036974017543e-06,0.00010769154052514,4.68224089239766e-06,0.00056584881184625,0.00071872397698304,0.00056561469980163,7.3979406099883e-05,1.42808347218129e-05,0.00146179560660655,0.0002249816748797,0.00033243910336023,1.07691540525146e-05,0.00096173227929847,0.00033454611176181,5.89962352442105e-05,2.87957814882456e-05,5.61868907087719e-05,3.04345658005848e-05,6.04009075119298e-05,5.85280111549707e-05,4.91635293701754e-06,9.76247226064911e-05,4.21401680315789e-06,0.00011096910914982,0,0.00086480989282584,1.24079383648538e-05,1.4046722677193e-06,6.55513724935672e-06,1.0066817918655e-05,3.74579271391812e-06,4.68224089239766e-07,4.68224089239766e-07,2.34112044619883e-07,2.5986436952807e-05,4.42471764331578e-05,4.44812884777777e-06,0,2.34112044619883e-07
"mgm4483800",0.0962426963491968,0.122445304149233,0.00208960832377685,0.422997470858409,0.00419917330752921,0.00011438573400595,2.38506424097521e-05,0.00115602603516656,0.00027257877039716,0.00134926491346598,5.98699799265205e-05,0.00033244875032368,0.00019031839147373,0.0001484580803056,5.84097365136786e-05,0.00025456910163878,0.00036700784442761,8.27471267277113e-05,0.00027841974404853,6.57109535778884e-05,0.00020492082560215,6.61977013821691e-05,5.74362409051173e-05,4.91615282323461e-05,7.00916838164143e-05,6.42507101650464e-05,0.00013288215056861,0.00011535922961451,3.99133199510137e-05,8.56676135533953e-05,6.08434755350819e-05,6.37639623607658e-05,1.80096687583842e-05,3.06651116696813e-05,3.55325897124878e-05,3.89398243424524e-05,2.92048682568393e-05,3.45590941039265e-05,4.91615282323461e-05,3.9426572146733e-05,3.84530765381717e-05,1.16819473027357e-05,4.38073023852589e-05,2.23903989969101e-05,6.37639623607658e-05,3.50458419082072e-05,6.32772145564851e-06,4.67277892109429e-05,4.86747804280655e-07,2.92048682568393e-06,4.86747804280655e-07,0.00016306051443401,0.00014943157591416,0.0001835039222138,0.00011341223839739,8.61543613576759e-05,9.24820828133244e-05,6.13302233393625e-05,7.44724140549402e-05,5.20820150580301e-05,3.84530765381717e-05,5.84097365136786e-05,5.25687628623107e-05,4.81880326237848e-05,1.65494253455423e-05,1.94699121712262e-06,3.30988506910845e-05,9.15085872047631e-05,0.00034851142786494,4.57542936023816e-05,5.25687628623107e-05,0.00020297383438503,1.94699121712262e-05,0.00015137856713128,0.00045072846676388,9.63760652475697e-05,0.00011341223839739,3.89398243424524e-06,0.00143590602262793,5.01350238409075e-05,8.76146047705179e-05,4.86747804280655e-05,3.11518594739619e-05,1.46024341284196e-06,2.43373902140327e-05,5.06217716451881e-05,5.6462745296556e-05,5.5002501883714e-05,3.69928331253298e-05,9.24820828133244e-06,3.26121028868039e-05,1.75229209541036e-05,3.35855984953652e-05,1.70361731498229e-05,3.40723462996458e-06,2.09301555840682e-05,6.32772145564851e-06,2.14169033883488e-05,2.57976336268747e-05,3.40723462996458e-06,2.87181204525586e-05,9.7349560856131e-06,1.70361731498229e-05,1.46024341284196e-06,0.00294969169394077,0.00084061345799269,0.00243179203018615,0.00053055510666591,0.00016695449686826,9.63760652475697e-05,0.0131762630618773,0.0008075146073016,0.00195769966881679,0.302778064418151,0.00059577931243952,0.00101097518949092,9.00483437919211e-05,0.0003120053425439,0.00015575929736981,0.00010367728231177,1.80096687583842e-05,0.00015137856713128,5.84097365136786e-06,0.00135413239150878,0.00159117857219346,0.00167733293355114,0.00014359060226279,4.62410414066622e-05,0.00290929162618547,0.00049648276036626,0.00069702285572989,1.16819473027357e-05,0.00072282048935677,0.00033342224593224,6.47374579693271e-05,0.00010319053450749,0.00011438573400595,6.7657944795011e-05,0.00014894482810988,4.13735633638557e-05,3.40723462996458e-06,9.10218394004825e-05,7.78796486849048e-06,9.5889317443289e-05,0,0.00174061014810762,3.84530765381717e-05,3.40723462996458e-06,1.94699121712262e-05,4.38073023852589e-06,3.40723462996458e-06,1.94699121712262e-06,7.30121706420982e-06,1.46024341284196e-06,2.87181204525586e-05,2.04434077797875e-05,1.31421907155777e-05,0,1.94699121712262e-06
"mgm4483883",0.0789808869892645,0.0742157344519827,0.00168754644362997,0.587786042216718,0.00374519781633966,8.95348602121522e-05,2.64065947169481e-05,0.00084418582485743,0.00022074262771198,0.0015505622335358,1.81545338679018e-05,0.00028015746582512,0.00014894969832528,0.000116766661014,5.9002235070681e-05,0.00016834204132054,0.00035153779216937,6.5603883749918e-05,0.00021661659728746,5.24005863914439e-05,0.00023765935245253,5.36383955188009e-05,4.3323319457493e-05,4.12603042452314e-05,6.60164867923703e-05,6.39534715801087e-05,8.91222571696999e-05,5.7764425943324e-05,3.50712586084467e-05,7.63315628536782e-05,5.98274411555856e-05,3.96098920754222e-05,1.77419308254495e-05,3.34208464386375e-05,4.3323319457493e-05,4.29107164150407e-05,3.05326251414713e-05,4.74493498820162e-05,3.42460525235421e-05,2.14553582075204e-05,3.46586555659944e-05,8.25206084904629e-06,2.84696099292097e-05,1.81545338679018e-05,3.05326251414713e-05,1.48537095282833e-05,0,1.81545338679018e-05,2.06301521226157e-06,1.65041216980926e-06,4.12603042452314e-07,0.0001081019971225,0.00013203297358474,0.00021207796382049,8.6646638914986e-05,7.55063567687735e-05,8.37584176178198e-05,2.80570068867574e-05,1.85671369103542e-05,2.43435795046866e-05,3.05326251414713e-05,2.68191977594004e-05,1.81545338679018e-05,5.1162777264087e-05,3.38334494810898e-05,6.18904563678472e-06,2.84696099292097e-05,7.26181354716073e-05,0.00025292566502326,5.19879833489916e-05,3.75468768631606e-05,0.0001435858587734,3.09452281839236e-05,0.00011305323363193,0.00031440351834866,7.79819750234874e-05,8.62340358725337e-05,2.47561825471389e-06,0.00029336076318359,3.21830373112805e-05,5.7764425943324e-05,3.83720829480652e-05,1.93923429952588e-05,5.36383955188009e-06,1.27906943160217e-05,4.70367468395638e-05,4.3323319457493e-05,3.34208464386375e-05,4.12603042452314e-05,9.48986997640323e-06,1.56789156131879e-05,6.60164867923703e-06,2.18679612499727e-05,6.60164867923703e-06,5.7764425943324e-06,6.14778533253949e-05,6.18904563678472e-06,3.30082433961852e-06,1.77419308254495e-05,6.18904563678472e-06,1.81545338679018e-05,3.71342738207083e-06,1.85671369103542e-05,2.06301521226157e-06,0.0019780189855164,0.00071669148473967,0.00161822913249798,0.00048604638400882,0.00018113273563656,7.71567689385828e-05,0.0128047228194651,0.00071999230907928,0.0020229927171437,0.212132427422093,0.00049099762051825,0.00073897204903209,6.18904563678472e-05,0.0002058889181837,0.00012378091273569,7.17929293867027e-05,8.6646638914986e-06,9.57239058489369e-05,7.42685476414166e-06,0.00099354812622517,0.00112640630589482,0.0010962862837958,0.00012955735533002,2.84696099292097e-05,0.00270172472197775,0.00043983484325416,0.00047903213228713,1.52663125707356e-05,0.00095930207370163,0.00035442601346653,4.49737316273023e-05,5.52888076886101e-05,0.00011924227926871,6.64290898348226e-05,0.00015596395004697,7.09677233017981e-05,1.32032973584741e-05,5.98274411555856e-05,6.60164867923703e-06,8.33458145753675e-05,0,0.00137809416179073,4.90997620518254e-05,2.47561825471389e-06,1.56789156131879e-05,4.95123650942777e-06,1.11402821462125e-05,4.12603042452314e-07,0,4.12603042452314e-07,4.86871590093731e-05,3.71342738207083e-05,1.77419308254495e-05,0,0
"mgm4483943",0.0813283644562708,0.0798923818375663,0.00079687329962332,0.733982258160104,0.00152188551910441,4.31579475566923e-05,1.11508572634516e-05,0.00040411532712175,9.64342655931833e-05,0.00140356253369779,2.25082118836338e-05,0.00011047608585086,7.00026039316684e-05,6.21557043759061e-05,1.75522753220997e-05,8.32184347624258e-05,0.00014826510213256,3.3865566503816e-05,0.00010139020215471,2.64316616615149e-05,7.14480854287825e-05,3.01486140826654e-05,2.16822224567114e-05,1.73457779653692e-05,2.2921206597095e-05,4.70813973345734e-05,3.3865566503816e-05,5.18308365393769e-05,1.61067938249856e-05,2.23017145269032e-05,1.50743070413327e-05,1.4454814971141e-05,5.98842334518697e-06,1.85847621057527e-05,1.52808043980633e-05,1.6932783251908e-05,1.52808043980633e-05,1.15638519769128e-05,2.31277039538255e-05,1.92042541759444e-05,1.19768466903739e-05,1.32158308307575e-05,1.6932783251908e-05,5.78192598845639e-06,2.5399174877862e-05,7.84689955576224e-06,1.03248678365293e-06,1.25963387605657e-05,2.06497356730585e-07,2.47796828076702e-06,0,6.33946885162896e-05,5.49282968903357e-05,9.54017788095304e-05,5.80257572412944e-05,4.06799792759253e-05,2.89096299422819e-05,2.33342013105561e-05,1.59002964682551e-05,2.16822224567114e-05,7.22740748557048e-06,2.35406986672867e-05,1.65197885384468e-05,2.04432383163279e-05,5.5754286317258e-06,4.1299471346117e-06,1.28028361172963e-05,4.7287894691304e-05,8.42509215460787e-05,1.92042541759444e-05,3.57240427143912e-05,5.5754286317258e-05,1.54873017547939e-05,5.43088048201439e-05,0.00014909109155948,3.6343534784583e-05,5.34828153932216e-05,2.06497356730585e-06,0.00032110338971606,1.01183704797987e-05,2.82901378720902e-05,1.23898414038351e-05,1.40418202576798e-05,6.19492070191756e-06,7.64040219903165e-06,2.74641484451678e-05,3.84085083518888e-05,2.27147092403644e-05,1.75522753220997e-05,1.4454814971141e-06,9.7053757663375e-06,1.21833440471045e-05,1.40418202576798e-05,4.74943920480346e-06,9.7053757663375e-06,8.25989426922341e-06,3.09746035095878e-06,1.54873017547939e-05,4.54294184807287e-06,2.47796828076702e-06,1.3422328187488e-05,2.27147092403644e-06,8.05339691249282e-06,1.03248678365293e-06,0.00110290238229806,0.00035971839542467,0.00072480572212435,0.00015342753605082,8.71418845403069e-05,3.13875982230489e-05,0.00678570963952376,0.00034960002494488,0.00092469516343956,0.0810105650242624,0.00025419824613535,0.00028310787607763,1.83782647490221e-05,9.12718316749186e-05,4.52229211239982e-05,4.21254607730394e-05,1.54873017547939e-05,7.35130589960883e-05,3.92344977788112e-06,0.00038532406765927,0.00055527139224854,0.00061784009133791,4.83203814749569e-05,1.9410751532675e-05,0.00131559465973056,0.00021826770606422,0.00028310787607763,9.91187312306809e-06,0.00047184646012938,0.00018667361048444,3.20070902932407e-05,2.23017145269032e-05,6.75246356509014e-05,2.72576510884372e-05,7.5165037849933e-05,1.36288255442186e-05,3.71695242115053e-06,3.34525717903548e-05,1.23898414038351e-06,4.66684026211122e-05,0,0.00072955516132915,1.87912594624833e-05,1.23898414038351e-06,7.84689955576224e-06,2.27147092403644e-06,3.71695242115053e-06,0,0,4.1299471346117e-07,2.00302436028668e-05,1.07378625499904e-05,7.64040219903165e-06,2.06497356730585e-07,2.06497356730585e-07
"mgm4484670",0.0502980321901811,0.0572504845966575,0.00094144878663152,0.767672448564209,0.00252055543146938,6.50480959559669e-05,2.33147297333215e-05,0.0003839935987078,0.00010748090407061,0.0020202213313923,1.56208689213254e-05,0.00014478447164392,9.09274459599537e-05,8.5798205418623e-05,1.11910702719943e-05,0.00016180422434925,0.00019887464462523,2.2848435138655e-05,9.48909500146183e-05,3.45058000053158e-05,0.00022895064598121,2.40141716253211e-05,2.14495513546557e-05,2.21489932466554e-05,7.83374919039601e-05,2.26152878413218e-05,9.11605932572869e-05,4.26659554119783e-05,1.32893959479932e-05,2.35478770306547e-05,4.49974283853104e-05,1.56208689213254e-05,8.62645000132894e-06,2.65787918959865e-05,1.6320310813325e-05,2.26152878413218e-05,1.04916283799947e-05,1.305624865066e-05,3.33400635186497e-05,3.77698621679808e-05,1.91180783813236e-05,1.07247756773279e-05,1.00253337853282e-05,3.96350405466465e-06,1.49214270293257e-05,1.28231013533268e-05,4.66294594666429e-07,7.22756621732965e-06,1.16573648666607e-06,6.99441891999644e-07,0,0.00010491628379994,6.15508864959687e-05,0.00014408502975192,4.15002189253122e-05,2.05169621653229e-05,3.75367148706475e-05,3.264062162665e-05,1.18905121639939e-05,2.26152878413218e-05,8.62645000132894e-06,9.09274459599537e-06,3.35732108159829e-05,5.26912891973065e-05,4.87277851426418e-05,6.99441891999644e-07,1.16573648666607e-05,3.45058000053158e-05,0.00015177889056392,2.02838148679897e-05,5.01266689266411e-05,6.83121581186319e-05,7.22756621732965e-06,7.08767783892972e-05,0.00019817520273323,2.65787918959865e-05,5.24581418999733e-05,4.19665135199786e-06,0.00016227051894391,6.76127162266322e-06,3.24074743293168e-05,6.06182973066358e-06,8.39330270399573e-06,1.98175202733232e-05,1.23568067586604e-05,1.07247756773279e-05,2.70450864906529e-05,7.22756621732965e-06,1.56208689213254e-05,6.99441891999644e-07,5.59553513599715e-06,1.25899540559936e-05,1.35225432453264e-05,9.5590391906618e-06,9.09274459599537e-06,6.57475378479665e-05,1.32893959479932e-05,1.39888378399929e-06,4.19665135199786e-06,1.16573648666607e-06,3.96350405466465e-06,6.99441891999644e-07,3.96350405466465e-06,2.33147297333215e-07,0.00103494085286214,0.00038072953654513,0.00086544276770089,0.00021659383922255,0.00011191070271994,2.58793500039868e-05,0.00402622067764728,0.00041756680952378,0.00146066781779259,0.100310458941129,0.00032593992167183,0.00032687251086116,1.37556905426597e-05,8.62645000132894e-05,6.01520027119694e-05,4.68626067639761e-05,1.42219851373261e-05,7.29751040652962e-05,1.65534581106582e-05,0.00040474370817046,0.00047398845547842,0.0004590670284491,5.38570256839726e-05,1.25899540559936e-05,0.00120537152721272,0.00019281281489456,0.00022801805679188,2.33147297333215e-06,0.00085122078256356,0.00026275700409453,3.38063581133161e-05,2.86771175719854e-05,4.08007770333126e-05,2.19158459493222e-05,6.22503283879683e-05,9.51240973119516e-05,3.49720945999822e-06,5.24581418999733e-05,6.99441891999644e-07,6.4115506766634e-05,0,0.00071506276092096,3.77698621679808e-05,5.59553513599715e-06,7.46071351466287e-06,1.14242175693275e-05,8.39330270399573e-06,0,1.86517837866572e-06,0,1.32893959479932e-05,2.4946760814654e-05,4.19665135199786e-06,9.32589189332858e-07,6.99441891999644e-07
"mgm4484859",0.167585156957233,0.214531769677887,0.00190289018610975,0.420287575590078,0.00341281931830494,8.0389745464096e-05,1.99726075687195e-05,0.0011574126086073,0.00023068361741871,0.00108051806946773,3.34541176776052e-05,0.00036499940331834,0.00014030756817025,0.00011634043908779,4.49383670296189e-05,0.00035051926283102,0.00028860417936799,7.8891799896442e-05,0.00024216786677072,0.00010885071124952,0.00021720210730982,7.68945391395701e-05,7.939111508566e-05,9.23733100053277e-05,8.63815277347118e-05,4.84335733541448e-05,0.00010585482011421,5.79205619492866e-05,1.94732923795015e-05,8.28863214101859e-05,0.00011334454795248,3.09575417315152e-05,1.39808252981037e-05,4.69356277864908e-05,5.49246708139786e-05,4.94322037325808e-05,2.69630202177713e-05,5.54239860031966e-05,5.64226163816326e-05,4.39397366511829e-05,4.54376822188369e-05,1.29821949196677e-05,2.89602809746433e-05,2.54650746501174e-05,3.04582265422972e-05,2.64637050285533e-05,1.49794556765396e-06,2.74623354069893e-05,2.99589113530793e-06,4.49383670296189e-06,4.99315189217987e-07,0.00014679866563008,0.00015428839346835,0.00019623086936266,9.08753644376737e-05,8.43842669778399e-05,9.93637226543795e-05,5.54239860031966e-05,5.24280948678887e-05,5.59233011924146e-05,1.79753468118476e-05,2.99589113530793e-05,4.34404214619649e-05,4.64363125972728e-05,5.99178227061585e-06,2.84609657854253e-05,4.24417910835289e-05,9.58685163298536e-05,0.00019772881493032,4.39397366511829e-05,7.78931695180061e-05,0.00018075209849691,2.54650746501174e-05,0.00012632674287215,0.00039246173872533,5.69219315708506e-05,5.49246708139786e-05,5.99178227061585e-06,0.00062214672576561,3.8447269569785e-05,7.29000176258262e-05,3.8447269569785e-05,2.19698683255915e-05,5.49246708139786e-06,1.54787708657576e-05,5.99178227061585e-05,7.04034416797362e-05,5.49246708139786e-05,1.59780860549756e-05,2.99589113530793e-06,1.44801404873216e-05,2.29684987040274e-05,3.29548024883872e-05,6.49109745983384e-06,1.39808252981037e-05,5.19287796786707e-05,2.99589113530793e-05,6.99041264905183e-06,2.39671290824634e-05,4.99315189217988e-06,2.89602809746433e-05,5.99178227061585e-06,1.84746620010655e-05,9.98630378435975e-07,0.0025120547169557,0.00079490978123503,0.001676700405394,0.0004413946272687,0.00016876853395568,4.89328885433628e-05,0.0250890903126362,0.00080689334577626,0.00189839634940679,0.136515768623333,0.00040644256402344,0.00071651729652781,5.19287796786707e-05,0.00019972607568719,0.0001083513960603,7.68945391395701e-05,1.14842493520137e-05,0.00012732537325058,1.09849341627957e-05,0.00098814475946239,0.00147248049300385,0.00145100993986747,0.00013681236184572,3.19561721099512e-05,0.00239072112597572,0.00046386381078351,0.00061066247641359,2.04719227579375e-05,0.00077044333696335,0.00031756446034264,6.04171378953765e-05,6.29137138414664e-05,8.53828973562759e-05,3.9445899948221e-05,0.00014080688335947,2.74623354069893e-05,2.24691835148094e-05,8.188769103175e-05,1.74760316226296e-05,0.00013431578589963,0,0.00157234353084744,2.89602809746433e-05,1.49794556765396e-06,1.94732923795015e-05,3.9945215137439e-06,6.49109745983384e-06,0,4.99315189217987e-07,9.98630378435975e-07,2.54650746501174e-05,1.69767164334116e-05,1.69767164334116e-05,1.49794556765396e-06,4.99315189217987e-07
"mgm4484865",0.0823454001512386,0.14002443840089,0.00239032236056487,0.679470068269829,0.00389698940308123,0.00011438903793508,1.59327588552435e-05,0.0010817934730432,0.00020875999423152,0.0018383952525281,4.41214860606744e-05,0.00043345274731829,0.00015319960437734,0.00013604124868707,5.96457126375784e-05,0.00031456985432147,0.0007153400193726,7.59870037711615e-05,0.00027003983598246,8.00723265545572e-05,0.00020712586511816,5.2292131627466e-05,3.34996468238454e-05,9.27368271830842e-05,9.51880208531216e-05,7.47614069361427e-05,8.49747138946322e-05,0.00011847436071847,2.1243678473658e-05,0.00017199208918096,4.77982765657306e-05,3.79935018855807e-05,7.51699392144823e-05,9.31453594614237e-05,2.65545980920726e-05,6.78163582043699e-05,2.20607430303372e-05,0.00020018081638639,4.28958892256557e-05,1.71583556902623e-05,2.85972594837704e-05,7.55784714928219e-05,1.02133069584894e-05,1.42986297418852e-05,4.77982765657306e-05,1.87924848036206e-05,0,4.82068088440702e-05,2.85972594837704e-06,2.85972594837704e-06,2.85972594837704e-06,0.00021815623663333,8.9060036678028e-05,0.00101152592116879,7.59870037711615e-05,9.11026980697258e-05,0.00011602316704844,6.61822290910116e-05,2.900579176211e-05,2.57375335353934e-05,8.4157649337953e-05,3.3908179102185e-05,8.49747138946322e-05,4.77982765657306e-05,1.63412911335831e-05,4.08532278339578e-06,1.5524226576904e-05,8.86515043996884e-05,0.00041833705301972,5.801158352422e-05,5.39262607408243e-05,0.00028924085306442,3.92190987205995e-05,0.00020590026828314,0.00038973979353595,6.74078259260303e-05,0.00024021697966367,6.53651645343324e-06,0.00222364119100232,9.35538917397633e-05,7.76211328845198e-05,2.32863398653559e-05,2.6146065813733e-05,8.17064556679156e-06,1.10303715151686e-05,3.47252436588641e-05,5.63774544108617e-05,1.75668879686018e-05,1.47071620202248e-05,8.17064556679156e-07,3.06399208754683e-05,2.32863398653559e-05,0.00010049894047153,2.1243678473658e-05,1.0621839236829e-05,2.69631303704121e-05,1.14389037935082e-05,6.12798417509367e-06,7.76211328845198e-06,2.00180816386393e-05,1.8383952525281e-05,7.3535810101124e-06,3.75849696072412e-05,0,0.00262645401744515,0.00077988811935025,0.00108301906987822,0.00035991693721716,0.0006172922725711,6.53651645343324e-05,0.0120296414679872,0.0010229648249623,0.00176485944242698,0.0450010560559395,0.00041220906884463,0.00046817799097715,2.00180816386393e-05,0.00030925893470306,7.6395536049501e-05,5.35177284624847e-05,2.41034044220351e-05,0.0001548337334907,4.90238734007493e-06,0.00084116796110119,0.00130975448435669,0.00118474360718478,0.00014094363602715,3.14569854321475e-05,0.00262481988833179,0.00046490973275043,0.00070430964785743,1.8383952525281e-05,0.00074679700480474,0.00046654386186379,4.49385506173536e-05,3.79935018855807e-05,0.00016749823411922,4.69812120090514e-05,0.00011684023160511,6.94504873177282e-05,7.76211328845198e-06,0.00012623647400693,6.53651645343324e-06,9.76392145231591e-05,4.08532278339578e-07,0.00148910015454776,2.65545980920726e-05,3.6767905050562e-06,1.5524226576904e-05,4.08532278339578e-06,4.08532278339578e-06,0,0,0,2.81887272054309e-05,8.57917784513113e-06,8.98771012347071e-06,8.17064556679156e-07,0
"mgm4486239",0.037587741622235,0.01956788036246,0.00079973409200388,0.84206472102992,0.00239633069937967,5.69529365340884e-05,2.10582286344528e-05,0.00042427544737369,7.84897612738697e-05,0.00167245409007035,2.2254718897774e-05,0.00010648763343558,8.80616833804392e-05,6.26960897980301e-05,2.20154208451098e-05,0.00011893113217412,0.00030725869962088,4.49880339008765e-05,0.00013998936080857,3.46982176363143e-05,0.00013089603480733,3.5416111794307e-05,2.15368247397813e-05,2.63227857930661e-05,5.52778501654387e-05,2.29726130557667e-05,6.10210034293804e-05,5.62350423760957e-05,9.33262405390524e-06,2.41691033190879e-05,2.44084013717522e-05,3.15873429516793e-05,2.46476994244164e-05,1.411858510719e-05,2.08189305817886e-05,1.74687578444893e-05,1.12470084752191e-05,1.43578831598542e-05,3.30231312676647e-05,1.55543734231754e-05,1.38792870545257e-05,6.46104742193439e-06,1.62722675811681e-05,8.85402794857676e-06,2.24940169504383e-05,8.61472989591253e-06,0,2.2254718897774e-05,9.57192210656947e-07,1.19649026332118e-06,0,0.00011270938280485,6.60462625353294e-05,0.00011390587306817,6.72427527986506e-05,6.96357333252929e-05,3.92448806369348e-05,3.82876884262779e-05,3.06301507410223e-05,4.37915436375553e-05,1.19649026332118e-05,3.66126020576282e-05,3.25445351623362e-05,3.46982176363143e-05,8.61472989591253e-06,5.50385521127745e-06,1.57936714758396e-05,3.82876884262779e-05,9.04546639070815e-05,1.84259500551462e-05,2.91943624250369e-05,7.37038002205849e-05,1.22042006858761e-05,0.00011486306527883,0.00017133740570759,3.80483903736137e-05,5.59957443234314e-05,6.46104742193439e-06,0.0007513958853657,1.19649026332118e-05,7.03536274832856e-05,2.27333150031025e-05,1.02898162645622e-05,3.35017273729932e-06,9.57192210656947e-06,2.58441896877376e-05,2.82371702143799e-05,1.17256045805476e-05,1.50757773178469e-05,3.82876884262779e-06,1.05291143172264e-05,3.58947078996355e-06,1.65115656338323e-05,8.61472989591253e-06,3.11087468463508e-06,1.3161392896533e-05,8.13613379058405e-06,1.19649026332118e-05,6.70034547459863e-06,5.98245131660592e-06,7.89683573791982e-06,5.26455715861321e-06,6.22174936927016e-06,9.57192210656947e-07,0.0010076840997691,0.00034913585883712,0.00066740226888055,0.00016535495439098,0.00013735708222927,2.79978721617157e-05,0.00565533087861391,0.00041542141942511,0.00158176012811061,0.0745626409315969,0.00031994149641208,0.00025054506113945,1.60329695285039e-05,9.30869424863881e-05,3.85269864789421e-05,5.69529365340884e-05,3.58947078996355e-06,5.50385521127745e-05,1.19649026332118e-05,0.00043145438895361,0.00050539748722686,0.0004429406954815,5.62350423760957e-05,1.22042006858761e-05,0.00147096512972706,0.00034889656078445,0.00026944960729993,7.65753768525558e-06,0.00080643443747847,0.00024193033124354,5.09704852174824e-05,2.17761227924456e-05,6.53283683773367e-05,2.99122565830296e-05,7.1789415799271e-05,3.68519001102925e-05,4.30736494795626e-06,7.51395885365704e-05,4.06806689529203e-06,8.08827418005121e-05,0,0.0006630949039326,1.411858510719e-05,9.57192210656947e-07,6.93964352726287e-06,4.06806689529203e-06,4.78596105328474e-06,0,9.57192210656947e-07,4.78596105328474e-07,1.48364792651827e-05,1.53150753705112e-05,4.5466630006205e-06,1.19649026332118e-06,7.1789415799271e-07
"mgm4718316",0.10172570390554,0.0181653042688465,0.00544959128065395,0.262488646684832,0.0145322434150772,0.0072661217075386,0.00090826521344232,0.00090826521344232,0,0.0108991825613079,0,0,0.00090826521344232,0,0,0,0.00090826521344232,0,0,0,0,0,0,0,0,0,0,0,0,0,0,0,0,0,0,0,0,0,0,0,0,0,0,0,0,0,0,0,0,0,0,0.0036330608537693,0,0.00181653042688465,0,0.00181653042688465,0.00090826521344232,0,0,0,0,0,0,0,0,0,0,0,0,0,0,0,0,0,0,0,0,0,0.0036330608537693,0,0,0,0,0,0,0,0,0,0,0,0.00090826521344232,0,0,0,0,0,0,0,0,0,0.0108991825613079,0,0,0,0.00999091734786558,0.00090826521344232,0.00908265213442325,0.0127157129881926,0.00090826521344232,0.00272479564032698,0.00544959128065395,0.00181653042688465,0.00454132606721163,0.405994550408719,0.00090826521344232,0,0,0,0,0,0,0.0127157129881926,0,0.0036330608537693,0,0.00272479564032698,0,0,0.0435967302452316,0.00272479564032698,0.00272479564032698,0,0.0036330608537693,0.00181653042688465,0,0,0.00090826521344232,0,0,0,0,0,0,0.00090826521344232,0,0.00544959128065395,0,0,0,0,0,0,0,0,0.0163487738419619,0,0,0,0
"mgm4718317",0.0859618717504333,0.0155979202772964,0.00381282495667244,0.168110918544194,0.00277296360485269,0.0107452339688042,0,0.00103986135181976,0,0.0180242634315425,0,0,0,0.00103986135181976,0,0.00034662045060658,0.00103986135181976,0,0,0,0,0,0,0,0,0,0,0,0,0,0,0,0,0,0,0,0,0,0.00034662045060658,0,0,0.00034662045060658,0,0,0,0,0,0,0,0,0,0.00034662045060658,0,0.00034662045060658,0,0,0,0,0,0,0,0.00034662045060658,0,0,0,0,0.00034662045060658,0,0,0,0,0,0.00034662045060658,0,0.00034662045060658,0.00034662045060658,0,0,0.00415944540727903,0.00034662045060658,0,0,0,0.00034662045060658,0,0,0,0,0,0,0,0,0,0,0.00034662045060658,0,0,0,0,0,0.00311958405545927,0,0,0,0.00797227036395147,0.00034662045060658,0.0097053726169844,0.00762564991334489,0.00034662045060658,0.00138648180242634,0.00346620450606586,0.00034662045060658,0.00103986135181976,0.567764298093588,0.00069324090121317,0,0,0,0,0,0,0.00935875216637782,0,0.00381282495667244,0.00138648180242634,0.00173310225303293,0,0,0.0502599653379549,0.00103986135181976,0.00138648180242634,0,0.00069324090121317,0.00069324090121317,0.00034662045060658,0,0,0,0.00034662045060658,0,0,0,0,0,0,0.00173310225303293,0,0,0.00034662045060658,0,0,0,0,0,0.00623916811091854,0,0,0,0
"mgm4718318",0.0626614987080103,0.0193798449612403,0.00322997416020672,0.270025839793282,0.0103359173126615,0.00645994832041344,0.00064599483204134,0.00064599483204134,0,0.0329457364341085,0,0,0.00129198966408269,0,0,0,0.00129198966408269,0,0.00064599483204134,0,0.00064599483204134,0,0.00064599483204134,0,0,0,0,0,0,0,0,0,0,0,0,0,0,0,0,0,0,0,0,0,0,0,0,0,0,0,0,0.00193798449612403,0.00064599483204134,0.00064599483204134,0.00129198966408269,0,0,0,0.00064599483204134,0,0,0,0,0,0,0,0,0,0,0,0,0,0,0,0.00064599483204134,0.00064599483204134,0,0,0.00581395348837209,0,0,0.00064599483204134,0,0,0,0,0,0,0,0,0,0,0,0,0.00064599483204134,0,0.00064599483204134,0,0,0,0.00387596899224806,0,0,0,0.00710594315245478,0.00064599483204134,0.0155038759689922,0.0116279069767442,0.00064599483204134,0.00193798449612403,0.00452196382428941,0,0.00710594315245478,0.414082687338501,0.00129198966408269,0,0,0,0,0,0,0.0155038759689922,0,0.00258397932816537,0,0,0.00064599483204134,0,0.0594315245478036,0.00129198966408269,0.00064599483204134,0,0.00516795865633075,0.00193798449612403,0,0,0,0,0.00064599483204134,0,0,0.00064599483204134,0,0.00322997416020672,0,0.00322997416020672,0,0,0,0,0,0,0,0,0.0109819121447028,0.00064599483204134,0,0,0
"mgm4718320",0.125813449023861,0.0137382501807664,0,0.221258134490239,0.0151843817787419,0.00650759219088937,0.00144613159797542,0,0.0007230657989877,0.0202458423716558,0,0,0.0007230657989877,0,0,0,0,0.0007230657989877,0,0,0.0007230657989877,0,0,0,0,0,0,0,0,0,0,0,0,0,0,0,0,0,0,0.0007230657989877,0,0,0,0.0007230657989877,0,0,0.0007230657989877,0,0,0,0,0,0,0,0,0.00144613159797542,0,0,0,0,0.0007230657989877,0,0,0,0,0,0,0,0,0,0.0007230657989877,0,0,0.0007230657989877,0,0,0,0,0.00144613159797542,0,0.0007230657989877,0,0,0,0,0,0,0,0,0,0,0,0,0,0,0.0007230657989877,0,0,0,0,0.00867678958785249,0,0,0,0.00578452639190166,0.0007230657989877,0.00723065798987708,0.00723065798987708,0.0007230657989877,0.00216919739696312,0.00361532899493854,0,0.00433839479392625,0.468546637744035,0.0007230657989877,0,0,0,0,0,0,0.00650759219088937,0,0.00289226319595083,0,0,0.0007230657989877,0,0.0368763557483731,0,0.00216919739696312,0,0.00650759219088937,0.00289226319595083,0.00144613159797542,0,0.0007230657989877,0,0,0.0007230657989877,0,0.00216919739696312,0,0,0,0.00433839479392625,0.0007230657989877,0,0.0007230657989877,0,0,0,0,0,0.00506146059291396,0,0,0,0
"mgm4718322",0.10219530658592,0.0181680545041635,0.00529901589704769,0.369417108251325,0.0105980317940954,0.00302800908402725,0,0.00075700227100681,0,0.020439061317184,0,0.00075700227100681,0.00151400454201363,0,0,0.00151400454201363,0.00151400454201363,0,0.00075700227100681,0,0.00302800908402725,0,0,0,0,0,0.00075700227100681,0,0,0,0.00075700227100681,0,0,0,0,0,0,0,0,0,0,0,0,0,0,0,0,0,0,0,0,0.00227100681302044,0.00151400454201363,0.00075700227100681,0.00151400454201363,0.00075700227100681,0.00075700227100681,0.00075700227100681,0,0,0.00075700227100681,0,0,0.00075700227100681,0,0,0,0,0,0,0,0,0,0.00075700227100681,0.00075700227100681,0,0,0,0.00151400454201363,0,0,0.00075700227100681,0,0,0,0.00075700227100681,0,0,0,0,0,0,0,0,0,0,0,0,0,0,0.0060560181680545,0,0,0,0.00378501135503407,0.00075700227100681,0.00454201362604088,0.00908402725208176,0.00075700227100681,0.00302800908402725,0.00681302043906132,0.00075700227100681,0.0143830431491294,0.300529901589705,0.00227100681302044,0,0,0,0,0,0,0.00832702498107494,0,0.00302800908402725,0.00075700227100681,0.00075700227100681,0,0,0.0393641180923543,0.00151400454201363,0.00227100681302044,0,0.0060560181680545,0.00302800908402725,0,0,0.00075700227100681,0,0,0.00075700227100681,0,0.00075700227100681,0,0.00302800908402725,0,0.0060560181680545,0,0,0,0,0,0,0,0,0.0151400454201363,0,0.00075700227100681,0,0
"mgm4718324",0.146997389033943,0.0177545691906005,0.00417754569190601,0.256657963446475,0.00600522193211488,0.00678851174934726,0.00026109660574412,0.00078328981723237,0,0.00939947780678851,0,0.00026109660574412,0.00026109660574412,0.00052219321148825,0,0.00026109660574412,0,0,0,0,0.00052219321148825,0,0,0,0,0,0.00026109660574412,0.00026109660574412,0,0,0,0,0,0,0.00026109660574412,0,0,0,0,0,0.00026109660574412,0,0,0,0,0,0,0,0,0,0,0.0010443864229765,0.00026109660574412,0.00078328981723237,0.00026109660574412,0,0,0,0,0,0.00026109660574412,0,0,0,0,0,0.00026109660574412,0,0,0.00026109660574412,0,0.00026109660574412,0,0,0,0,0,0,0.00234986945169713,0,0,0,0,0.00026109660574412,0,0,0,0,0.00026109660574412,0,0,0,0,0,0,0,0,0,0,0,0.00469973890339426,0,0,0,0.00469973890339426,0.00052219321148825,0.00652741514360313,0.00809399477806788,0.00026109660574412,0.00234986945169713,0.00548302872062663,0.00052219321148825,0.00234986945169713,0.427415143603133,0.0010443864229765,0.00026109660574412,0.00026109660574412,0,0,0.00026109660574412,0,0.00992167101827676,0,0.0031331592689295,0.00130548302872063,0.00182767624020888,0.00026109660574412,0,0.0456919060052219,0.00026109660574412,0.00234986945169713,0,0.0010443864229765,0.00130548302872063,0.00026109660574412,0,0,0,0.00026109660574412,0,0,0,0,0.00026109660574412,0,0.00130548302872063,0,0,0,0,0,0,0,0,0.00783289817232376,0.00026109660574412,0,0,0
"mgm4718325",0.125093632958801,0.0257178526841448,0.00199750312109863,0.418476903870162,0.00724094881398252,0.00499375780274657,0.00024968789013732,0.00149812734082397,0.00024968789013732,0.0137328339575531,0,0,0.00024968789013732,0.00024968789013732,0.00024968789013732,0,0.00099875156054931,0,0,0,0.00024968789013732,0,0.00024968789013732,0,0,0,0,0,0,0,0,0,0.00024968789013732,0.00024968789013732,0,0.00024968789013732,0,0.00024968789013732,0,0,0,0.00024968789013732,0.00024968789013732,0,0.00024968789013732,0.00049937578027465,0,0,0,0,0,0.00074906367041198,0,0.00124843945068664,0,0.00049937578027465,0.00024968789013732,0.00024968789013732,0,0,0,0.00024968789013732,0,0,0,0,0,0,0,0,0,0.00024968789013732,0,0,0.00099875156054931,0,0,0,0.0017478152309613,0,0,0,0,0.00024968789013732,0,0,0,0.00024968789013732,0,0,0,0,0,0,0,0,0,0,0,0,0.00324594257178527,0,0,0,0.00399500624219725,0.00049937578027465,0.00499375780274657,0.00299625468164794,0.00049937578027465,0.00199750312109863,0.00674157303370787,0.00049937578027465,0.00399500624219725,0.292384519350812,0.00099875156054931,0,0,0,0,0,0,0.00823970037453184,0,0.00299625468164794,0.00124843945068664,0.00074906367041198,0,0,0.035705368289638,0.00074906367041198,0.00149812734082397,0,0.0034956304619226,0.00149812734082397,0,0,0.00049937578027465,0.00024968789013732,0.00049937578027465,0,0,0.00049937578027465,0,0.00049937578027465,0,0.00249687890137328,0.00049937578027465,0,0,0,0,0,0,0,0.0052434456928839,0,0,0,0
"mgm4718326",0.241471571906355,0.0160535117056856,0.00535117056856187,0.233444816053512,0.00535117056856187,0.00468227424749164,0,0.00066889632107023,0,0.0193979933110368,0,0,0,0.00133779264214047,0,0,0,0,0,0,0,0,0,0,0,0,0,0,0,0,0,0,0,0,0,0,0,0,0,0,0,0,0,0,0,0,0,0,0,0,0,0.00133779264214047,0,0.00066889632107023,0,0.00066889632107023,0,0.00066889632107023,0,0,0.00133779264214047,0,0,0,0,0,0,0,0,0,0,0,0,0,0.00133779264214047,0,0,0,0.00267558528428094,0,0,0,0,0,0,0,0,0,0,0,0,0,0,0,0,0,0,0,0,0,0.00668896321070234,0,0,0,0.00535117056856187,0.0020066889632107,0.011371237458194,0.0107023411371237,0.00066889632107023,0.0020066889632107,0.00602006688963211,0.00066889632107023,0.00535117056856187,0.31304347826087,0.00066889632107023,0.00066889632107023,0,0,0,0,0,0.0153846153846154,0,0.0020066889632107,0.00133779264214047,0.00133779264214047,0,0,0.0555183946488294,0.00133779264214047,0.00267558528428094,0,0.0040133779264214,0,0,0,0,0,0,0,0,0,0,0,0,0.00133779264214047,0.00066889632107023,0,0,0,0,0,0,0,0.0127090301003344,0,0,0,0
"mgm4718328",0.0676432572167169,0.0200344679017665,0.0028005170185265,0.143041792330892,0.00430848772081,0.00797070228349849,0,0.00064627315812149,0,0.0118483412322275,0,0,0,0.000430848772081,0,0.000430848772081,0.000430848772081,0.000430848772081,0.000430848772081,0,0.0002154243860405,0,0,0,0.0002154243860405,0,0.000430848772081,0,0,0,0,0,0.0002154243860405,0,0,0.0002154243860405,0,0,0,0.0002154243860405,0,0,0.0002154243860405,0,0,0,0,0,0,0,0,0.000430848772081,0.0002154243860405,0.000430848772081,0,0,0,0,0.0002154243860405,0,0.0002154243860405,0,0,0.0002154243860405,0,0.0002154243860405,0.0002154243860405,0,0,0,0,0,0,0,0.00064627315812149,0.0002154243860405,0,0,0.001292546316243,0,0,0.0002154243860405,0,0,0,0,0,0,0,0,0,0,0,0,0,0,0,0,0,0,0.002154243860405,0,0,0,0.0040930633347695,0.0002154243860405,0.00818612666953899,0.00689358035329599,0.00064627315812149,0.0010771219302025,0.004739336492891,0.000430848772081,0.0010771219302025,0.653597587246876,0,0.0002154243860405,0,0,0,0,0,0.00732442912537699,0,0.0028005170185265,0.000430848772081,0.00086169754416199,0,0,0.029297716501508,0.0002154243860405,0.0015079707022835,0,0.0010771219302025,0.0002154243860405,0,0,0,0,0.0002154243860405,0,0,0,0,0,0,0.00086169754416199,0,0,0,0,0,0,0,0,0.00517018526497199,0,0,0,0
"mgm4718329",0.100357437448447,0.0208963431399505,0.00384932636788562,0.170195215837228,0.00494913390156723,0.00687379708551004,0.0002749518834204,0.0005499037668408,0,0.0107231234533957,0.0002749518834204,0.0002749518834204,0.0005499037668408,0.0005499037668408,0,0.0002749518834204,0.0002749518834204,0,0,0.0002749518834204,0.0005499037668408,0,0.0002749518834204,0,0,0,0.0002749518834204,0,0,0,0,0,0,0,0,0.0002749518834204,0,0,0,0,0,0,0,0,0,0,0,0,0,0,0,0.0002749518834204,0.0002749518834204,0.0005499037668408,0,0.0002749518834204,0,0,0.0002749518834204,0,0.0002749518834204,0,0,0,0.0002749518834204,0,0.0002749518834204,0,0.0002749518834204,0,0,0,0,0,0.00109980753368161,0.0002749518834204,0,0,0.00192466318394281,0,0,0,0,0.0002749518834204,0,0,0,0.0002749518834204,0,0,0,0,0,0,0,0,0,0,0,0,0.00577398955182843,0,0,0,0.00494913390156723,0.0008248556502612,0.00824855650261204,0.00714874896893044,0.00109980753368161,0.0008248556502612,0.00494913390156723,0.0005499037668408,0.00302447071762442,0.572724773164696,0.0005499037668408,0.0005499037668408,0,0.0002749518834204,0.0002749518834204,0.0002749518834204,0,0.00577398955182843,0,0.00467418201814682,0,0.0008248556502612,0,0,0.0332691778938686,0.0002749518834204,0.00247456695078361,0,0.00219961506736321,0.00137475941710201,0,0,0.0005499037668408,0,0,0,0,0,0,0.0002749518834204,0,0.00164971130052241,0,0,0,0,0,0,0,0,0.00549903766840803,0,0,0,0
"mgm4718330",0.0803486829638052,0.0185711578548418,0.00170551449687322,0.127724085654728,0.00416903543680121,0.00871707409512981,0.00018950161076369,0.00113700966458215,0.00018950161076369,0.00852757248436612,0,0,0,0.00037900322152738,0,0.00018950161076369,0.00037900322152738,0,0,0,0.00018950161076369,0,0,0,0,0,0.00037900322152738,0.00018950161076369,0,0,0,0,0,0,0.00018950161076369,0,0,0,0,0,0,0,0,0,0,0,0,0,0,0,0,0,0,0.00037900322152738,0,0,0,0,0.00018950161076369,0,0,0.00018950161076369,0,0,0,0,0,0,0,0.00018950161076369,0,0.00018950161076369,0,0,0.00056850483229107,0,0,0,0.00151601288610953,0,0,0,0,0.00018950161076369,0,0,0,0.00018950161076369,0.00018950161076369,0,0,0,0,0,0,0,0,0,0,0,0.00246352093992799,0,0,0,0.00397953382603752,0.00075800644305476,0.00473754026909229,0.00587454993367444,0.00037900322152738,0.00094750805381845,0.00341102899374645,0.00018950161076369,0.0022740193291643,0.676141747204851,0.00018950161076369,0.00018950161076369,0,0.00018950161076369,0,0,0,0.00776956604131135,0.00018950161076369,0.00322152738298276,0.00037900322152738,0.00037900322152738,0.00018950161076369,0,0.0204661739624787,0.00037900322152738,0.00113700966458215,0,0.00075800644305476,0.00094750805381845,0,0,0.00018950161076369,0,0,0,0,0,0,0.00037900322152738,0,0.00056850483229107,0,0,0,0,0,0,0,0,0.0043585370475649,0,0,0,0
"mgm4718331",0.0562877965576058,0.0212436036594821,0.00232594200651264,0.184679795317103,0.00434175841215692,0.00527213521476198,0,0.00093037680260505,0.00015506280043417,0.00790820282214297,0.00015506280043417,0.00015506280043417,0,0.00031012560086835,0,0.00015506280043417,0.00046518840130252,0,0,0,0,0,0,0,0,0,0.00015506280043417,0.00046518840130252,0,0,0,0,0,0,0,0,0,0,0,0,0,0.00015506280043417,0,0,0,0,0,0,0,0,0,0.00046518840130252,0.00015506280043417,0.00015506280043417,0,0,0,0.00015506280043417,0.00015506280043417,0,0,0.00015506280043417,0,0,0,0.00015506280043417,0.00015506280043417,0.00015506280043417,0.00015506280043417,0.00015506280043417,0,0,0,0,0.00015506280043417,0,0.00031012560086835,0,0.00155062800434176,0,0,0,0,0.00015506280043417,0,0.00015506280043417,0,0.00015506280043417,0,0,0,0,0,0,0,0,0,0,0,0.00015506280043417,0.00294619320824934,0,0,0,0.0044968212125911,0.00031012560086835,0.00341138160955187,0.0044968212125911,0,0.00077531400217087,0.00604744921693286,0.0006202512017367,0.00186075360521011,0.648007443014421,0.00015506280043417,0.00031012560086835,0.00015506280043417,0.00015506280043417,0.00015506280043417,0,0,0.00558226081563033,0,0.00186075360521011,0.00108543960303923,0.00031012560086835,0,0,0.0196929756551403,0.0006202512017367,0.00201581640564429,0,0.00015506280043417,0.00077531400217087,0.00015506280043417,0.00015506280043417,0.00015506280043417,0,0,0,0,0,0,0,0,0.00108543960303923,0,0,0,0,0,0,0,0,0.00263606760738099,0,0,0,0
"mgm4718332",0.0876308646762311,0.0255913144629701,0.00155098875533152,0.26250484683986,0.00736719658782474,0.00542846064366033,0.00038774718883288,0.00155098875533152,0,0.0120201628538193,0,0,0,0,0.00038774718883288,0,0.00077549437766576,0,0.00038774718883288,0,0.00077549437766576,0,0,0,0,0.00038774718883288,0,0,0,0.00038774718883288,0,0,0.00038774718883288,0,0,0,0.00038774718883288,0,0.00038774718883288,0,0,0,0,0,0.00038774718883288,0,0,0,0,0,0,0.00155098875533152,0,0.00038774718883288,0,0,0.00038774718883288,0,0.00038774718883288,0,0,0.00155098875533152,0,0,0,0,0,0,0,0,0,0,0,0,0.00038774718883288,0.00038774718883288,0,0,0.00232648313299729,0,0,0,0,0.00038774718883288,0,0.00038774718883288,0,0.00038774718883288,0,0,0,0,0,0,0,0,0,0,0,0,0.00697944939899186,0,0,0,0.00426521907716169,0.00038774718883288,0.0120201628538193,0.0112446684761535,0.00155098875533152,0.00310197751066305,0.0081426909654905,0.00038774718883288,0.00232648313299729,0.452888716556805,0,0,0,0,0,0,0,0.0112446684761535,0,0.00348972469949593,0.00077549437766576,0.00155098875533152,0,0,0.0411012020162854,0.00038774718883288,0.0019387359441644,0,0.00348972469949593,0.0019387359441644,0,0,0.00116324156649864,0,0.00038774718883288,0,0,0,0,0.00116324156649864,0,0.00077549437766576,0,0.00038774718883288,0,0,0,0,0,0,0.00969367972082202,0,0,0,0
"mgm4718333",0.0754147812971342,0.0129713423831071,0.00120663650075415,0.10316742081448,0.00452488687782805,0.00542986425339366,0.00030165912518853,0,0,0.0135746606334842,0,0,0.00030165912518853,0.00030165912518853,0,0,0.00060331825037707,0,0,0,0,0,0,0,0,0,0.00030165912518853,0,0,0.00030165912518853,0,0,0,0,0,0.00030165912518853,0,0,0,0,0,0,0,0,0,0,0,0,0,0,0,0,0,0.00030165912518853,0,0,0,0,0,0,0.00060331825037707,0.00030165912518853,0,0,0,0,0.00030165912518853,0,0,0,0,0,0,0,0.00060331825037707,0,0,0,0.00060331825037707,0,0,0,0,0,0,0,0,0,0,0,0,0,0,0,0.00030165912518853,0,0,0,0,0,0.00422322775263952,0,0,0,0.00271493212669683,0.00030165912518853,0.00784313725490196,0.00633484162895928,0.00030165912518853,0.0024132730015083,0.00452488687782805,0,0.00120663650075415,0.686274509803922,0,0.00030165912518853,0,0,0.00030165912518853,0,0,0.0102564102564103,0,0.00301659125188537,0.00060331825037707,0.00090497737556561,0,0,0.0349924585218703,0.00060331825037707,0.00150829562594268,0,0.00060331825037707,0.0024132730015083,0.00030165912518853,0,0.00030165912518853,0,0,0,0,0,0,0,0,0.00060331825037707,0,0,0,0,0,0,0,0,0.00542986425339366,0,0,0,0
"mgm4718334",0.0695431472081218,0.0233502538071066,0.0050761421319797,0.294416243654822,0.00964467005076142,0.00609137055837563,0,0.00152284263959391,0.00050761421319797,0.017258883248731,0.00050761421319797,0.00050761421319797,0.00050761421319797,0.00050761421319797,0,0.00050761421319797,0.00050761421319797,0,0,0,0.00203045685279188,0,0,0.00050761421319797,0,0,0,0.00050761421319797,0,0,0,0,0.00101522842639594,0,0,0.00050761421319797,0,0.00050761421319797,0,0,0.00050761421319797,0,0,0,0,0,0,0,0,0,0,0.00152284263959391,0.00050761421319797,0.00152284263959391,0.00050761421319797,0,0.00050761421319797,0.00050761421319797,0.00050761421319797,0,0.00101522842639594,0,0,0,0,0,0,0,0,0,0,0.00050761421319797,0,0,0,0,0,0,0.00253807106598985,0,0,0.00050761421319797,0,0,0,0,0,0,0,0,0,0,0,0,0,0,0,0,0,0,0.00304568527918782,0,0,0,0.0065989847715736,0,0.00862944162436548,0.00964467005076142,0.00050761421319797,0.00152284263959391,0.00812182741116751,0.00101522842639594,0.00558375634517766,0.419796954314721,0.00101522842639594,0.00050761421319797,0,0.00050761421319797,0,0,0,0.0111675126903553,0,0.00456852791878173,0.00152284263959391,0.00152284263959391,0,0,0.0421319796954315,0,0.00304568527918782,0,0.00253807106598985,0.00253807106598985,0,0,0.00101522842639594,0,0.00050761421319797,0,0,0.00101522842639594,0,0.00152284263959391,0,0.00355329949238579,0.00050761421319797,0.00050761421319797,0,0.00050761421319797,0,0,0,0,0.00913705583756345,0,0,0,0
"mgm4718335",0.0611473720371007,0.0192373754723463,0.00137409824802473,0.14943318447269,0.0041222947440742,0.00687049124012367,0,0.00034352456200618,0.00068704912401236,0.0133974579182412,0,0,0.00034352456200618,0.00034352456200618,0,0,0.00034352456200618,0,0,0,0.00034352456200618,0,0,0,0,0,0.00034352456200618,0,0,0,0.00034352456200618,0,0,0,0,0.00034352456200618,0,0,0,0,0,0,0,0,0,0,0,0,0,0,0,0,0.00034352456200618,0.00034352456200618,0,0,0,0,0,0,0,0.00034352456200618,0,0.00034352456200618,0,0,0.00034352456200618,0,0,0,0,0,0,0,0.00068704912401236,0,0,0,0.00309172105805565,0,0,0,0,0.00034352456200618,0,0,0,0,0,0,0,0.00034352456200618,0,0,0.00034352456200618,0,0,0,0,0,0.00515286843009275,0,0,0,0.00549639299209894,0.00103057368601855,0.0113363105462041,0.0109927859841979,0,0.00274819649604947,0.00652696667811749,0,0.00103057368601855,0.626245276537272,0,0.00034352456200618,0,0,0,0,0,0.0106492614221917,0,0.00137409824802473,0.00068704912401236,0.00171762281003092,0,0,0.0353830298866369,0,0.00137409824802473,0,0.00034352456200618,0.00137409824802473,0,0,0,0,0,0,0,0,0,0,0,0.0020611473720371,0,0,0.00034352456200618,0,0,0,0,0,0.0082445894881484,0,0,0,0
"mgm4718336",0.108480176211454,0.0165198237885463,0.00440528634361234,0.226321585903084,0.00770925110132159,0.00936123348017621,0,0.00165198237885463,0,0.0154185022026432,0,0.00055066079295154,0,0.00055066079295154,0,0.00055066079295154,0.00110132158590308,0,0,0,0,0,0,0,0,0,0,0,0,0,0,0,0.00055066079295154,0,0,0,0.00055066079295154,0,0,0,0,0,0,0,0,0,0,0,0,0,0,0.00165198237885463,0,0.00110132158590308,0.00055066079295154,0,0,0.00055066079295154,0,0,0.00055066079295154,0.00055066079295154,0,0,0,0,0,0,0,0,0,0,0,0.00055066079295154,0,0,0,0,0.00165198237885463,0,0,0,0.00055066079295154,0.00055066079295154,0,0,0,0,0,0,0,0,0,0,0,0,0.00055066079295154,0,0,0,0.00605726872246696,0,0.00055066079295154,0,0.0066079295154185,0,0.00991189427312775,0.0110132158590308,0.00055066079295154,0.00220264317180617,0.00770925110132159,0.00165198237885463,0.00495594713656388,0.454295154185022,0,0,0,0,0,0,0,0.00770925110132159,0,0.00330396475770925,0.00055066079295154,0,0,0,0.0468061674008811,0.00220264317180617,0.00220264317180617,0,0.00495594713656388,0.00275330396475771,0.00055066079295154,0,0.00110132158590308,0,0.00055066079295154,0,0,0.00055066079295154,0,0.00110132158590308,0,0.00275330396475771,0,0,0,0,0,0,0,0,0.0148678414096916,0,0,0,0
"mgm4718337",0.124001878816346,0.0112728980742132,0.00140911225927666,0.227806481916393,0.00798496946923438,0.00798496946923438,0,0.0009394081728511,0,0.00939408172851104,0,0,0.0009394081728511,0,0,0,0,0.00046970408642555,0,0,0.00140911225927666,0,0.00046970408642555,0,0,0.00046970408642555,0,0,0,0,0,0,0,0,0,0,0,0,0,0,0,0,0,0,0,0,0,0,0,0,0,0,0,0.0009394081728511,0,0.00046970408642555,0,0,0,0,0.00046970408642555,0.00046970408642555,0,0,0,0,0.00046970408642555,0,0,0,0,0,0,0,0.00046970408642555,0,0,0,0.00046970408642555,0,0,0,0,0.00046970408642555,0,0,0.00046970408642555,0,0,0,0,0,0,0,0.00046970408642555,0,0,0,0,0,0.00046970408642555,0,0,0,0.00328792860497886,0.00046970408642555,0.00704556129638328,0.00892437764208549,0.0009394081728511,0.00422733677782997,0.00657585720995773,0,0.00610615312353217,0.485204321277595,0.00140911225927666,0,0,0,0,0.00046970408642555,0,0.00516674495068107,0,0.00328792860497886,0,0.00187881634570221,0,0,0.0460310004697041,0,0.00187881634570221,0,0.00375763269140442,0.00046970408642555,0.00046970408642555,0,0,0,0,0.00046970408642555,0,0.00046970408642555,0,0.00046970408642555,0,0.00422733677782997,0.00046970408642555,0,0,0,0,0,0,0,0.00610615312353217,0,0,0,0
"mgm4718338",0.115859449192783,0.0297562519784742,0.0034821145932257,0.274770496992719,0.0056980056980057,0.0101297879075657,0,0.00126622348844571,0,0.0129787907565685,0,0.00031655587211142,0.00031655587211142,0.00031655587211142,0,0,0.00031655587211142,0,0,0,0.00031655587211142,0,0,0,0.00031655587211142,0,0.00031655587211142,0,0,0,0,0,0,0,0,0,0,0.00031655587211142,0,0,0,0,0,0.00031655587211142,0,0,0,0,0,0,0,0.00126622348844571,0,0.00126622348844571,0,0,0.00031655587211142,0,0,0,0.00063311174422285,0,0,0,0,0,0,0,0,0,0,0.00031655587211142,0.00031655587211142,0.00031655587211142,0.00094966761633428,0,0.00063311174422285,0,0.00316555872111428,0,0,0.00031655587211142,0.00031655587211142,0.00031655587211142,0,0,0,0,0,0,0,0,0,0,0,0,0,0,0,0,0.00474833808167141,0,0,0,0.00474833808167141,0,0.00538144982589427,0.00664767331433998,0.00126622348844571,0.00094966761633428,0.0056980056980057,0.00031655587211142,0.00474833808167141,0.421019309908199,0.00094966761633428,0,0,0.00031655587211142,0,0.00031655587211142,0,0.00728078505856284,0,0.00126622348844571,0.00158277936055714,0.00094966761633428,0,0,0.0379867046533713,0.00063311174422285,0.00284900284900285,0,0.00221589110477999,0.00284900284900285,0.00031655587211142,0,0.00031655587211142,0,0,0,0,0.00063311174422285,0,0.00094966761633428,0,0.00316555872111428,0.00031655587211142,0,0,0.00031655587211142,0,0,0,0,0.0120291231402343,0.00031655587211142,0,0,0
"mgm4718339",0.0755613126079447,0.0170552677029361,0.00237478411053541,0.150474956822107,0.00496545768566494,0.00496545768566494,0.00021588946459412,0.00064766839378238,0.00021588946459412,0.00949913644214162,0,0.00064766839378238,0,0.00086355785837651,0,0,0.00021588946459412,0.00021588946459412,0,0,0,0,0,0,0,0,0.00021588946459412,0,0,0,0,0,0,0,0.00021588946459412,0.00064766839378238,0,0.00021588946459412,0,0,0.00021588946459412,0.00021588946459412,0,0,0,0,0,0,0,0,0,0,0,0.00043177892918825,0,0,0,0,0,0.00021588946459412,0,0,0,0,0,0.00021588946459412,0.00021588946459412,0,0,0,0,0,0,0,0,0,0,0,0.00086355785837651,0,0,0,0,0.00021588946459412,0,0,0,0.00021588946459412,0,0,0,0,0,0,0,0,0,0,0,0,0.00280656303972366,0,0,0,0.00518134715025907,0.00043177892918825,0.00647668393782383,0.00885146804835924,0.00064766839378238,0.00172711571675302,0.00539723661485319,0.00043177892918825,0.00086355785837651,0.646373056994819,0.00064766839378238,0,0,0,0,0,0,0.00518134715025907,0,0.00172711571675302,0.00064766839378238,0.00064766839378238,0,0,0.0306563039723661,0.00086355785837651,0.00129533678756477,0,0.00021588946459412,0.00043177892918825,0.00021588946459412,0,0,0,0,0,0,0,0,0.00021588946459412,0,0.00107944732297064,0,0,0,0,0,0,0,0,0.00496545768566494,0,0,0,0
"mgm4718340",0.0756710798008016,0.0167618122191182,0.00097169925907931,0.136037896271104,0.00303656018462286,0.0034009474067776,0,0.00121462407384914,0.00024292481476982,0.00728774444309486,0,0.00024292481476982,0,0.00012146240738491,0.00012146240738491,0.00012146240738491,0.00072877444430948,0.00012146240738491,0.00024292481476982,0,0.00024292481476982,0.00012146240738491,0,0,0,0,0.00012146240738491,0,0,0,0,0.00012146240738491,0,0,0,0.00012146240738491,0,0,0,0,0.00012146240738491,0.00012146240738491,0.00012146240738491,0,0,0,0,0,0,0,0,0.00024292481476982,0,0.00024292481476982,0.00012146240738491,0,0,0,0.00012146240738491,0,0.00012146240738491,0.00012146240738491,0,0.00012146240738491,0,0.00012146240738491,0.00024292481476982,0,0.00012146240738491,0,0,0,0,0,0.00060731203692457,0,0,0,0.00121462407384914,0,0,0.00012146240738491,0,0.00012146240738491,0,0,0.00012146240738491,0.00012146240738491,0.00012146240738491,0,0,0,0,0,0,0,0,0,0,0,0.00303656018462286,0,0,0,0.0017004737033888,0.00024292481476982,0.00388679703631726,0.00473703388801166,0.00060731203692457,0.00097169925907931,0.00437264666585692,0.00024292481476982,0.0008502368516944,0.691364022834933,0.00024292481476982,0.00024292481476982,0,0,0,0,0,0.00497995870278149,0,0.00157901129600389,0.00060731203692457,0.00133608648123406,0,0,0.0205271468480505,0.00024292481476982,0.00133608648123406,0,0.00036438722215474,0.00048584962953965,0,0,0.00012146240738491,0,0,0,0,0.00012146240738491,0,0.00012146240738491,0,0.0008502368516944,0.00012146240738491,0,0,0,0,0,0,0,0.00327948499939269,0,0,0,0
"mgm4718341",0.186279977691021,0.0133853876185165,0.00223089793641941,0.2643614054657,0.00948131622978249,0.00613496932515337,0.0011154489682097,0.00055772448410485,0,0.0139431121026213,0,0,0.0011154489682097,0,0,0.00055772448410485,0.00167317345231456,0,0.00055772448410485,0,0.00055772448410485,0.00055772448410485,0,0,0,0,0.00055772448410485,0,0,0,0,0,0,0,0.00055772448410485,0,0,0,0,0,0,0,0,0,0,0,0,0.00055772448410485,0,0,0,0.00167317345231456,0,0.0011154489682097,0,0,0,0.00055772448410485,0,0,0,0,0,0.00055772448410485,0,0,0,0,0,0,0,0,0,0,0.0011154489682097,0.00055772448410485,0,0,0.00167317345231456,0,0,0,0,0.00055772448410485,0,0,0.00055772448410485,0,0,0,0,0,0,0,0,0,0,0,0,0,0.00557724484104852,0,0,0,0.00446179587283882,0,0.00446179587283882,0.00669269380925823,0,0.00167317345231456,0.00446179587283882,0,0.0100390407138873,0.380368098159509,0,0,0,0,0,0.0011154489682097,0,0.00334634690462911,0,0.00278862242052426,0.00223089793641941,0.00055772448410485,0,0,0.0368098159509202,0.00055772448410485,0.00167317345231456,0,0.00167317345231456,0.00278862242052426,0,0,0.0011154489682097,0,0,0,0,0.00055772448410485,0,0.0011154489682097,0,0.00334634690462911,0,0,0.00055772448410485,0,0,0,0,0,0.00892359174567764,0,0.00055772448410485,0,0
"mgm4718342",0.110421286031042,0.0168514412416851,0.00133037694013304,0.251884700665188,0.00886917960088692,0.00620842572062084,0,0.00177383592017738,0.00088691796008869,0.0150776053215078,0,0,0.00044345898004434,0.00088691796008869,0,0.00088691796008869,0.00088691796008869,0,0,0,0,0,0,0,0,0,0.00044345898004434,0,0,0,0,0,0,0.00044345898004434,0,0,0,0,0,0,0,0,0,0,0,0,0,0,0,0,0,0.00088691796008869,0.00044345898004434,0.00088691796008869,0,0,0,0,0,0,0,0.00044345898004434,0,0,0,0,0,0,0,0,0,0,0,0.00044345898004434,0.00088691796008869,0,0,0,0.00221729490022173,0,0,0,0,0.00044345898004434,0,0,0,0,0,0,0,0,0,0,0,0,0,0,0,0,0.00620842572062084,0,0,0,0.00532150776053215,0.00044345898004434,0.00798226164079823,0.00842572062084257,0,0.00266075388026608,0.01019955654102,0.00044345898004434,0.00399113082039911,0.432372505543237,0.00088691796008869,0,0,0.00044345898004434,0,0,0,0.00753880266075388,0,0.00177383592017738,0.00088691796008869,0.00044345898004434,0,0,0.0629711751662971,0.00044345898004434,0.00221729490022173,0,0.00310421286031042,0.00133037694013304,0.00044345898004434,0,0.00088691796008869,0,0,0,0,0,0,0.00088691796008869,0,0.00354767184035477,0,0,0,0,0,0,0,0,0.01019955654102,0,0,0,0
"mgm4718343",0.086501569584932,0.0224392512498547,0.00139518660620858,0.15765608650157,0.00430182536914312,0.00639460527845599,0.00011626555051738,0.00139518660620858,0.00034879665155214,0.00778979188466457,0.00023253110103476,0.00034879665155214,0,0.00011626555051738,0,0.00023253110103476,0.00069759330310429,0,0.00034879665155214,0,0.00011626555051738,0,0,0,0,0.00011626555051738,0.00011626555051738,0.00023253110103476,0,0,0,0.00011626555051738,0,0,0,0,0,0,0,0.00023253110103476,0.00011626555051738,0,0,0,0,0,0,0,0,0,0,0.00046506220206952,0.00023253110103476,0.00011626555051738,0,0.00011626555051738,0.00011626555051738,0,0,0,0.00011626555051738,0,0,0.00023253110103476,0,0,0.00023253110103476,0,0.00011626555051738,0,0.00011626555051738,0.00023253110103476,0,0,0.00023253110103476,0,0.00011626555051738,0,0.00116265550517382,0,0,0.00011626555051738,0,0,0,0,0,0,0,0,0.00011626555051738,0,0,0,0,0,0,0,0,0,0.00081385885362167,0,0,0,0.00325543541448669,0.00034879665155214,0.0038367631670736,0.00465062202069527,0.00046506220206952,0.00116265550517382,0.00360423206603883,0.00023253110103476,0.00151145215672596,0.644925008719916,0.00034879665155214,0,0,0.00011626555051738,0.00011626555051738,0.00011626555051738,0,0.00592954307638647,0,0.00151145215672596,0.0005813277525869,0.00069759330310429,0,0,0.0208115335426113,0.00081385885362167,0.00116265550517382,0,0.00186024880827811,0.00046506220206952,0.00023253110103476,0,0,0,0.00034879665155214,0,0,0.00023253110103476,0,0.00011626555051738,0,0.0012789210556912,0.00034879665155214,0,0,0.00011626555051738,0,0,0,0,0.00279037321241716,0,0,0,0
"mgm4718344",0.0571944611679711,0.0189644792293799,0.00240818783865141,0.165261890427453,0.00541842263696568,0.0111378687537628,0,0.00120409391932571,0,0.0141481035520771,0,0.00060204695966285,0,0.00090307043949428,0,0,0.00090307043949428,0,0,0,0,0,0,0,0,0,0.00030102347983142,0,0,0,0,0,0,0,0,0,0,0,0.00030102347983142,0,0,0,0.00030102347983142,0,0,0,0,0,0,0,0,0.00060204695966285,0,0.00030102347983142,0,0,0,0,0,0,0,0,0,0,0,0.00030102347983142,0.00030102347983142,0,0,0,0,0.00030102347983142,0,0,0,0,0,0,0.00120409391932571,0,0,0,0.00030102347983142,0.00030102347983142,0,0,0,0.00030102347983142,0,0,0,0,0,0,0,0,0,0,0,0,0.00481637567730283,0,0,0,0.00511739915713426,0.00150511739915713,0.00872968091511138,0.00933172787477423,0.00030102347983142,0.00210716435881999,0.00481637567730283,0.00030102347983142,0.00090307043949428,0.617399157134257,0,0.00030102347983142,0,0.00030102347983142,0,0,0,0.00842865743527995,0,0.0033112582781457,0.00030102347983142,0.00030102347983142,0,0,0.0382299819385912,0.00030102347983142,0.00361228175797712,0,0.00030102347983142,0.00060204695966285,0,0,0.00030102347983142,0,0,0,0,0,0,0.00030102347983142,0,0.00030102347983142,0,0,0,0,0,0,0,0,0.00481637567730283,0,0,0,0
"mgm4718345",0.0884217550884218,0.0173506840173507,0.002002002002002,0.19285952619286,0.003003003003003,0.00133466800133467,0,0.00033366700033366,0,0.0146813480146813,0,0,0.00033366700033366,0.00066733400066733,0,0,0.001001001001001,0,0.00066733400066733,0,0.00066733400066733,0,0,0,0,0,0,0,0,0,0,0,0,0,0,0,0,0,0,0,0,0.00033366700033366,0.00033366700033366,0,0,0,0,0,0,0,0,0.001001001001001,0.00033366700033366,0.001001001001001,0.00033366700033366,0,0.00033366700033366,0,0,0,0,0,0,0,0.00033366700033366,0,0.00033366700033366,0,0,0,0,0,0,0,0.00033366700033366,0,0,0,0.00233566900233567,0,0,0,0,0,0,0,0,0,0,0,0,0,0,0,0,0,0,0,0,0,0.00367033700367034,0,0,0,0.00467133800467134,0.00033366700033366,0.00633967300633967,0.00467133800467134,0.00066733400066733,0.002002002002002,0.00333667000333667,0.00033366700033366,0.00266933600266934,0.568234901568235,0.001001001001001,0,0.00033366700033366,0,0,0,0,0.011011011011011,0,0.002002002002002,0.00133466800133467,0.00066733400066733,0,0,0.0417083750417084,0,0.00166833500166833,0,0.002002002002002,0.00033366700033366,0,0,0.00066733400066733,0,0.00033366700033366,0,0,0,0,0.00033366700033366,0,0.00066733400066733,0,0,0,0,0,0,0,0,0.00867534200867534,0,0,0,0
"mgm4718346",0.0566072754268745,0.0120638455827765,0.00148478099480327,0.0785077951002227,0.00501113585746102,0.00612472160356347,0,0.00092798812175204,0.0001855976243504,0.00816629547141797,0,0.0001855976243504,0,0,0,0,0.00055679287305122,0,0,0,0.0001855976243504,0,0,0,0,0,0.0001855976243504,0,0,0,0,0,0,0,0,0,0,0,0,0,0,0,0,0,0,0,0,0,0,0,0,0.00055679287305122,0.0001855976243504,0.0001855976243504,0,0,0,0,0,0,0.0001855976243504,0,0,0.0001855976243504,0.0001855976243504,0,0.0001855976243504,0,0,0,0,0,0,0,0.0001855976243504,0.0001855976243504,0,0,0.00092798812175204,0,0.00037119524870081,0,0,0,0,0,0,0.0001855976243504,0,0,0,0,0,0,0,0,0,0,0,0,0.00278396436525612,0,0,0,0.0022271714922049,0.0001855976243504,0.0044543429844098,0.00519673348181143,0.00037119524870081,0.00074239049740163,0.00241276911655531,0.0001855976243504,0.00092798812175204,0.772271714922049,0.00037119524870081,0.00037119524870081,0,0,0,0,0,0.00315515961395694,0,0.00241276911655531,0.00037119524870081,0.00074239049740163,0,0,0.022271714922049,0.00037119524870081,0.00074239049740163,0,0.0001855976243504,0.00055679287305122,0,0,0,0,0,0,0,0,0,0,0,0.00037119524870081,0,0,0,0,0,0,0,0,0.00259836674090572,0,0,0,0
"mgm4718347",0.0673100717644148,0.0178173719376392,0.00148478099480327,0.165058153922296,0.00569166048007919,0.00371195248700817,0,0.00123731749566939,0,0.0106409304627567,0,0.00024746349913387,0,0,0,0.00049492699826775,0.00024746349913387,0,0,0,0.00024746349913387,0,0,0,0,0,0.00024746349913387,0,0,0,0,0,0,0.00024746349913387,0,0,0,0,0,0,0,0.00024746349913387,0,0,0,0,0,0,0,0,0,0.00024746349913387,0,0.00024746349913387,0,0.00024746349913387,0,0,0,0,0,0.00024746349913387,0,0,0,0,0,0,0,0,0,0.00024746349913387,0,0,0.00024746349913387,0,0.00024746349913387,0.00024746349913387,0.00123731749566939,0,0,0.00024746349913387,0,0.00024746349913387,0,0,0,0,0,0,0,0,0,0,0.00024746349913387,0,0,0,0,0,0.00494926998267755,0,0,0,0.00395941598614204,0.00074239049740163,0.00816629547141797,0.0066815144766147,0.00024746349913387,0.00272209849047266,0.00544419698094531,0,0.00098985399653551,0.626082652808711,0.00024746349913387,0,0,0,0,0,0,0.010146003464489,0,0.00346448898787429,0.00148478099480327,0.00148478099480327,0,0,0.0321702548874041,0.00074239049740163,0.00098985399653551,0,0.00074239049740163,0.00098985399653551,0.00024746349913387,0,0,0,0,0,0,0,0,0.00049492699826775,0,0.00098985399653551,0,0,0,0,0,0,0,0,0.00692897797574858,0,0,0,0
"mgm4718348",0.0636461704422869,0.0129449838187702,0.00161812297734628,0.227615965480043,0.00647249190938511,0.00916936353829558,0.00053937432578209,0.00107874865156419,0,0.0134843581445523,0,0,0,0,0,0,0,0,0,0,0.00161812297734628,0,0.00053937432578209,0,0,0,0,0.00107874865156419,0,0,0,0,0,0,0,0,0,0,0,0.00053937432578209,0,0,0,0,0,0,0,0,0,0,0,0.00107874865156419,0,0.00053937432578209,0.00053937432578209,0,0,0,0,0,0,0,0.00053937432578209,0,0,0,0,0,0,0,0,0.00107874865156419,0,0,0,0,0,0,0.00107874865156419,0,0,0,0,0.00053937432578209,0,0,0,0,0,0,0,0,0,0,0,0,0,0,0,0,0.00593311758360302,0,0,0,0.00215749730312837,0.00053937432578209,0.00539374325782093,0.00701186623516721,0.00161812297734628,0.00323624595469256,0.00269687162891046,0,0.00269687162891046,0.539374325782093,0.00107874865156419,0,0,0,0,0.00107874865156419,0,0.00970873786407767,0,0.00323624595469256,0.00053937432578209,0.00161812297734628,0.00053937432578209,0,0.0469255663430421,0,0.00161812297734628,0,0.00431499460625674,0.00215749730312837,0.00053937432578209,0,0.00053937432578209,0,0,0,0,0,0,0.00053937432578209,0,0.00161812297734628,0.00107874865156419,0,0,0,0,0,0,0,0.00647249190938511,0,0,0,0
"mgm4718349",0.134113411341134,0.0213021302130213,0.0033003300330033,0.265226522652265,0.0057005700570057,0.0054005400540054,0.0003000300030003,0.0006000600060006,0,0.0111011101110111,0,0,0.0003000300030003,0.0006000600060006,0,0,0.0006000600060006,0.0006000600060006,0,0,0.0009000900090009,0,0.0003000300030003,0,0,0,0.0006000600060006,0,0,0,0,0,0,0,0.0003000300030003,0,0,0,0,0,0,0.0003000300030003,0,0,0,0,0,0,0,0,0,0.0003000300030003,0.0006000600060006,0.0006000600060006,0,0,0,0,0,0,0,0,0,0,0,0,0.0006000600060006,0,0,0,0,0.0003000300030003,0,0.0003000300030003,0,0,0,0,0.0018001800180018,0,0,0,0,0.0003000300030003,0,0,0,0,0,0,0,0,0,0,0,0,0,0.0003000300030003,0,0,0.0069006900690069,0,0,0,0.0066006600660066,0,0.0054005400540054,0.0102010201020102,0.0003000300030003,0.0021002100210021,0.0087008700870087,0.0003000300030003,0.0027002700270027,0.418841884188419,0.0003000300030003,0,0.0003000300030003,0.0003000300030003,0,0.0003000300030003,0,0.0102010201020102,0,0.0051005100510051,0.0018001800180018,0.0006000600060006,0,0,0.0423042304230423,0.0009000900090009,0.0024002400240024,0,0.0009000900090009,0.0021002100210021,0.0003000300030003,0,0,0,0.0003000300030003,0,0,0.0006000600060006,0,0.0006000600060006,0,0.0018001800180018,0,0,0,0.0003000300030003,0,0,0,0,0.0099009900990099,0,0,0,0
"mgm4718350",0.16988608221892,0.0198117880138683,0.00198117880138683,0.213967310549777,0.00742942050520059,0.00544824170381377,0,0,0,0.011887072808321,0,0,0,0.0004952947003467,0,0,0,0,0,0,0,0,0,0,0,0,0,0,0,0,0,0,0,0,0,0,0.0004952947003467,0,0,0,0.0004952947003467,0,0,0,0,0,0,0,0,0,0,0.00297176820208024,0,0.00099058940069341,0,0,0,0.0004952947003467,0,0,0.0004952947003467,0,0,0,0,0,0,0,0,0,0,0,0,0,0.0004952947003467,0,0,0,0.00346706290242694,0,0,0,0,0.0004952947003467,0,0,0,0,0,0,0,0,0,0.0004952947003467,0,0,0,0,0,0,0.00297176820208024,0,0,0,0.00544824170381377,0.0004952947003467,0.00544824170381377,0.00544824170381377,0,0.00198117880138683,0.00742942050520059,0.00148588410104012,0.00346706290242694,0.450222882615156,0.00099058940069341,0,0.0004952947003467,0,0,0,0,0.00643883110450718,0,0.00247647350173353,0,0.0004952947003467,0,0,0.0445765230312036,0.0004952947003467,0.00148588410104012,0,0.00247647350173353,0,0,0,0,0,0,0,0,0,0,0.0004952947003467,0,0.00346706290242694,0,0,0,0,0,0,0,0,0.00990589400693413,0,0,0,0
"mgm4718351",0.116469517743403,0.0222929936305732,0.00409463148316652,0.271610555050045,0.00909918107370337,0.00363967242948135,0,0.00090991810737033,0,0.0177434030937216,0,0.00045495905368516,0.00045495905368516,0.00090991810737033,0,0,0,0.00045495905368516,0.00045495905368516,0,0.00045495905368516,0,0,0,0,0,0.00045495905368516,0,0,0,0,0,0,0,0,0,0,0,0,0,0,0,0,0,0,0,0,0,0,0,0,0.00090991810737033,0,0.00136487716105551,0.00045495905368516,0.00045495905368516,0.00045495905368516,0,0,0,0,0.00045495905368516,0,0,0,0,0,0,0,0,0,0,0,0,0,0,0.00090991810737033,0,0.00136487716105551,0,0,0,0.00045495905368516,0.00045495905368516,0,0.00045495905368516,0,0,0,0,0,0,0,0,0,0,0,0,0,0.00045495905368516,0.00773430391264786,0,0,0,0.00500454959053685,0.00045495905368516,0.0113739763421292,0.0131938125568699,0.00090991810737033,0.00363967242948135,0.0100090991810737,0,0.00318471337579618,0.3926296633303,0.00136487716105551,0,0,0,0,0,0,0.00909918107370337,0,0.00363967242948135,0.00181983621474067,0.00181983621474067,0,0,0.0495905368516833,0.00136487716105551,0.00272975432211101,0,0.00272975432211101,0.00272975432211101,0,0,0.00045495905368516,0,0.00045495905368516,0.00045495905368516,0,0.00045495905368516,0.00045495905368516,0.00045495905368516,0,0.00272975432211101,0,0,0,0,0,0,0,0,0.0118289353958144,0,0,0,0
"mgm4718353",0.112984822934233,0.0229342327150084,0.00404721753794266,0.302192242833052,0.006070826306914,0.00472175379426644,0,0.00101180438448567,0.00033726812816188,0.0145025295109612,0,0,0,0,0,0.00067453625632377,0.00067453625632377,0,0.00033726812816188,0,0.00067453625632377,0,0,0,0,0,0,0.00033726812816188,0,0,0,0,0,0.00033726812816188,0.00033726812816188,0.00033726812816188,0,0,0.00033726812816188,0,0,0,0,0,0,0,0,0,0,0,0,0.00033726812816188,0,0.00101180438448567,0,0,0,0,0,0,0.00033726812816188,0.00033726812816188,0,0.00033726812816188,0,0,0.00033726812816188,0,0,0,0,0.00033726812816188,0,0.00033726812816188,0,0,0.00033726812816188,0,0.00236087689713322,0,0,0,0,0.00033726812816188,0,0,0.00033726812816188,0,0,0,0,0,0,0,0.00033726812816188,0,0,0,0,0,0.00539629005059022,0,0,0,0.00438448566610455,0.00033726812816188,0.00741989881956155,0.009106239460371,0,0.00236087689713322,0.00876897133220911,0.00067453625632377,0.00337268128161889,0.404721753794266,0,0,0.00067453625632377,0,0,0,0,0.00843170320404722,0,0.00404721753794266,0.00067453625632377,0,0.00033726812816188,0,0.0418212478920742,0.00067453625632377,0.00202360876897133,0,0.003035413153457,0.00134907251264755,0,0,0,0,0,0,0,0.00033726812816188,0,0.00067453625632377,0,0.00168634064080944,0,0,0,0,0,0,0,0,0.00775716694772344,0,0,0,0
"mgm4718355",0.0704225352112676,0.0186116700201207,0.00050301810865191,0.175553319919517,0.00804828973843058,0.0125754527162978,0.00100603621730382,0.00150905432595573,0,0.0186116700201207,0,0,0,0.00050301810865191,0,0,0.00100603621730382,0,0.00050301810865191,0,0,0,0,0,0,0.00050301810865191,0.00100603621730382,0,0,0,0,0,0,0,0,0.00100603621730382,0,0,0,0,0,0,0,0,0,0,0,0,0,0,0,0.00150905432595573,0.00050301810865191,0.00050301810865191,0,0.00050301810865191,0,0,0,0,0,0,0,0,0,0,0.00050301810865191,0,0,0,0.00050301810865191,0,0,0.00100603621730382,0.00100603621730382,0.00050301810865191,0,0,0.00050301810865191,0,0,0,0,0,0,0,0,0.00050301810865191,0,0,0,0,0,0,0,0,0,0,0,0.00050301810865191,0.00301810865191147,0,0,0,0.00754527162977867,0.00100603621730382,0.0130784708249497,0.0150905432595573,0.00100603621730382,0.00352112676056338,0.00955734406438632,0,0.00553319919517103,0.543762575452716,0.00201207243460765,0,0,0,0,0,0,0.00704225352112676,0,0.00503018108651911,0.00050301810865191,0.00050301810865191,0,0,0.0392354124748491,0.00050301810865191,0.00352112676056338,0,0.00251509054325956,0.00150905432595573,0,0,0.00050301810865191,0,0,0,0,0,0,0,0,0.00352112676056338,0,0,0.00050301810865191,0,0,0,0,0,0.0105633802816901,0,0,0,0
"mgm4718356",0.104166666666667,0.024390243902439,0.0040650406504065,0.353658536585366,0.00660569105691057,0.00609756097560976,0,0.00152439024390244,0,0.0116869918699187,0,0.00050813008130081,0,0.00050813008130081,0,0.00050813008130081,0.00101626016260163,0,0.00050813008130081,0,0.00050813008130081,0,0.00050813008130081,0,0,0,0.00050813008130081,0,0,0,0,0,0,0,0,0.00050813008130081,0,0.00050813008130081,0,0,0,0,0,0,0,0,0,0,0,0,0,0.00203252032520325,0.00050813008130081,0.00101626016260163,0,0.00050813008130081,0,0,0,0,0,0,0,0,0,0,0,0,0,0,0,0,0,0,0.00101626016260163,0.00101626016260163,0,0,0.00304878048780488,0,0,0,0,0.00101626016260163,0,0,0,0,0,0,0,0,0,0,0,0,0,0,0,0,0.00762195121951219,0,0,0,0.0106707317073171,0.00050813008130081,0.0132113821138211,0.00965447154471545,0,0.00203252032520325,0.0101626016260163,0.00050813008130081,0.00203252032520325,0.335365853658537,0.00101626016260163,0.00050813008130081,0.00050813008130081,0,0,0,0,0.0121951219512195,0,0.00558943089430894,0.00152439024390244,0.00050813008130081,0,0,0.038109756097561,0.00101626016260163,0.00304878048780488,0,0.00050813008130081,0.00050813008130081,0,0,0.00101626016260163,0,0,0,0,0,0,0.00203252032520325,0,0.00101626016260163,0,0,0,0,0,0,0,0,0.0111788617886179,0,0,0,0
"mgm4718357",0.115484429065744,0.018598615916955,0.00519031141868512,0.216695501730104,0.00821799307958477,0.00562283737024221,0,0.00129757785467128,0.00086505190311418,0.0190311418685121,0,0.00043252595155709,0,0,0,0,0,0,0,0,0,0,0,0,0,0,0.00043252595155709,0,0,0,0,0,0,0,0,0.00043252595155709,0,0,0,0,0,0,0,0,0,0,0,0,0,0,0,0,0.00043252595155709,0.00043252595155709,0,0.00043252595155709,0,0.00043252595155709,0,0,0,0,0,0,0,0,0,0,0,0,0,0.00086505190311418,0,0,0.00043252595155709,0,0,0,0.00389273356401384,0,0,0,0,0.00043252595155709,0,0.00043252595155709,0,0,0,0,0,0.00043252595155709,0,0,0,0,0,0,0,0,0.00562283737024221,0,0,0,0.0064878892733564,0.00086505190311418,0.00735294117647059,0.00778546712802768,0,0.00432525951557093,0.00865051903114187,0.00086505190311418,0.00216262975778547,0.472750865051903,0.00043252595155709,0,0.00043252595155709,0,0,0,0,0.00908304498269896,0,0.00519031141868512,0.00086505190311418,0.00086505190311418,0,0,0.0436851211072664,0.00086505190311418,0.00129757785467128,0,0.00259515570934256,0.00129757785467128,0.00043252595155709,0,0.00086505190311418,0,0.00043252595155709,0,0,0,0,0,0,0.00389273356401384,0,0,0,0,0,0,0,0,0.0103806228373702,0,0,0,0
"mgm4718358",0.116374269005848,0.0222222222222222,0.00233918128654971,0.325730994152047,0.00584795321637427,0.00292397660818713,0,0.00058479532163742,0,0.0116959064327485,0,0,0,0.00116959064327485,0,0,0,0,0,0,0,0,0,0,0,0,0,0,0,0,0,0,0,0,0,0.00058479532163742,0,0,0,0,0,0,0,0,0,0,0,0,0,0,0,0.00116959064327485,0.00058479532163742,0.00116959064327485,0,0,0,0,0.00058479532163742,0,0.00058479532163742,0.00058479532163742,0,0,0,0,0.00058479532163742,0,0,0,0,0,0,0,0,0,0,0,0.00292397660818713,0,0,0.00058479532163742,0,0,0,0,0,0,0.00058479532163742,0,0,0,0,0,0,0,0,0,0,0,0.00818713450292398,0,0,0,0.00467836257309942,0.00116959064327485,0.00994152046783626,0.012280701754386,0.00175438596491228,0.00292397660818713,0.0087719298245614,0,0.00350877192982456,0.346198830409357,0.00116959064327485,0,0.00116959064327485,0,0,0,0,0.012280701754386,0,0.00467836257309942,0.00058479532163742,0.00116959064327485,0,0,0.0549707602339181,0.00058479532163742,0.00292397660818713,0,0.00233918128654971,0.00350877192982456,0,0,0.00058479532163742,0,0,0,0,0.00058479532163742,0,0.00058479532163742,0,0.00116959064327485,0,0,0,0,0,0,0,0,0.0134502923976608,0,0,0,0
"mgm4718359",0.0830728003573024,0.029477445288075,0.00357302367128182,0.355069227333631,0.00982581509602501,0.00446627958910228,0.00044662795891022,0.00133988387673068,0,0.015631978561858,0,0.00044662795891022,0.00044662795891022,0,0,0,0.00178651183564091,0,0.00089325591782045,0.00044662795891022,0.00044662795891022,0,0,0.00044662795891022,0,0.00044662795891022,0.00044662795891022,0,0,0,0,0,0,0,0,0,0,0,0,0,0,0,0,0,0,0,0,0,0,0,0,0.00223313979455114,0,0.00133988387673068,0.00089325591782045,0.00089325591782045,0,0.00044662795891022,0,0,0,0,0.00044662795891022,0,0,0,0,0,0,0,0.00044662795891022,0.00044662795891022,0,0,0.00133988387673068,0,0.00044662795891022,0,0.00535953550692273,0,0.00044662795891022,0.00044662795891022,0,0,0,0,0,0,0,0,0,0,0,0,0,0,0,0,0,0,0.00357302367128182,0,0.00044662795891022,0,0.00580616346583296,0.00133988387673068,0.00937918713711478,0.00893255917820455,0.00044662795891022,0.00267976775346137,0.0111656989727557,0.00044662795891022,0.00535953550692273,0.347923179991067,0.00133988387673068,0.00044662795891022,0,0,0.00044662795891022,0,0,0.00714604734256364,0,0.00267976775346137,0,0,0.00089325591782045,0,0.041089772219741,0.00089325591782045,0.00267976775346137,0,0.00446627958910228,0.00312639571237159,0.00044662795891022,0,0,0,0,0,0,0,0,0.00089325591782045,0,0.00312639571237159,0,0,0,0,0,0,0,0,0.00893255917820455,0,0,0,0
"mgm4718360",0.0871780356637419,0.0300028304557034,0.00283045570336824,0.266062836116615,0.00509482026606284,0.00566091140673648,0.00056609114067364,0.0011321822813473,0.00028304557033682,0.0150014152278517,0,0.00056609114067364,0,0.00028304557033682,0,0.00028304557033682,0.00084913671101047,0,0,0,0.00084913671101047,0,0,0,0,0,0.00028304557033682,0.00028304557033682,0,0,0,0,0,0.00028304557033682,0,0,0,0,0,0,0,0,0,0,0,0,0,0,0,0,0,0.00028304557033682,0,0.00084913671101047,0,0,0.00028304557033682,0,0.00056609114067364,0,0,0,0,0,0,0,0,0,0,0,0,0,0,0.00028304557033682,0.0011321822813473,0,0.00028304557033682,0,0.00141522785168412,0,0,0,0,0.00028304557033682,0,0,0,0.00028304557033682,0,0,0,0,0,0,0,0,0,0,0,0,0.00764223039909425,0,0,0,0.00566091140673648,0.00028304557033682,0.00792527596943108,0.00905745825077837,0.00028304557033682,0.00367959241437872,0.00962354939145202,0.00028304557033682,0.00283045570336824,0.458250778375318,0,0.00056609114067364,0,0.00028304557033682,0.00028304557033682,0,0,0.0124540050948203,0,0.00396263798471554,0.00169827342202095,0.00056609114067364,0,0,0.037078969714124,0.00056609114067364,0.00169827342202095,0,0.00056609114067364,0.00141522785168412,0,0,0,0,0,0,0,0,0,0.00028304557033682,0,0.00198131899235777,0,0,0,0,0,0,0,0,0.00792527596943108,0,0,0,0
"mgm4718361",0.101421800947867,0.0151658767772512,0.0018957345971564,0.211374407582938,0.00758293838862559,0.0161137440758294,0.00094786729857819,0.00094786729857819,0,0.0312796208530806,0,0,0.00094786729857819,0.00094786729857819,0,0.00094786729857819,0,0,0,0,0.00094786729857819,0,0,0,0,0,0,0,0,0,0,0,0,0,0,0.00094786729857819,0.00094786729857819,0.00094786729857819,0,0,0,0,0,0,0,0,0,0,0,0,0,0.0018957345971564,0,0.00094786729857819,0,0,0,0,0,0,0.0018957345971564,0,0,0,0,0,0,0,0,0,0,0,0,0,0.00094786729857819,0,0,0,0.0037914691943128,0,0,0,0,0,0,0,0,0,0,0,0,0,0,0,0,0,0.00094786729857819,0,0,0,0.00568720379146919,0,0.00094786729857819,0,0.004739336492891,0.00094786729857819,0.00853080568720379,0.0170616113744076,0,0.0037914691943128,0.004739336492891,0.0018957345971564,0.00947867298578199,0.422748815165877,0,0,0,0,0,0,0,0.0161137440758294,0,0.004739336492891,0.00094786729857819,0.00094786729857819,0,0,0.0654028436018957,0.00094786729857819,0.0018957345971564,0,0.00663507109004739,0.0037914691943128,0.00094786729857819,0,0.00094786729857819,0,0,0,0,0,0,0,0,0.004739336492891,0,0,0,0,0,0.00094786729857819,0,0,0.00663507109004739,0,0,0,0
"mgm4718362",0.107556977209116,0.0239904038384646,0.00159936025589764,0.358256697321072,0.00479808076769292,0.00679728108756497,0,0.00079968012794882,0.00039984006397441,0.00759696121551379,0,0,0,0.00039984006397441,0,0.00039984006397441,0.00079968012794882,0.00039984006397441,0,0,0,0,0,0,0,0.00039984006397441,0.00039984006397441,0,0,0,0,0,0,0,0,0,0,0.00039984006397441,0,0,0,0,0,0.00039984006397441,0,0,0,0,0,0,0,0.00119952019192323,0,0.00079968012794882,0.00039984006397441,0,0.00079968012794882,0,0,0,0.00039984006397441,0,0,0,0,0,0.00039984006397441,0,0,0,0,0,0,0,0.00039984006397441,0,0,0.00039984006397441,0.00319872051179528,0,0,0,0,0.00039984006397441,0,0,0,0,0,0,0,0,0,0,0,0,0,0,0,0,0.00559776089564174,0,0,0,0.00319872051179528,0.00079968012794882,0.00999600159936026,0.00839664134346262,0.00159936025589764,0.00119952019192323,0.0123950419832067,0.00039984006397441,0.00439824070371851,0.349460215913635,0.00079968012794882,0,0,0,0,0,0,0.00479808076769292,0,0.00479808076769292,0.00079968012794882,0.00119952019192323,0,0,0.0447820871651339,0.00119952019192323,0.00079968012794882,0,0.00279888044782087,0.00239904038384646,0,0,0.00079968012794882,0,0.00039984006397441,0,0,0,0,0.00039984006397441,0,0.00319872051179528,0,0,0,0,0,0,0,0,0.00959616153538585,0,0,0,0
"mgm4718363",0.0674603174603175,0.0198412698412698,0.00099206349206349,0.206845238095238,0.00694444444444444,0.0064484126984127,0,0.00148809523809524,0,0.0143849206349206,0,0,0,0.00049603174603174,0,0.00148809523809524,0.00049603174603174,0,0,0,0.00049603174603174,0,0,0.00049603174603174,0,0,0,0,0,0,0,0,0,0,0,0,0,0,0,0,0.00049603174603174,0,0,0,0,0,0,0,0,0,0,0.00049603174603174,0.00049603174603174,0.00099206349206349,0,0.00049603174603174,0,0,0,0,0,0.00049603174603174,0,0,0,0,0.00049603174603174,0,0,0,0,0,0,0.00049603174603174,0.00049603174603174,0,0,0,0.00198412698412698,0,0,0,0,0.00049603174603174,0,0,0,0,0,0,0,0,0,0,0,0,0,0,0,0,0.00595238095238095,0,0,0,0.00248015873015873,0,0.0128968253968254,0.00942460317460317,0.00099206349206349,0.00446428571428571,0.00248015873015873,0.00049603174603174,0.00347222222222222,0.544642857142857,0.00148809523809524,0,0,0,0,0,0,0.0128968253968254,0,0.00347222222222222,0.00198412698412698,0.00049603174603174,0,0,0.0431547619047619,0.00099206349206349,0.00099206349206349,0,0.00049603174603174,0.00148809523809524,0.00049603174603174,0,0,0,0,0,0,0,0,0.00049603174603174,0,0.00248015873015873,0,0,0.00049603174603174,0,0,0,0,0,0.00595238095238095,0,0,0,0
"mgm4718364",0.131527093596059,0.0123152709359606,0.00147783251231527,0.175369458128079,0.00344827586206897,0.00443349753694581,0,0.00098522167487684,0,0.0103448275862069,0,0.00098522167487684,0,0,0,0,0,0,0,0,0,0,0,0,0,0,0.00049261083743842,0,0,0,0,0,0,0,0.00049261083743842,0.00049261083743842,0,0.00049261083743842,0,0,0,0,0,0,0,0,0,0,0,0,0,0.00049261083743842,0,0.00049261083743842,0,0.00049261083743842,0,0.00049261083743842,0.00049261083743842,0,0,0.00049261083743842,0,0,0,0,0,0,0,0,0,0,0,0,0.00049261083743842,0,0,0,0.00394088669950739,0,0,0,0,0,0,0,0,0,0,0,0,0,0,0,0,0,0,0,0,0,0.00246305418719212,0,0,0,0.00541871921182266,0.00147783251231527,0.00640394088669951,0.00689655172413793,0.00049261083743842,0.00098522167487684,0.00788177339901478,0,0.00344827586206897,0.554679802955665,0.00049261083743842,0,0,0,0,0,0,0.00640394088669951,0,0.00246305418719212,0.00049261083743842,0.00049261083743842,0,0,0.0364532019704433,0,0.00098522167487684,0,0.00098522167487684,0.00049261083743842,0,0,0,0,0.00049261083743842,0,0,0.00049261083743842,0,0,0,0.00049261083743842,0,0,0,0,0,0,0,0,0.00886699507389163,0,0,0,0
"mgm4578704",0.0921435981818552,0.139012135280463,0.00222408567250338,0.379197566163158,0.00417694138494538,0.00033451695074237,6.10267410138124e-05,0.00178107673773645,0.00044752943410129,0.00933031062611176,3.16434953404953e-05,0.0001762994740399,0.00014917647803376,3.842424434203e-05,4.29447436763865e-05,0.00031643495340495,0.00033903745007673,5.87664913466341e-05,0.00024410696405525,5.65062416794559e-05,0.00023280571571935,9.71907356886642e-05,8.5889487352773e-05,0.00011301248335891,5.42459920122777e-05,7.91087383512383e-05,9.26702363543077e-05,0.00010171123502302,2.26024966717824e-05,5.87664913466341e-05,2.48627463389606e-05,9.94509853558424e-05,9.04099866871295e-06,2.03422470046041e-05,9.94509853558424e-05,7.23279893497036e-05,2.03422470046041e-05,2.71229960061388e-05,9.04099866871295e-05,6.55472403481689e-05,2.48627463389606e-05,3.39037450076735e-05,3.39037450076735e-05,1.80819973374259e-05,4.97254926779212e-05,4.97254926779212e-05,0,7.23279893497036e-05,0,2.03422470046041e-05,0,0.00019212122171015,0.00012657398136198,0.00030965420440341,0.00023280571571935,0.00011301248335891,7.45882390168818e-05,6.78074900153471e-05,0.00010623173435737,0.00012657398136198,2.48627463389606e-05,2.71229960061388e-05,4.52049933435647e-05,7.684848868406e-05,1.35614980030694e-05,6.78074900153471e-06,1.13012483358912e-05,9.26702363543077e-05,0.00028931195739881,5.87664913466341e-05,0.00012657398136198,0.00018986097204297,2.48627463389606e-05,0.0001446559786994,0.0003842424434203,0.00018760072237579,8.13689880184165e-05,2.71229960061388e-05,0.00010171123502302,2.71229960061388e-05,4.7465243010743e-05,7.45882390168818e-05,1.80819973374259e-05,6.78074900153471e-06,9.04099866871295e-05,5.42459920122777e-05,2.03422470046041e-05,1.80819973374259e-05,7.684848868406e-05,2.93832456733171e-05,1.80819973374259e-05,2.48627463389606e-05,1.13012483358912e-05,6.78074900153471e-06,0,1.13012483358912e-05,9.04099866871295e-06,4.52049933435647e-06,4.52049933435647e-06,2.26024966717824e-06,3.842424434203e-05,7.45882390168818e-05,9.04099866871295e-06,2.26024966717824e-06,0.0025857256192519,0.00082725137818723,0.00177881648806927,0.00030739395473624,0.00016047772636965,0.00010171123502302,0.0148860043080359,0.0008204706291857,0.0035418112284683,0.314574767928865,0.00046109093210436,0.00041362568909361,4.29447436763865e-05,0.00029835295606752,5.19857423450994e-05,8.36292376855948e-05,4.52049933435647e-06,4.97254926779212e-05,4.29447436763865e-05,0.00128382181095724,0.00124539756661521,0.00201162220378863,0.0001243137316948,0.00011753298269326,0.00533870971387499,0.00032547595207366,0.00331578626175047,3.39037450076735e-05,0.00238230314920586,0.00047465243010743,0.00013787522969787,4.29447436763865e-05,0.00018308022304143,4.06844940092083e-05,0.00030739395473624,4.06844940092083e-05,4.52049933435647e-06,0.00015143672770094,3.39037450076735e-05,0.00025766846205831,2.26024966717824e-06,0.00338811425110018,8.5889487352773e-05,4.52049933435647e-06,3.16434953404953e-05,1.13012483358912e-05,2.26024966717824e-06,0,0,0,0.00159573626502783,4.29447436763865e-05,1.80819973374259e-05,4.97254926779212e-05,4.52049933435647e-06
"mgm4578705",0.090555406493158,0.154250833684695,0.00228065468204991,0.465349380965158,0.00518417723944958,0.00035455555981448,0.00010540840967457,0.00158112614511863,0.00020123423665146,0.00784813522940703,9.58258269768868e-05,0.00022998198474452,0.0002491471501399,0.00010540840967457,2.8747748093066e-05,0.00021081681934915,0.00041205105600061,0.00017248648855839,0.00030664264632603,8.62432442791981e-05,0.00022039940204684,5.74954961861321e-05,0.00014373874046533,0.00010540840967457,3.83303307907547e-05,0.00011499099237226,0.00018206907125608,0.00012457357506995,3.83303307907547e-05,0,1.91651653953774e-05,5.74954961861321e-05,0,0.00015332132316301,1.91651653953774e-05,5.74954961861321e-05,3.83303307907547e-05,2.8747748093066e-05,9.58258269768868e-05,1.91651653953774e-05,3.83303307907547e-05,9.58258269768868e-05,0.00014373874046533,8.62432442791981e-05,2.8747748093066e-05,0,0,9.58258269768868e-06,9.58258269768868e-06,1.91651653953774e-05,0,0.00040246847330292,4.79129134884434e-05,0.0004216336386983,0.00032580781172141,0.00015332132316301,0.00010540840967457,5.74954961861321e-05,0.00011499099237226,0.00010540840967457,0,3.83303307907547e-05,1.91651653953774e-05,0.00012457357506995,9.58258269768868e-06,0,4.79129134884434e-05,5.74954961861321e-05,0.00022998198474452,2.8747748093066e-05,6.70780788838208e-05,0.00022039940204684,3.83303307907547e-05,0.00029706006362834,0.00045038138679136,0.00022998198474452,0.00013415615776764,5.74954961861321e-05,0.00011499099237226,3.83303307907547e-05,0.00011499099237226,2.8747748093066e-05,9.58258269768868e-06,9.58258269768868e-06,6.70780788838208e-05,4.79129134884434e-05,8.62432442791981e-05,5.74954961861321e-05,0.00013415615776764,1.91651653953774e-05,0,9.58258269768868e-06,0,0,3.83303307907547e-05,1.91651653953774e-05,0,9.58258269768868e-06,9.58258269768868e-06,0,3.83303307907547e-05,0,0,9.58258269768868e-06,0.00255854958028288,0.00082410211200122,0.00100617118325731,0.00044079880409367,0.0003353903944191,6.70780788838208e-05,0.00665989497489363,0.00074744145041971,0.00431216221395991,0.226187281996244,0.00072827628502434,0.00034497297711679,1.91651653953774e-05,0.00020123423665146,6.70780788838208e-05,4.79129134884434e-05,4.79129134884434e-05,4.79129134884434e-05,0.00010540840967457,0.00114990992372264,0.00142780482195561,0.00191651653953774,0.00015332132316301,6.70780788838208e-05,0.00387136340986623,0.00064203304074514,0.00131281382958335,9.58258269768868e-06,0.00256813216298057,0.00065161562344283,0.0001629039058607,2.8747748093066e-05,0.00021081681934915,5.74954961861321e-05,0.00020123423665146,6.70780788838208e-05,1.91651653953774e-05,0.00015332132316301,3.83303307907547e-05,0.00022998198474452,9.58258269768868e-06,0.00275978381693434,0.00013415615776764,1.91651653953774e-05,1.91651653953774e-05,9.58258269768868e-06,0,0,0,0,0.00100617118325731,8.62432442791981e-05,3.83303307907547e-05,1.91651653953774e-05,9.58258269768868e-06
"mgm4578706",0.0875306289136945,0.191609379254016,0.00197386332698067,0.310032670841274,0.00325006806425265,0.00021270078954533,0.00011060441056357,0.00149741355839913,0.00033181323169071,0.00416893547508848,0.00010209637898175,0.00021270078954533,0.00016165260005445,9.35883473999455e-05,3.40321263272529e-05,0.00024673291587258,0.00030628913694527,9.35883473999455e-05,0.00018717669479989,0.00010209637898175,0.00016165260005445,5.95562210726926e-05,7.65722842363191e-05,6.80642526545059e-05,2.55240947454397e-05,0.00011060441056357,5.95562210726926e-05,0.00010209637898175,3.40321263272529e-05,1.70160631636265e-05,2.55240947454397e-05,5.10481894908794e-05,1.70160631636265e-05,9.35883473999455e-05,0,5.10481894908794e-05,1.70160631636265e-05,8.50803158181323e-06,1.70160631636265e-05,5.95562210726926e-05,3.40321263272529e-05,1.70160631636265e-05,7.65722842363191e-05,2.55240947454397e-05,6.80642526545059e-05,3.40321263272529e-05,0,0,1.70160631636265e-05,1.70160631636265e-05,0,0.00017866866321807,9.35883473999455e-05,0.00021270078954533,0.00023822488429077,5.95562210726926e-05,5.10481894908794e-05,2.55240947454397e-05,1.70160631636265e-05,5.10481894908794e-05,8.50803158181323e-06,1.70160631636265e-05,8.50803158181323e-06,7.65722842363191e-05,8.50803158181323e-06,2.55240947454397e-05,2.55240947454397e-05,0.00014463653689082,0.00035733732643615,1.70160631636265e-05,7.65722842363191e-05,0.00035733732643615,2.55240947454397e-05,0.00020419275796351,0.0003233052001089,0.00012762047372719,6.80642526545059e-05,1.70160631636265e-05,0.00011060441056357,1.70160631636265e-05,5.10481894908794e-05,6.80642526545059e-05,3.40321263272529e-05,2.55240947454397e-05,8.50803158181323e-06,1.70160631636265e-05,1.70160631636265e-05,4.25401579090662e-05,1.70160631636265e-05,8.50803158181323e-06,2.55240947454397e-05,1.70160631636265e-05,8.50803158181323e-06,8.50803158181323e-06,0,8.50803158181323e-06,2.55240947454397e-05,1.70160631636265e-05,1.70160631636265e-05,0,3.40321263272529e-05,8.50803158181323e-06,1.70160631636265e-05,0,0.00249285325347128,0.00059556221072692,0.00159100190579907,0.00034032126327252,0.00023822488429077,0.00045943370541791,0.0115113667301933,0.00079124693710863,0.00273107813776205,0.351722025592159,0.0003913694527634,0.00038286142118159,7.65722842363191e-05,0.00025524094745439,3.40321263272529e-05,5.95562210726926e-05,0,3.40321263272529e-05,3.40321263272529e-05,0.00109753607405391,0.00155696977947182,0.00216104002178056,0.00018717669479989,9.35883473999455e-05,0.00339470460114348,0.00031479716852709,0.00201640348488974,3.40321263272529e-05,0.00228015246392595,0.00044241764225428,0.00011060441056357,4.25401579090662e-05,0.00017016063163626,5.10481894908794e-05,0.00030628913694527,2.55240947454397e-05,3.40321263272529e-05,0.00013612850530901,0,0.00026374897903621,0,0.00307990743261639,6.80642526545059e-05,0,1.70160631636265e-05,8.50803158181323e-06,0,0,0,0,0.00125068064252655,5.95562210726926e-05,1.70160631636265e-05,1.70160631636265e-05,0
