samples,Pseudomonadota,Actinomycetota,Chloroflexota,Bacillota,Cyanobacteriota,Candidatus.Melainabacteria,Candidatus.Margulisbacteria,Deinococcota,Armatimonadota,Mycoplasmatota,Thermomicrobiota,Candidatus.Kaiserbacteria,Candidatus.Nomurabacteria,Candidatus.Yanofskybacteria,Candidatus.Falkowbacteria,Candidatus.Magasanikbacteria,Candidatus.Nealsonbacteria,Candidatus.Uhrbacteria,Candidatus.Giovannonibacteria,Candidatus.Moranbacteria,Candidatus.Zambryskibacteria,Candidatus.Staskawiczbacteria,Candidatus.Wolfebacteria,Candidatus.Harrisonbacteria,Candidatus.Taylorbacteria,Candidatus.Buchananbacteria,Candidatus.Jorgensenbacteria,Candidatus.Liptonbacteria,Candidatus.Ryanbacteria,Candidatus.Komeilibacteria,Candidatus.Kerfeldbacteria,Candidatus.Terrybacteria,Candidatus.Spechtbacteria,Candidatus.Parcubacteria,Candidatus.Woesebacteria,Candidatus.Gottesmanbacteria,Candidatus.Roizmanbacteria,Candidatus.Levybacteria,Candidatus.Daviesbacteria,Candidatus.Curtissbacteria,Candidatus.Shapirobacteria,Candidatus.Beckwithbacteria,Candidatus.Amesbacteria,Candidatus.Collierbacteria,Candidatus.Woykebacteria,Candidatus.Pacebacteria,Candidatus.Microgenomates,Candidatus.Gracilibacteria,Candidatus.Rokubacteria,Candidatus.Handelsmanbacteria,Candidatus.Schekmanbacteria,Candidatus.Aminicenantes,candidate.division.WWE3,Candidatus.Peregrinibacteria,Candidatus.Doudnabacteria,Candidatus.Berkelbacteria,Candidatus.Gribaldobacteria,Candidatus.Saccharibacteria,Candidatus.Eisenbacteria,Candidatus.Desantisbacteria,Candidatus.Edwardsbacteria,Candidatus.Ratteibacteria,Candidatus.Raymondbacteria,Candidatus.Bipolaricaulota,Candidatus.Blackallbacteria,candidate.division.CPR2,Candidatus.Fischerbacteria,Candidatus.Absconditabacteria,Planctomycetota,Candidatus.Omnitrophica,Verrucomicrobiota,Lentisphaerota,Chlamydiota,Kiritimatiellota,Thermodesulfobacteriota,Nitrospirota,Campylobacterota,Bacteroidota,Ignavibacteriota,Chlorobiota,Balneolota,Gemmatimonadota,candidate.division.Zixibacteria,Candidatus.Marinimicrobia,Fibrobacterota,Candidatus.Cloacimonetes,Elusimicrobiota,Acidobacteriota,Myxococcota,Nitrospinota,Spirochaetota,Bdellovibrionota,Synergistota,Caldisericota,Fusobacteriota,Thermotogota,Atribacterota,Chrysiogenota,Aquificota,Deferribacterota,Nitrososphaerota,Thermoproteota,Euryarchaeota,Candidatus.Woesearchaeota,Candidatus.Micrarchaeota,Candidatus.Altiarchaeota,Candidatus.Heimdallarchaeota
mgm4440026,0.068639798488665,0.008816120906801,0.0,0.447732997481108,0.0006297229219143,0.0,0.0,0.0,0.0,0.0,0.0,0.0,0.0,0.0,0.0,0.0,0.0,0.0,0.0,0.0,0.0,0.0,0.0,0.0,0.0,0.0,0.0,0.0,0.0,0.0,0.0,0.0,0.0,0.0,0.0,0.0,0.0,0.0,0.0,0.0,0.0,0.0,0.0,0.0,0.0,0.0,0.0,0.0,0.0,0.0,0.0,0.0,0.0,0.0,0.0,0.0,0.0,0.0,0.0,0.0,0.0,0.0,0.0,0.0,0.0,0.0,0.0,0.0,0.0,0.0,0.0,0.0,0.0,0.0,0.0,0.0,0.001889168765743,0.472292191435768,0.0,0.0,0.0,0.0,0.0,0.0,0.0,0.0,0.0,0.0,0.0,0.0,0.0,0.0,0.0,0.0,0.0,0.0,0.0,0.0,0.0,0.0,0.0,0.0,0.0,0.0,0.0,0.0,0.0
mgm4440051,0.171714724174138,0.0064211291495032,0.0,0.285316210322268,8.0768920119538e-05,0.0,0.0,0.0,0.0,0.0,0.0,0.0,0.0,0.0,0.0,0.0,0.0,0.0,0.0,0.0,0.0,0.0,0.0,0.0,0.0,0.0,0.0,0.0,0.0,0.0,0.0,0.0,0.0,0.0,0.0,0.0,0.0,0.0,0.0,0.0,0.0,0.0,0.0,0.0,0.0,0.0,0.0,0.0,0.0,0.0,0.0,0.0,0.0,0.0,0.0,0.0,0.0,0.0,0.0,0.0,0.0,0.0,0.0,0.0,0.0,0.0,0.0,0.0,0.0,0.0,0.0,0.0,0.0,0.0,0.0,0.0,0.0045634439867539,0.531822954527098,0.0,0.0,0.0,0.0,0.0,0.0,0.0,0.0,0.0,0.0,0.0,0.0,4.0384460059769e-05,0.0,0.0,0.0,0.0,0.0,0.0,0.0,0.0,0.0,0.0,0.0,4.0384460059769e-05,0.0,0.0,0.0,0.0
mgm4440441,0.0658421244088759,0.0054565296471444,0.0003637686431429,0.447799199708985,0.0003637686431429,0.0,0.0,0.0,0.0,0.0,0.0,0.0,0.0,0.0,0.0,0.0,0.0,0.0,0.0,0.0,0.0,0.0,0.0,0.0,0.0,0.0,0.0,0.0,0.0,0.0,0.0,0.0,0.0,0.0,0.0,0.0,0.0,0.0,0.0,0.0,0.0,0.0,0.0,0.0,0.0,0.0,0.0,0.0,0.0,0.0,0.0,0.0,0.0,0.0,0.0,0.0,0.0,0.0,0.0,0.0,0.0,0.0,0.0,0.0,0.0,0.0,0.0,0.0,0.0,0.0,0.0,0.0,0.0,0.0,0.0,0.0,0.0025463805020007,0.477264459803565,0.0,0.0,0.0,0.0,0.0,0.0,0.0,0.0,0.0,0.0,0.0,0.0,0.0,0.0,0.0,0.0,0.0,0.0,0.0,0.0,0.0,0.0,0.0,0.0,0.0,0.0,0.0003637686431429,0.0,0.0
mgm4503256,0.0631498470948012,0.435830784913354,5.09683995922528e-05,0.45203873598369,0.0001019367991845,0.0,0.0,5.09683995922528e-05,0.0,0.0,0.0,0.0,0.0,0.0,0.0,0.0,0.0,5.09683995922528e-05,0.0,0.0,0.0,0.0,0.0,0.0,0.0,0.0,0.0,0.0,0.0,0.0,0.0,0.0,0.0,0.0,0.0,0.0,0.0,0.0,0.0,0.0,0.0,0.0,0.0,0.0,0.0,0.0,0.0,0.0,0.0,0.0,0.0,0.0,0.0,0.0,0.0,0.0,0.0,0.0,0.0,0.0,0.0,0.0,0.0,0.0,0.0,0.0,0.0,0.0,5.09683995922528e-05,0.0,0.0,0.0,0.0,0.0,5.09683995922528e-05,0.0,0.0074923547400611,0.0402650356778797,0.0,0.0,0.0,0.0,0.0,0.0,0.0,0.0,0.0,5.09683995922528e-05,0.0,0.0,0.0001019367991845,5.09683995922528e-05,0.0,0.0,0.000611620795107,0.0,0.0,0.0,0.0,0.0,0.0,0.0,5.09683995922528e-05,0.0,0.0,0.0,0.0
mgm4503257,0.950808052168982,0.0345903033739722,0.0001417635384179,0.001701162461015,0.0,0.0,0.0,0.0,0.0,0.0,0.0,0.0,0.0,0.0,0.0,0.0,0.0,0.0,0.0,0.0,0.0,0.0,0.0,0.0,0.0,0.0,0.0,0.0,0.0,0.0,0.0,0.0,0.0,0.0,0.0,0.0,0.0,0.0,0.0,0.0,0.0,0.0,0.0,0.0,0.0,0.0,0.0,0.0,0.0,0.0,0.0,0.0,0.0,0.0,0.0,0.0,0.0,0.0,0.0,0.0,0.0,0.0,0.0,0.0,0.0,0.0,0.0,0.0,0.0,0.0,0.0,0.0,0.0,0.0,0.0,0.0,0.0,0.0001417635384179,0.0,0.0,0.0,0.0,0.0,0.0,0.0,0.0,0.0,0.0119081372271052,0.0,0.0,0.0,0.0,0.0,0.0,0.0,0.0,0.0,0.0,0.0,0.0,0.0,0.0,0.0007088176920895,0.0,0.0,0.0,0.0
mgm4503259,0.0104741928632116,0.592037489379779,0.0,0.39695730671198,0.0001725785896346,0.0,0.0,1.32752761257434e-05,0.0,0.0,0.0,0.0,0.0,0.0,0.0,0.0,0.0,0.0,0.0,0.0,0.0,0.0,0.0,0.0,0.0,0.0,0.0,0.0,0.0,0.0,0.0,0.0,0.0,0.0,0.0,0.0,0.0,0.0,0.0,0.0,0.0,0.0,0.0,0.0,0.0,0.0,0.0,0.0,0.0,0.0,0.0,0.0,0.0,0.0,0.0,0.0,0.0,0.0,0.0,1.32752761257434e-05,0.0,0.0,0.0,0.0,0.0,0.0,0.0,0.0,0.0,2.65505522514868e-05,0.0,0.0,0.0,0.0,7.96516567544605e-05,0.0,2.65505522514868e-05,0.0001062022090059,0.0,0.0,0.0,0.0,0.0,0.0,0.0,0.0,0.0,0.0,0.0,0.0,3.98258283772302e-05,0.0,0.0,0.0,0.0,0.0,0.0,1.32752761257434e-05,0.0,0.0,0.0,3.98258283772302e-05,0.0,0.0,0.0,0.0,0.0
mgm4503260,0.671758640443002,0.0343708229902616,0.0,0.235631086499905,0.001718541149513,0.0,0.0,0.0,0.0,0.0,0.0,0.0,0.0,0.0,0.0,0.0,0.0,0.0,0.0,0.0,0.0,0.0,0.0,0.0,0.0,0.0,0.0,0.0,0.0,0.0,0.0,0.0,0.0,0.0001909490166125,0.0,0.0,0.0,0.0,0.0001909490166125,0.0,0.0,0.0,0.0,0.0,0.0,0.0,0.0,0.0,0.0,0.0,0.0,0.0,0.0,0.0,0.0,0.0,0.0,0.0,0.0,0.0,0.0,0.0,0.0,0.0,0.0,0.0,0.0,0.0,0.0213862898606072,0.0,0.0,0.0,0.0,0.0,0.0,0.0,0.0005728470498376,0.0318884857742983,0.0,0.0,0.0,0.0,0.0,0.0,0.0,0.0,0.0001909490166125,0.0019094901661256,0.0,0.0,0.0001909490166125,0.0,0.0,0.0,0.0,0.0,0.0,0.0,0.0,0.0,0.0,0.0,0.0,0.0,0.0,0.0,0.0
mgm4503261,0.473112974839665,0.311626377240585,2.34923767237531e-05,0.215002231775789,0.0,0.0,0.0,0.0,0.0,0.0,0.0,0.0,0.0,0.0,0.0,0.0,0.0,0.0,0.0,0.0,0.0,0.0,0.0,0.0,0.0,0.0,0.0,0.0,0.0,0.0,0.0,0.0,0.0,0.0,0.0,0.0,0.0,0.0,0.0,0.0,0.0,0.0,0.0,0.0,0.0,0.0,0.0,0.0,0.0,0.0,0.0,0.0,0.0,0.0,0.0,0.0,0.0,0.0,0.0,0.0,0.0,0.0,0.0,0.0,0.0,0.0,0.0,0.0,0.0,0.0,0.0,0.0,0.0,0.0,7.04771301712594e-05,0.0,0.0,9.39695068950126e-05,0.0,0.0,0.0,0.0,0.0,0.0,0.0,0.0,0.0,0.0,0.0,0.0,2.34923767237531e-05,0.0,0.0,0.0,0.0,0.0,0.0,0.0,0.0,0.0,0.0,2.34923767237531e-05,2.34923767237531e-05,0.0,0.0,0.0,0.0
mgm4503262,0.993342528247838,0.0056230438703517,0.0,0.0001060951673651,0.0,0.0,0.0,0.0,0.0,0.0,0.0,0.0,0.0,0.0,0.0,0.0,0.0,0.0,0.0,0.0,0.0,0.0,0.0,0.0,0.0,0.0,0.0,0.0,0.0,0.0,0.0,0.0,0.0,0.0,0.0,0.0,0.0,0.0,0.0,0.0,0.0,0.0,0.0,0.0,0.0,0.0,0.0,0.0,0.0,0.0,0.0,0.0,0.0,0.0,0.0,0.0,0.0,0.0,0.0,0.0,0.0,0.0,0.0,0.0,0.0,0.0,0.0,0.0,0.0,0.0,0.0,0.0,0.0,0.0,5.30475836825633e-05,0.0,0.0,0.0,0.0,0.0,0.0,0.0,0.0,0.0,0.0,0.0,0.0,0.0007691899633971,2.65237918412816e-05,0.0,0.0,0.0,0.0,0.0,0.0,0.0,0.0,0.0,0.0,0.0,0.0,0.0,7.95713755238449e-05,0.0,0.0,0.0,0.0
mgm4503266,0.585128855090832,0.001056189269117,0.0,0.0154203633291086,0.0,0.0,0.0,0.0,0.0,0.0002112378538234,0.0,0.0,0.0,0.0,0.0,0.0,0.0,0.0,0.0,0.0,0.0,0.0,0.0,0.0,0.0,0.0,0.0,0.0,0.0,0.0,0.0,0.0,0.0,0.0,0.0,0.0,0.0,0.0,0.0,0.0,0.0,0.0,0.0,0.0,0.0,0.0,0.0,0.0,0.0,0.0,0.0,0.0,0.0,0.0,0.0,0.0,0.0,0.0,0.0,0.0,0.0,0.0,0.0,0.0,0.0,0.0,0.0,0.0,0.0,0.0,0.0,0.0,0.0,0.0,0.0,0.0,0.0,0.229404309252218,0.0,0.0,0.0,0.0,0.0,0.0,0.0,0.0,0.0004224757076468,0.0002112378538234,0.0004224757076468,0.0,0.0,0.0,0.0,0.0,0.167722855935784,0.0,0.0,0.0,0.0,0.0,0.0,0.0,0.0,0.0,0.0,0.0,0.0
mgm4503268,0.865654205607477,0.0957943925233645,0.0,0.0052570093457943,0.0,0.0,0.0,0.0,0.0,0.0,0.0,0.0,0.0,0.0,0.0,0.0,0.0,0.0,0.0,0.0,0.0,0.0,0.0,0.0,0.0,0.0,0.0,0.0,0.0,0.0,0.0,0.0,0.0,0.0,0.0,0.0,0.0,0.0,0.0,0.0,0.0,0.0,0.0,0.0,0.0,0.0,0.0,0.0,0.0,0.0,0.0,0.0,0.0,0.0,0.0,0.0,0.0,0.0,0.0,0.0,0.0,0.0,0.0,0.0,0.0,0.0,0.0,0.0,0.0,0.0,0.0,0.0,0.0,0.0,0.0,0.0,0.0,0.0,0.0,0.0,0.0,0.0,0.0,0.0,0.0,0.0,0.0,0.0321261682242991,0.0,0.0,0.0,0.0,0.0,0.0,0.0,0.0,0.0,0.0,0.0,0.0,0.0,0.0,0.0011682242990654,0.0,0.0,0.0,0.0
mgm4503270,0.24608525445846,0.383536320139191,3.62476439031463e-05,0.138973466724663,0.0,0.0,0.0,3.62476439031463e-05,0.0,9.06191097578657e-05,0.0,0.0,0.0,0.0,0.0,0.0,0.0,0.0,0.0,0.0,0.0,0.0,0.0,0.0,0.0,1.81238219515731e-05,0.0,0.0,0.0,0.0,0.0,0.0,0.0,0.0,0.0,0.0,0.0,0.0,0.0,0.0,0.0,0.0,0.0,0.0,0.0,0.0,0.0,0.0,0.0,0.0,0.0,0.0,0.0,0.0,0.0,0.0,0.0,0.0,0.0,0.0,0.0,0.0,0.0,0.0,0.0,0.0,0.0,0.0,1.81238219515731e-05,0.0,0.0,5.43714658547194e-05,0.0,0.0,1.81238219515731e-05,1.81238219515731e-05,1.81238219515731e-05,0.230444396114253,0.0,0.0,0.0,0.0,0.0,0.0,0.0,0.0,1.81238219515731e-05,0.0,3.62476439031463e-05,0.0,7.24952878062926e-05,0.0,0.0,0.0,0.0004893431926924,1.81238219515731e-05,0.0,0.0,0.0,0.0,0.0,0.0,1.81238219515731e-05,0.0,0.0,0.0,0.0
mgm4503272,0.910551558752998,0.0215609330717244,0.0,0.0541094397209505,2.18007412252017e-05,0.0,0.0,0.0,0.0,0.0,0.0,0.0,0.0,0.0,0.0,0.0,0.0,0.0,0.0,0.0,0.0,0.0,0.0,0.0,0.0,0.0,0.0,0.0,0.0,0.0,0.0,0.0,0.0,0.0,0.0,0.0,0.0,0.0,2.18007412252017e-05,0.0,0.0,0.0,0.0,0.0,0.0,0.0,0.0,0.0,0.0,0.0,0.0,0.0,0.0,0.0,0.0,0.0,0.0,0.0,0.0,0.0,0.0,0.0,0.0,0.0,0.0,0.0,0.0,0.0,0.0036080226727708,0.0,0.0,0.0,0.0,0.0,0.0,0.0,0.0,0.0087856987137562,0.0,0.0,0.0,0.0,0.0,0.0,0.0,0.0,0.0,0.0012753433616743,0.0,0.0,1.09003706126008e-05,0.0,0.0,0.0,2.18007412252017e-05,0.0,0.0,0.0,0.0,0.0,0.0,0.0,3.27011118378025e-05,0.0,0.0,0.0,0.0
mgm4503273,0.901161365105548,0.0378502485455072,0.0,0.0529858897483337,0.0003566572301107,0.0,0.0,0.0020730701500189,0.0,0.0,0.0,0.0,0.0,0.0,0.0,0.0,0.0,0.0,0.0,0.0,0.0,0.0,0.0,0.0,0.0,0.0,0.0,0.0,0.0,0.0,0.0,0.0,0.0,0.0,0.0,0.0,0.0,0.0,2.22910768819242e-05,0.0,0.0,0.0,0.0,0.0,0.0,0.0,0.0,0.0,0.0,0.0,0.0,0.0,0.0,0.0,0.0,0.0,0.0,0.0,0.0,0.0,0.0,0.0,0.0,0.0,0.0,0.0,0.0,0.0,4.45821537638483e-05,0.0,0.0,0.0,0.0,0.0,0.0,6.68732306457725e-05,2.22910768819242e-05,0.0003120750763469,0.0,0.0,0.0,0.0,0.0,0.0,0.0,0.0,0.0,0.0046588350683221,0.0003343661532288,0.0,0.0,0.0,0.0,0.0,0.0,0.0,0.0,0.0,0.0,0.0,0.0,0.0,0.0001114553844096,0.0,0.0,0.0,0.0
mgm4503275,0.641282381039868,0.200624655520852,0.0,0.157404005144222,0.0,0.0,0.0,0.0,0.0,0.0,0.0,0.0,0.0,0.0,0.0,0.0,0.0,0.0,0.0,0.0,0.0,0.0,0.0,0.0,0.0,0.0,0.0,0.0,0.0,0.0,0.0,0.0,0.0,0.0,0.0,0.0,0.0,0.0,0.0,0.0,0.0,0.0,0.0,0.0,0.0,0.0,0.0,0.0,0.0,0.0,0.0,0.0,0.0,0.0,0.0,0.0,0.0,0.0,0.0,0.0,0.0,0.0,0.0,0.0,0.0,0.0,0.0,0.0,9.18611060077163e-05,0.0,0.0,0.0,0.0,0.0,0.0,0.0,0.0,4.59305530038582e-05,0.0,0.0,0.0,0.0,0.0,0.0,0.0,0.0,0.0,0.0001837222120154,0.0001837222120154,0.0,4.59305530038582e-05,0.0,0.0,0.0,0.0,0.0,0.0,0.0,0.0,0.0,0.0,0.0,0.0001377916590115,0.0,0.0,0.0,0.0
mgm4503276,0.504432542852279,0.15776447942174,0.0,0.33750180051593,0.0,0.0,0.0,0.0,0.0,0.0,0.0,0.0,0.0,0.0,0.0,0.0,0.0,0.0,0.0,0.0,0.0,0.0,0.0,0.0,0.0,0.0,0.0,0.0,0.0,0.0,0.0,0.0,0.0,0.0,0.0,0.0,0.0,0.0,0.0,0.0,0.0,0.0,0.0,0.0,0.0,0.0,0.0,0.0,0.0,0.0,0.0,0.0,0.0,0.0,0.0,0.0,0.0,0.0,0.0,0.0,0.0,0.0,0.0,0.0,0.0,0.0,0.0,0.0,1.30946613065853e-05,0.0,0.0,0.0,0.0,0.0,2.61893226131706e-05,0.0,1.30946613065853e-05,0.0001964199195987,0.0,0.0,0.0,0.0,0.0,0.0,0.0,0.0,0.0,1.30946613065853e-05,1.30946613065853e-05,0.0,1.30946613065853e-05,0.0,0.0,0.0,0.0,0.0,0.0,0.0,0.0,0.0,0.0,0.0,1.30946613065853e-05,0.0,0.0,0.0,0.0
mgm4503278,0.181718407024145,0.503188042228494,2.61314936761785e-05,0.31441413191178,2.61314936761785e-05,0.0,0.0,2.61314936761785e-05,0.0,5.22629873523571e-05,0.0,0.0,0.0,0.0,0.0,0.0,0.0,0.0,0.0,0.0,0.0,0.0,0.0,0.0,0.0,0.0,0.0,0.0,0.0,0.0,0.0,0.0,0.0,0.0,0.0,0.0,0.0,0.0,0.0,0.0,0.0,0.0,0.0,2.61314936761785e-05,0.0,0.0,0.0,0.0,0.0,0.0,0.0,0.0,0.0,0.0,0.0,0.0,0.0,2.61314936761785e-05,0.0,0.0,0.0,0.0,0.0,0.0,0.0,0.0,0.0,0.0,2.61314936761785e-05,0.0,0.0,0.0,0.0,0.0,0.0,0.0,2.61314936761785e-05,0.0002613149367617,7.83944810285356e-05,2.61314936761785e-05,0.0,0.0,0.0,0.0,0.0,0.0,0.0,2.61314936761785e-05,0.0,0.0,2.61314936761785e-05,0.0,0.0,0.0,0.0,0.0,0.0,0.0,0.0,0.0,0.0,0.0,2.61314936761785e-05,0.0,0.0,0.0,0.0
mgm4503279,0.428343558282209,0.539631901840491,0.0004907975460122,0.0256441717791411,0.0,0.0,0.0,0.0003680981595092,0.0,0.0,0.0,0.0,0.0,0.0,0.0,0.0,0.0,0.0,0.0,0.0,0.0,0.0,0.0,0.0,0.0,0.0,0.0,0.0,0.0,0.0,0.0,0.0,0.0,0.0,0.0,0.0,0.0,0.0,0.0,0.0,0.0,0.0,0.0,0.0,0.0,0.0,0.0,0.0,0.0,0.0,0.0,0.0,0.0,0.0,0.0,0.0,0.0,0.0003680981595092,0.0,0.0,0.0,0.0,0.0,0.0,0.0,0.0,0.0,0.0,0.0011042944785276,0.0,0.0,0.0,0.0,0.0,0.000122699386503,0.000122699386503,0.0,0.0014723926380368,0.0,0.0,0.0,0.0,0.0,0.0,0.0,0.0,0.0,0.0017177914110429,0.0003680981595092,0.0,0.0,0.0,0.0,0.0,0.0,0.0,0.0,0.0,0.000122699386503,0.0,0.0,0.0,0.000122699386503,0.0,0.0,0.0,0.0
mgm4503280,0.405013927576602,0.515877437325905,0.0,0.079108635097493,0.0,0.0,0.0,0.0,0.0,0.0,0.0,0.0,0.0,0.0,0.0,0.0,0.0,0.0,0.0,0.0,0.0,0.0,0.0,0.0,0.0,0.0,0.0,0.0,0.0,0.0,0.0,0.0,0.0,0.0,0.0,0.0,0.0,0.0,0.0,0.0,0.0,0.0,0.0,0.0,0.0,0.0,0.0,0.0,0.0,0.0,0.0,0.0,0.0,0.0,0.0,0.0,0.0,0.0,0.0,0.0,0.0,0.0,0.0,0.0,0.0,0.0,0.0,0.0,0.0,0.0,0.0,0.0,0.0,0.0,0.0,0.0,0.0,0.0,0.0,0.0,0.0,0.0,0.0,0.0,0.0,0.0,0.0,0.0,0.0,0.0,0.0,0.0,0.0,0.0,0.0,0.0,0.0,0.0,0.0,0.0,0.0,0.0,0.0,0.0,0.0,0.0,0.0
mgm4503281,0.993335946687574,0.0044326508458221,0.0008744685342098,0.0002713867864789,0.0,0.0,0.0,0.0,0.0,0.0,0.0,0.0,0.0,0.0,0.0,0.0,0.0,0.0,0.0,0.0,0.0,0.0,0.0,0.0,0.0,0.0,0.0,0.0,0.0,0.0,0.0,0.0,0.0,0.0,0.0,0.0,0.0,0.0,0.0,0.0,0.0,0.0,0.0,0.0,0.0,0.0,0.0,0.0,0.0,0.0,0.0,0.0,0.0,0.0,0.0,0.0,0.0,0.0,0.0,0.0,0.0,0.0,0.0,0.0,0.0,0.0,0.0,0.0,0.0,0.0,0.0,0.0,0.0,0.0,0.0,0.0,0.0,0.0,0.0,0.0,0.0,0.0,0.0,0.0,0.0,0.0,0.0,0.0009950848837559,0.0,0.0,3.01540873865452e-05,0.0,0.0,0.0,0.0,0.0,0.0,0.0,0.0,0.0,0.0,0.0,6.03081747730905e-05,0.0,0.0,0.0,0.0
mgm4503282,0.565748124078073,0.147059452294931,0.0,0.18464202492678,8.55121106526712e-05,0.0,0.0,0.0,0.0,0.0001496461936421,0.0,0.0,2.13780276631678e-05,0.0,0.0,0.0,0.0,0.0,0.0,0.0,0.0,0.0,0.0,0.0,0.0,0.0,0.0,0.0,0.0,0.0,0.0,2.13780276631678e-05,0.0,0.0,0.0,0.0,0.0,0.0,0.0,0.0,0.0,0.0,0.0,0.0,0.0,0.0,0.0,0.0,0.0,2.13780276631678e-05,0.0,0.0,0.0,0.0,0.0,0.0,0.0,0.0,0.0,0.0,0.0,0.0,0.0,0.0,0.0,0.0,0.0,0.0,0.0,0.0,0.0,0.0,0.0,0.0,8.55121106526712e-05,6.41340829895034e-05,2.13780276631678e-05,0.101738033649016,0.0,4.27560553263356e-05,0.0,0.0,0.0,0.0,0.0,0.0,2.13780276631678e-05,0.0,0.0,0.0,0.000128268165979,0.0,0.0,0.0,0.0001068901383158,0.0,0.0,2.13780276631678e-05,0.0,0.0,0.0,0.0,2.13780276631678e-05,0.0,0.0,0.0,0.0
mgm4503283,0.385869565217391,0.0,0.0,0.396739130434783,0.0,0.0,0.0,0.0,0.0,0.0,0.0,0.0,0.0,0.0,0.0,0.0,0.0,0.0,0.0,0.0,0.0,0.0,0.0,0.0,0.0,0.0,0.0,0.0,0.0,0.0,0.0,0.0,0.0108695652173913,0.0,0.0,0.0,0.0271739130434783,0.0,0.0,0.0,0.0,0.0,0.0,0.0,0.0,0.0,0.0,0.0,0.0,0.0,0.0,0.0,0.0,0.0,0.0,0.0,0.0,0.0108695652173913,0.0,0.0,0.0,0.0,0.0,0.0,0.0,0.0,0.0,0.0,0.0,0.0,0.0,0.0,0.0,0.0,0.0,0.0,0.0489130434782609,0.119565217391304,0.0,0.0,0.0,0.0,0.0,0.0,0.0,0.0,0.0,0.0,0.0,0.0,0.0,0.0,0.0,0.0,0.0,0.0,0.0,0.0,0.0,0.0,0.0,0.0,0.0,0.0,0.0,0.0,0.0
mgm4503284,0.400719447775221,0.373691544868263,0.0,0.222153806267622,3.24075574423956e-05,0.0,0.0,0.0,0.0,6.48151148847911e-05,0.0,0.0,0.0,0.0,0.0,0.0,0.0,0.0,0.0,0.0,0.0,0.0,0.0,0.0,0.0,0.0,0.0,0.0,0.0,0.0,0.0,0.0,0.0,0.0,0.0,0.0,0.0,0.0,0.0,0.0,0.0,0.0,0.0,0.0,0.0,0.0,0.0,0.0,0.0,0.0,0.0,0.0,0.0,0.0,0.0,0.0,0.0,6.48151148847911e-05,0.0,0.0,0.0,0.0,0.0,0.0,0.0,0.0,0.0,0.0,0.0,0.0,0.0,0.0,0.0,0.0,0.0002268529020967,0.0,3.24075574423956e-05,0.0029166801698156,0.0,0.0,3.24075574423956e-05,3.24075574423956e-05,0.0,0.0,0.0,0.0,0.0,0.0,0.0,0.0,0.0,0.0,0.0,0.0,0.0,0.0,0.0,0.0,0.0,0.0,0.0,0.0,3.24075574423956e-05,0.0,0.0,0.0,0.0
mgm4503285,0.960907752449612,0.0002538457633142,0.0,0.01929227801188,0.0001015383053256,0.0,0.0,0.0,0.0,0.0001015383053256,0.0,0.0,0.0,0.0,0.0,0.0,0.0,0.0,0.0,0.0,0.0,0.0,0.0,0.0,0.0,0.0,0.0,0.0,0.0,0.0,0.0,0.0,0.0,0.0,0.0,0.0,0.0023861501751535,0.0,0.0,0.0,0.0,0.0,0.0,0.0,0.0,0.0,0.0,0.0,0.0,0.0,0.0,0.0,0.0,0.0,0.0,0.0,0.0,0.0,0.0,0.0,0.0,0.0,0.0,0.0,0.0,0.0,0.0,0.0,0.0,0.0,0.0,0.0,0.0,0.0,0.0001015383053256,0.0,0.0013707671218967,0.0152307457988526,0.0001523074579885,0.0,0.0,0.0,0.0,0.0,0.0,0.0,0.0,5.07691526628421e-05,0.0,0.0,5.07691526628421e-05,0.0,0.0,0.0,0.0,0.0,0.0,0.0,0.0,0.0,0.0,0.0,0.0,0.0,0.0,0.0,0.0
mgm4503286,0.897118415128321,0.0093801590874981,0.0,0.0935014257841813,0.0,0.0,0.0,0.0,0.0,0.0,0.0,0.0,0.0,0.0,0.0,0.0,0.0,0.0,0.0,0.0,0.0,0.0,0.0,0.0,0.0,0.0,0.0,0.0,0.0,0.0,0.0,0.0,0.0,0.0,0.0,0.0,0.0,0.0,0.0,0.0,0.0,0.0,0.0,0.0,0.0,0.0,0.0,0.0,0.0,0.0,0.0,0.0,0.0,0.0,0.0,0.0,0.0,0.0,0.0,0.0,0.0,0.0,0.0,0.0,0.0,0.0,0.0,0.0,0.0,0.0,0.0,0.0,0.0,0.0,0.0,0.0,0.0,0.0,0.0,0.0,0.0,0.0,0.0,0.0,0.0,0.0,0.0,0.0,0.0,0.0,0.0,0.0,0.0,0.0,0.0,0.0,0.0,0.0,0.0,0.0,0.0,0.0,0.0,0.0,0.0,0.0,0.0
mgm4503287,0.982757884853399,0.0005548205368955,0.0,0.0094746276300627,0.0002133925141906,0.0,0.0,0.0,0.0,0.0,0.0,0.0,0.0,0.0,0.0,0.0,0.0,0.0,0.0,0.0,0.0,0.0,0.0,0.0,0.0,0.0,0.0,0.0,0.0,0.0,0.0,0.0,0.0,0.0,0.0,0.0,0.0017498186163629,0.0,0.0,0.0,0.0,0.0,0.0,0.0,0.0,0.0,0.0,0.0,0.0,0.0,0.0,0.0,0.0,0.0,0.0,0.0,0.0,0.0,0.0,0.0,0.0,0.0,0.0,0.0,0.0,0.0,0.0,0.0,0.0,0.0,0.0,0.0,0.0,0.0,0.0,0.0,0.0,0.0051640988434125,0.0,0.0,0.0,0.0,0.0,0.0,0.0,0.0,0.0,4.26785028381204e-05,0.0,0.0,0.0,0.0,0.0,0.0,0.0,0.0,0.0,0.0,0.0,0.0,0.0,0.0,4.26785028381204e-05,0.0,0.0,0.0,0.0
mgm4503288,0.901444350042481,0.0428730148356317,0.0,0.0555192471080322,0.0,0.0,0.0,0.0,0.0,0.0,0.0,0.0,0.0,0.0,0.0,0.0,0.0,0.0,0.0,0.0,0.0,0.0,0.0,0.0,0.0,0.0,0.0,0.0,0.0,0.0,0.0,0.0,0.0,0.0,0.0,0.0,0.0,0.0,0.0,0.0,0.0,0.0,0.0,0.0,0.0,0.0,0.0,0.0,0.0,0.0,0.0,0.0,0.0,0.0,0.0,0.0,0.0,0.0,0.0,0.0,0.0,0.0,0.0,0.0,0.0,0.0,0.0,0.0,0.0,0.0,3.26776027710607e-05,0.0,0.0,0.0,0.0,0.0,0.0,9.80328083131821e-05,0.0,0.0,0.0,0.0,0.0,0.0,0.0,0.0,0.0,0.0,0.0,0.0,3.26776027710607e-05,0.0,0.0,0.0,0.0,0.0,0.0,0.0,0.0,0.0,0.0,0.0,0.0,0.0,0.0,0.0,0.0
mgm4503289,0.788898335965019,0.0004858496295396,0.0,0.0821085873922021,0.0012146240738491,0.0,0.0,0.0,0.0,0.0001214624073849,0.0,0.0,0.0,0.0,0.0,0.0,0.0,0.0,0.0,0.0,0.0,0.0,0.0,0.0,0.0,0.0,0.0,0.0,0.0,0.0,0.0,0.0,0.0,0.0,0.0,0.0,0.0256285679582169,0.0001214624073849,0.0,0.0,0.0,0.0,0.0,0.0,0.0,0.0,0.0,0.0,0.0,0.0,0.0,0.0,0.0,0.0,0.0,0.0,0.0,0.0,0.0,0.0,0.0,0.0,0.0,0.0,0.0,0.0,0.0,0.0,0.0001214624073849,0.0,0.0,0.0,0.0001214624073849,0.0,0.0,0.0,0.0,0.101178185351634,0.0,0.0,0.0,0.0,0.0,0.0,0.0,0.0,0.0,0.0,0.0,0.0,0.0,0.0,0.0,0.0,0.0,0.0,0.0,0.0,0.0,0.0,0.0,0.0,0.0,0.0,0.0,0.0,0.0
mgm4503290,0.185943484748266,0.148110261656078,1.53824855020074e-05,0.496208217323755,0.000107677398514,7.69124275100371e-06,0.0,1.53824855020074e-05,0.0,9.22949130120445e-05,7.69124275100371e-06,2.30737282530111e-05,0.0,0.0,0.0,0.0,0.0,1.53824855020074e-05,7.69124275100371e-06,0.0,0.0,0.0,0.0,0.0,0.0,7.69124275100371e-06,7.69124275100371e-06,0.0,0.0,0.0,0.0,0.0,0.0,0.0,1.53824855020074e-05,7.69124275100371e-06,7.69124275100371e-06,0.0,0.0,2.30737282530111e-05,7.69124275100371e-06,0.0,0.0,0.0,0.0,0.0,0.0,0.0,0.0,0.0,1.53824855020074e-05,0.0,0.0,0.0,0.0,7.69124275100371e-06,0.0,0.0020535618145179,0.0,0.0,0.0,0.0,0.0,0.0,0.0,0.0,0.0,0.0,3.07649710040148e-05,3.07649710040148e-05,3.07649710040148e-05,0.0,1.53824855020074e-05,0.0,5.38386992570259e-05,2.30737282530111e-05,0.0006229906628313,0.127551569782645,0.0,0.0,0.0,0.0,0.0,0.0,0.0,0.0,1.53824855020074e-05,7.69124275100371e-06,7.69124275100371e-05,7.69124275100371e-06,0.0009921703148794,1.53824855020074e-05,0.0,0.0,0.0377255456936732,2.30737282530111e-05,1.53824855020074e-05,0.0,0.0,7.69124275100371e-06,0.0,0.0,4.61474565060222e-05,0.0,0.0,0.0,0.0
mgm4503291,0.380854411230788,0.0045988139900762,0.0002420428415829,0.171245310419944,0.0008471499455403,0.0,0.0,0.0,0.0,0.0020573641534551,0.0,0.0002420428415829,0.0,0.0,0.0,0.0001210214207914,0.0,0.0,0.0,0.0,0.0,0.0,0.0,0.0,0.0,0.0001210214207914,0.0,0.0,0.0,0.0,0.0,0.0,0.0,0.0,0.0003630642623744,0.0,0.0001210214207914,0.0002420428415829,0.0001210214207914,0.0,0.0010891927871233,0.0,0.0,0.0,0.0,0.0,0.0,0.0,0.0,0.0,0.0,0.0,0.0003630642623744,0.0002420428415829,0.0,0.0001210214207914,0.0,0.262132397434346,0.0,0.0001210214207914,0.0,0.0,0.0,0.0,0.0,0.0,0.0,0.0003630642623744,0.0001210214207914,0.0,0.0,0.0,0.0,0.0,0.0004840856831659,0.0001210214207914,0.097059179474767,0.0591794747670338,0.0008471499455403,0.0,0.0,0.0,0.0,0.0,0.0,0.0,0.0001210214207914,0.0,0.0,0.0,0.0075033280890717,0.0002420428415829,0.0,0.0,0.0077453709306547,0.0001210214207914,0.0,0.0,0.0,0.0,0.0,0.0,0.0008471499455403,0.0,0.0,0.0,0.0
mgm4503292,0.241078401412516,0.52938779667923,0.0,0.228922617228617,3.3954704424298e-05,0.0,0.0,0.0001358188176971,0.0,0.0,0.0,0.0,0.0,0.0,0.0,0.0,0.0,0.0,0.0,0.0,0.0,0.0,0.0,0.0,0.0,0.0,0.0,0.0,0.0,0.0,0.0,0.0,0.0,0.0,0.0,0.0,0.0,0.0,0.0,0.0,0.0,0.0,0.0,0.0,0.0,0.0,0.0,0.0,0.0,0.0,0.0,0.0,0.0,0.0,0.0,0.0,0.0,0.0,0.0,0.0,0.0,0.0,0.0,0.0,0.0,0.0,0.0,0.0,0.0,0.0,0.0,0.0,0.0,0.0,0.0,0.0,0.0,0.00023768293097,0.0,0.0,0.0,0.0,0.0,0.0,0.0,0.0,0.0,0.0,6.7909408848596e-05,0.0,0.0,3.3954704424298e-05,0.0,0.0,3.3954704424298e-05,3.3954704424298e-05,0.0,0.0,0.0,0.0,0.0,0.0,3.3954704424298e-05,0.0,0.0,0.0,0.0
mgm4503293,0.9098849779469,0.0011242757069964,0.0,0.0875781948168007,0.0002017930756147,0.0,0.0,0.0,0.0,2.88275822306783e-05,0.0,0.0,0.0,0.0,0.0,0.0,0.0,0.0,0.0,0.0,0.0,0.0,0.0,0.0,0.0,0.0,0.0,0.0,0.0,0.0,0.0,0.0,0.0,0.0,0.0,0.0,0.0002017930756147,0.0,0.0,0.0,0.0,0.0,0.0,0.0,0.0,0.0,0.0,0.0,0.0,0.0,0.0,0.0,0.0,0.0,0.0,0.0,0.0,0.0,0.0,0.0,0.0,0.0,0.0,0.0,0.0,0.0,0.0,0.0,0.0003171034045374,0.0,0.0,0.0,0.0,0.0,0.0,0.0,0.0,0.0005477240623828,0.0,0.0,0.0,0.0,0.0,0.0,0.0,0.0,0.0,5.76551644613566e-05,0.0,0.0,0.0,0.0,0.0,0.0,5.76551644613566e-05,0.0,0.0,0.0,0.0,0.0,0.0,0.0,0.0,0.0,0.0,0.0,0.0
mgm4548727,0.261928656144512,0.0738983669373232,0.0,0.45543289845817,0.0005473953106468,9.12325517744731e-05,9.12325517744731e-05,0.0001824651035489,0.0,0.0002736976553234,0.0,0.0,0.0,0.0,0.0,9.12325517744731e-05,0.0,0.0,0.0,0.0,0.0,0.0,0.0,0.0,0.0,9.12325517744731e-05,0.0,0.0,0.0,9.12325517744731e-05,0.0,0.0,0.0,9.12325517744731e-05,0.0,0.0,0.0,0.0,0.0,0.0,0.0,0.0,0.0,0.0,0.0,0.0,0.0,0.0,0.0,0.0,0.0,0.0,0.0,9.12325517744731e-05,0.0,0.0,0.0,0.0004561627588723,0.0,0.0,0.0,0.0,0.0,0.0,0.0,0.0,0.0,0.0,0.0,0.0,9.12325517744731e-05,0.0,0.0001824651035489,0.0,0.0,0.0,0.0046528601404981,0.184837149895083,0.0,0.0,0.0,0.0,0.0,0.0,0.0,0.0,0.0,0.0,9.12325517744731e-05,9.12325517744731e-05,0.0001824651035489,0.0,0.0,0.0,0.0072986041419578,0.0,0.0,0.0,0.0,0.0,0.0,0.0089407900738983,0.0002736976553234,0.0,0.0,0.0,0.0
mgm4548728,0.251154290111581,0.142747210465564,0.0,0.519141977683724,0.0005771450557906,0.0,0.0,0.0,0.0,0.0007695267410542,0.0,0.0,0.0,0.0,0.0,0.0,0.0,0.0,0.0,0.0,0.0,0.0,0.0,0.0,0.0,0.0,0.0,0.0,0.0,0.0,0.0,0.0,0.0,0.0,9.61908426317815e-05,0.0,9.61908426317815e-05,0.0,0.0,0.0,0.0,9.61908426317815e-05,0.0,0.0,0.0,0.0,0.0,0.0,0.0,0.0,0.0,0.0,0.0,9.61908426317815e-05,0.0,0.0,0.0,9.61908426317815e-05,0.0,0.0,0.0,0.0,0.0,0.0,0.0,0.0,0.0,0.0,9.61908426317815e-05,0.0,9.61908426317815e-05,9.61908426317815e-05,9.61908426317815e-05,0.0,9.61908426317815e-05,0.0,0.0010580992689496,0.0696421700654098,0.0,0.0,0.0,0.0,0.0,0.0,0.0,0.0,0.0,0.0,0.0,0.0,0.0006733358984224,0.0,0.0,0.0,0.0019238168526356,0.0,0.0,0.0,0.0,0.0,0.0,0.0112543285879184,9.61908426317815e-05,0.0,0.0,0.0,0.0
mgm4548729,0.422680412371134,0.0824742268041237,0.0,0.460481099656357,0.0,0.0,0.0,0.0,0.0,0.0034364261168384,0.0,0.0,0.0,0.0,0.0,0.0,0.0,0.0,0.0,0.0,0.0,0.0,0.0,0.0,0.0,0.0,0.0,0.0,0.0,0.0,0.0,0.0,0.0,0.0,0.0,0.0,0.0,0.0,0.0,0.0,0.0,0.0,0.0,0.0,0.0,0.0,0.0,0.0,0.0,0.0,0.0,0.0,0.0,0.0,0.0,0.0,0.0,0.0,0.0,0.0,0.0,0.0,0.0,0.0,0.0,0.0,0.0,0.0,0.0,0.0,0.0,0.0,0.0,0.0,0.0,0.0,0.0,0.0274914089347079,0.0,0.0,0.0,0.0,0.0,0.0,0.0,0.0,0.0,0.0,0.0,0.0,0.0,0.0,0.0,0.0,0.0034364261168384,0.0,0.0,0.0,0.0,0.0,0.0,0.0,0.0,0.0,0.0,0.0,0.0
mgm4548730,0.382657120127287,0.0803500397772474,0.0,0.428003182179793,0.0,0.0,0.0,0.0,0.0,0.0007955449482895,0.0,0.0,0.0,0.0,0.0,0.0007955449482895,0.0,0.0,0.0,0.0,0.0,0.0,0.0,0.0,0.0,0.0,0.0,0.0,0.0,0.0,0.0,0.0,0.0,0.0,0.0,0.0,0.0,0.0,0.0007955449482895,0.0,0.0,0.0,0.0,0.0,0.0,0.0,0.0,0.0,0.0,0.0,0.0,0.0,0.0,0.0,0.0,0.0,0.0,0.0,0.0,0.0,0.0,0.0,0.0,0.0,0.0,0.0,0.0,0.0,0.0,0.0,0.0,0.0,0.0,0.0,0.0,0.0,0.0007955449482895,0.0859188544152745,0.0,0.0,0.0,0.0,0.0,0.0,0.0,0.0,0.0,0.0,0.0,0.0,0.0015910898965791,0.0,0.0,0.0,0.0007955449482895,0.0,0.0,0.0,0.0,0.0,0.0,0.0175019888623707,0.0,0.0,0.0,0.0,0.0
mgm4548811,0.357851985559567,0.0985559566787004,0.0,0.446660649819495,0.000812274368231,0.0,0.0,0.0,0.0,0.0002707581227436,0.0,0.0,0.0,0.0,0.0,0.0,0.0,0.0,0.0,0.0,0.0,0.0,0.0,0.0,0.0,0.0,0.0,0.0,0.0,0.0,0.0,0.0,0.0,0.0,0.0,0.0,9.02527075812274e-05,0.0,9.02527075812274e-05,0.0,0.0,0.0,0.0,0.0,0.0,0.0,0.0,0.0,0.0,0.0,0.0,0.0,0.0,0.0,0.0,0.0,0.0,0.0,0.0,0.0,0.0,0.0,0.0,9.02527075812274e-05,0.0,0.0,0.0,0.0,0.0,0.0001805054151624,0.0002707581227436,0.0,0.0,0.0,9.02527075812274e-05,9.02527075812274e-05,0.0011732851985559,0.0779783393501805,0.0,0.0,0.0,9.02527075812274e-05,0.0,0.0,0.0,0.0,0.0,0.0,9.02527075812274e-05,0.0,0.0004512635379061,0.0,0.0,0.0,0.0026173285198556,0.0,0.0,0.0,0.0,0.0,0.0,0.0125451263537906,0.0,0.0,0.0,0.0,0.0
mgm4549010,0.301231303198083,0.185158251384183,2.47913395587142e-05,0.373060077679531,0.0001156929179406,0.0,0.0,8.26377985290472e-06,0.0,0.0001818031567639,0.0,0.0,0.0,0.0,0.0,0.0,0.0,0.0,0.0,0.0,0.0,0.0,0.0,8.26377985290472e-06,0.0,0.0,0.0,0.0,0.0,0.0,0.0,0.0,0.0,0.0,0.0,0.0,8.26377985290472e-06,0.0,8.26377985290472e-06,0.0,0.0,0.0,0.0,0.0,0.0,0.0,0.0,0.0,8.26377985290472e-06,0.0,0.0,8.26377985290472e-06,0.0,0.0,8.26377985290472e-06,0.0,0.0,5.7846458970333e-05,0.0,0.0,0.0,0.0,0.0,0.0,8.26377985290472e-06,0.0,0.0,0.0,4.13188992645236e-05,1.65275597058094e-05,1.65275597058094e-05,0.0,0.0,0.0,0.0002892322948516,8.26377985290472e-06,0.0006280472688207,0.128262127096934,8.26377985290472e-06,8.26377985290472e-06,0.0,0.0,0.0,0.0,0.0,0.0,0.0,3.30551194116189e-05,3.30551194116189e-05,0.0,0.0015122717130815,8.26377985290472e-06,9.91653582348566e-05,0.0,0.0085116932484918,0.0,0.0,0.0,0.0,0.0,0.0,0.0005040905710271,0.0001239566977935,0.0,0.0,0.0,0.0
mgm4549011,0.0651807556401196,0.262190812720848,5.43625985322098e-05,0.538515901060071,0.0001359064963305,0.0,0.0,2.71812992661049e-05,0.0,0.0,0.0,0.0,2.71812992661049e-05,0.0,0.0,5.43625985322098e-05,0.0,0.0,0.0,2.71812992661049e-05,0.0,0.0,0.0,2.71812992661049e-05,0.0,0.0,0.0,0.0,0.0,0.0,0.0,0.0,0.0,0.0,0.0,0.0,0.0,0.0,0.0,0.0,0.0,0.0,0.0,0.0,0.0,0.0,0.0,0.0,2.71812992661049e-05,0.0,0.0,2.71812992661049e-05,0.0,0.0,0.0,0.0,0.0,0.005979885838543,2.71812992661049e-05,0.0,0.0,0.0,0.0,0.0,0.0,0.0,0.0,0.0,2.71812992661049e-05,0.0,2.71812992661049e-05,0.0,0.0,0.0,0.0003533568904593,0.0,0.0063332427290024,0.102881217722207,0.0,2.71812992661049e-05,0.0,0.0003261755911932,0.0,2.71812992661049e-05,0.0,0.0,5.43625985322098e-05,0.0,0.0,0.0,0.0025822234302799,2.71812992661049e-05,0.000271812992661,0.0,0.0140799130198423,2.71812992661049e-05,0.0,0.0,0.0,0.0,0.0,0.0004892633867898,0.0001630877955966,0.0,0.0,0.0,0.0
mgm4549012,0.494113100605436,0.116552879041608,7.7289707587273e-05,0.281154192966637,5.15264717248486e-05,0.0,0.0,0.0,0.0,2.57632358624243e-05,0.0,2.57632358624243e-05,0.0,0.0,0.0,0.0,0.0,0.0,0.0,0.0,0.0,0.0,0.0,0.0,0.0,0.0,0.0,0.0,0.0,0.0,0.0,0.0,0.0,0.0,0.0,0.0,0.0,0.0,0.0,0.0,0.0,0.0,0.0,0.0,0.0,0.0,0.0,0.0,0.0,0.0,0.0,0.0,0.0,0.0,0.0,0.0,0.0,0.0,0.0,0.0,0.0,0.0,0.0,0.0,0.0,0.0,0.0,0.0,0.0,0.0,0.0,0.0,0.0,0.0,0.0,0.0,0.0024990338786551,0.101610202241402,0.0,0.0,0.0,2.57632358624243e-05,0.0,0.0,0.0,0.0,2.57632358624243e-05,5.15264717248486e-05,2.57632358624243e-05,0.0,0.0001288161793121,0.0,7.7289707587273e-05,0.0,0.0026536132938297,0.0,0.0,0.0,0.0,0.0,0.0,0.00085018678346,5.15264717248486e-05,0.0,0.0,0.0,0.0
mgm4549013,0.281286156079495,0.282430743175128,2.48148963822983e-05,0.431264287952058,8.6852137338044e-05,0.0,0.0,4.3426068669022e-05,3.10186204778729e-06,3.41204825256602e-05,0.0,6.20372409557457e-06,1.24074481911491e-05,3.10186204778729e-06,0.0,0.0,6.20372409557457e-06,3.10186204778729e-06,3.10186204778729e-06,3.10186204778729e-06,0.0,0.0,0.0,0.0,0.0,0.0,0.0,0.0,0.0,3.10186204778729e-06,3.10186204778729e-06,0.0,0.0,0.0,0.0,0.0,0.0,6.20372409557457e-06,3.10186204778729e-06,0.0,0.0,0.0,0.0,0.0,0.0,0.0,0.0,0.0,1.24074481911491e-05,0.0,3.10186204778729e-06,0.0,6.20372409557457e-06,0.0,0.0,0.0,0.0,3.10186204778729e-06,3.10186204778729e-06,0.0,0.0,3.10186204778729e-06,0.0,0.0,0.0,0.0,0.0,0.0,3.10186204778729e-05,1.86111722867237e-05,9.30558614336186e-06,3.10186204778729e-06,6.20372409557457e-06,0.0,8.06484132424694e-05,3.10186204778729e-05,6.82409650513203e-05,0.0036508916302456,3.10186204778729e-06,3.10186204778729e-06,0.0,6.20372409557457e-06,3.10186204778729e-06,0.0,0.0,0.0,2.79167584300856e-05,2.1713034334511e-05,9.92595855291932e-05,0.0,6.5139103003533e-05,3.10186204778729e-06,0.0,6.20372409557457e-06,5.58335168601712e-05,0.0,0.0,0.0,0.0,3.10186204778729e-06,3.10186204778729e-06,0.0004714830312636,7.13428270991076e-05,0.0,0.0,0.0,0.0
mgm4549014,0.336915297092288,0.195954487989886,0.0,0.353350189633375,0.0006321112515802,0.0,0.0,0.0,0.0,0.0006321112515802,0.0,0.0,0.0,0.0,0.0,0.0,0.0,0.0,0.0,0.0,0.0,0.0,0.0,0.0,0.0,0.0,0.0,0.0,0.0,0.0,0.0,0.0,0.0,0.0,0.0,0.0,0.0,0.0,0.0,0.0,0.0,0.0,0.0,0.0,0.0,0.0,0.0,0.0,0.0,0.0,0.0,0.0,0.0,0.0,0.0,0.0,0.0,0.0006321112515802,0.0,0.0,0.0,0.0,0.0,0.0,0.0,0.0,0.0,0.0,0.0,0.0,0.0,0.0,0.0,0.0,0.0,0.0006321112515802,0.0031605562579013,0.0777496839443742,0.0,0.0,0.0,0.0132743362831858,0.0,0.0,0.0,0.0,0.0,0.0,0.0,0.0,0.0018963337547408,0.0,0.0,0.0,0.0037926675094816,0.0,0.0,0.0,0.0,0.0,0.0,0.011378002528445,0.0,0.0,0.0,0.0,0.0
mgm4549015,0.901861056525257,0.0033522136169229,0.0,0.0931684198358571,0.0,0.0,0.0,0.0,0.0,0.0,0.0,0.0,0.0,0.0,0.0,0.0,0.0,0.0,0.0,0.0,0.0,0.0,0.0,0.0,0.0,0.0,0.0,0.0,0.0,0.0,0.0,0.0,0.0,0.0,0.0,0.0,0.0,0.0,0.0,0.0,0.0,0.0,0.0,0.0,0.0,0.0,0.0,0.0,0.0,0.0,0.0,0.0,0.0,0.0,0.0,0.0,0.0,0.0,0.0,0.0,0.0,0.0,0.0,0.0,0.0,0.0,0.0,0.0,0.0,0.0,0.0,0.0,0.0,0.0,0.0,0.0,0.0002311871459946,0.0011559357299734,0.0,0.0,0.0,0.0,0.0,0.0,0.0,0.0,0.0,0.0,0.0,0.0,0.0,0.0,0.0,0.0,0.0002311871459946,0.0,0.0,0.0,0.0,0.0,0.0,0.0,0.0,0.0,0.0,0.0,0.0
mgm4549016,0.236213252493497,0.270364340650087,5.61387750519284e-05,0.33565373603548,3.74258500346189e-05,0.0,0.0,3.74258500346189e-05,0.0,0.0,0.0,1.87129250173095e-05,0.0,0.0,0.0,1.87129250173095e-05,1.87129250173095e-05,0.0,0.0,0.0,0.0,0.0,0.0,0.0,0.0,1.87129250173095e-05,0.0,1.87129250173095e-05,0.0,0.0,0.0,0.0,0.0,0.0,0.0,0.0,0.0,0.0,0.0,0.0,0.0,0.0,0.0,0.0,0.0,0.0,0.0,0.0,3.74258500346189e-05,0.0,0.0,0.0,0.0,0.0,0.0,0.0,0.0,0.0044723890791369,0.0,0.0,0.0,0.0,0.0,0.0,0.0,0.0,1.87129250173095e-05,0.0,0.0001122775501038,0.0,1.87129250173095e-05,0.0,0.0,0.0,3.74258500346189e-05,0.0,0.0014783210763674,0.145867250509927,0.0,0.0,0.0,0.0,0.0,0.0,0.0,0.0,0.0,3.74258500346189e-05,0.0001309904751211,0.0,3.74258500346189e-05,3.74258500346189e-05,0.0,0.0,0.0046782312543273,0.0,0.0,0.0,0.0,0.0,0.0,0.0005239619004846,5.61387750519284e-05,0.0,0.0,0.0,0.0
mgm4549017,0.275665297850781,0.203402485200789,5.33304890405845e-05,0.396832168950989,0.0002133219561623,0.0,5.33304890405845e-05,0.0,0.0,0.0003199829342435,0.0,0.0,0.0,0.0,0.0,0.0,0.0,0.0,0.0,0.0,0.0,0.0,0.0,0.0,0.0,0.0,0.0,0.0,0.0,0.0,0.0,0.0,0.0,0.0,0.0,5.33304890405845e-05,5.33304890405845e-05,0.0,0.0,0.0,0.0,5.33304890405845e-05,0.0,0.0,0.0,0.0,0.0,0.0,0.0,0.0,5.33304890405845e-05,0.0,0.0,5.33304890405845e-05,0.0,0.0,0.0,0.000639965868487,0.0,0.0,0.0,0.0,0.0,0.0,5.33304890405845e-05,0.0,0.0,0.0,5.33304890405845e-05,0.0,0.0,0.0,0.0,0.0,0.0,0.0,0.0033598208095568,0.0759426163937923,0.0001066609780811,0.0001066609780811,0.0,0.003839795210922,0.0,0.0,0.0,0.0,0.0,0.0,0.0001599914671217,0.0,0.0030931683643539,0.0,0.0001599914671217,0.0,0.0325849288037971,5.33304890405845e-05,0.0,0.0,0.0,0.0,5.33304890405845e-05,0.0026131939629886,0.000373313423284,0.0,0.0,0.0,0.0
mgm4549018,0.141455696202532,0.157278481012658,0.0,0.532911392405063,0.000632911392405,0.0,0.0,0.0,0.0,0.0,0.0,0.0,0.0,0.0,0.0,0.0,0.0,0.0,0.0,0.0,0.0,0.0,0.0,0.0,0.0,0.0,0.0,0.0,0.0,0.0,0.0,0.0,0.0,0.0,0.0,0.0,0.0,0.0,0.0,0.0,0.0,0.0,0.0,0.0,0.0,0.0,0.0,0.0,0.0,0.0,0.0,0.0003164556962025,0.0,0.0,0.0,0.0,0.0,0.0,0.0,0.0,0.0,0.0,0.0,0.0,0.0,0.0,0.0,0.0,0.0,0.0,0.0,0.0,0.0,0.0,0.0,0.0,0.0022151898734177,0.14873417721519,0.0,0.0,0.0,0.0012658227848101,0.0,0.0,0.0,0.0,0.0,0.0,0.0,0.0,0.0012658227848101,0.0,0.0,0.0,0.0120253164556962,0.0,0.0,0.0,0.0,0.0,0.0,0.0018987341772151,0.0,0.0,0.0,0.0,0.0
mgm4549019,0.552608943568729,0.103681224690976,9.66454368856974e-06,0.324158459858318,0.0001546326990171,0.0,0.0,9.66454368856974e-06,0.0,7.73163495085579e-05,0.0,0.0,9.66454368856974e-06,0.0,0.0,9.66454368856974e-06,0.0,0.0,0.0,9.66454368856974e-06,0.0,0.0,0.0,0.0,9.66454368856974e-06,0.0,0.0,0.0,0.0,0.0,0.0,0.0,0.0,0.0,0.0,9.66454368856974e-06,0.0,2.89936310657092e-05,0.0,1.93290873771395e-05,0.0,0.0,0.0,0.0,0.0,0.0,0.0,0.0,2.89936310657092e-05,0.0,0.0,0.0,1.93290873771395e-05,9.66454368856974e-06,0.0,0.0,0.0,0.0007924925824627,0.0,0.0,0.0,0.0,0.0,0.0,0.0,9.66454368856974e-06,0.0,0.0,7.73163495085579e-05,9.66454368856974e-06,9.66454368856974e-06,0.0,9.66454368856974e-06,0.0,0.0,2.89936310657092e-05,0.0004735626407399,0.0157435416686801,3.8658174754279e-05,0.0,0.0,0.0,0.0,0.0,0.0,0.0,1.93290873771395e-05,0.0,9.66454368856974e-06,1.93290873771395e-05,0.0002222845048371,3.8658174754279e-05,1.93290873771395e-05,9.66454368856974e-06,0.0005895371650027,0.0,0.0,0.0,1.93290873771395e-05,0.0,0.0,0.0009471252814798,3.8658174754279e-05,9.66454368856974e-06,0.0,0.0,9.66454368856974e-06
mgm4549020,0.272389502618075,0.12762721961518,2.61284894597674e-05,0.465050532498615,0.0002926390819493,5.22569789195347e-06,0.0,4.70312810275812e-05,5.22569789195347e-06,0.0001881251241103,0.0,0.0,1.56770936758604e-05,0.0,0.0,5.22569789195347e-06,0.0,0.0,5.22569789195347e-06,0.0,1.56770936758604e-05,2.09027915678139e-05,0.0,5.22569789195347e-06,0.0,5.22569789195347e-06,0.0,0.0,1.04513957839069e-05,0.0,0.0,0.0,0.0,0.0,0.0,1.04513957839069e-05,3.13541873517208e-05,5.22569789195347e-06,5.22569789195347e-06,0.0,5.22569789195347e-06,0.0,5.22569789195347e-06,0.0,0.0,0.0,0.0,5.22569789195347e-06,5.22569789195347e-06,0.0,0.0,5.22569789195347e-06,5.22569789195347e-06,5.22569789195347e-06,5.22569789195347e-06,5.22569789195347e-06,0.0,0.0059834240862867,0.0,5.22569789195347e-06,5.22569789195347e-06,5.22569789195347e-06,0.0,0.0,0.0,0.0,1.04513957839069e-05,0.0,2.61284894597674e-05,5.22569789195347e-06,5.74826768114882e-05,1.56770936758604e-05,0.0,1.56770936758604e-05,8.8836864163209e-05,2.09027915678139e-05,0.0012175876088251,0.0996488331016607,2.61284894597674e-05,5.22569789195347e-06,0.0,0.0017401573980205,0.0,0.0,0.0,5.22569789195347e-06,1.56770936758604e-05,4.18055831356278e-05,7.83854683793021e-05,0.0,0.0006218580491424,3.13541873517208e-05,1.56770936758604e-05,3.65798852436743e-05,0.0227213344342137,2.09027915678139e-05,0.0,0.0,1.04513957839069e-05,1.04513957839069e-05,1.04513957839069e-05,0.0015938378570458,8.8836864163209e-05,0.0,0.0,5.22569789195347e-06,0.0
mgm4549021,0.285965480542316,0.143190967562815,2.31363657396696e-05,0.382420989310999,0.0003701818518347,2.31363657396696e-05,0.0,0.0,2.31363657396696e-05,0.0001156818286983,0.0,0.0,0.0,0.0,0.0,0.0,0.0,0.0,0.0,0.0,0.0,0.0,0.0,0.0,0.0,0.0,0.0,0.0,0.0,0.0,0.0,0.0,0.0,0.0,6.94090972190088e-05,0.0,0.0,0.0,0.0,0.0,0.0,0.0,0.0,0.0,0.0,0.0,0.0,0.0,0.0,0.0,0.0,0.0,0.0,0.0,0.0,0.0,0.0,0.0043727731247975,0.0,0.0,0.0,0.0,0.0,0.0,0.0,0.0,0.0,0.000138818194438,6.94090972190088e-05,0.0,0.0,6.94090972190088e-05,0.0,0.0,0.000138818194438,0.0,0.0068715006246818,0.11767155615196,0.0,0.0,0.0,0.0018971819906529,0.0,0.0,0.0,0.0,2.31363657396696e-05,4.62727314793392e-05,6.94090972190088e-05,0.0,0.0031696821063347,9.25454629586784e-05,0.0003239091203553,0.0,0.0515709592337236,0.0,0.0,0.0,0.0,0.0,2.31363657396696e-05,0.0011336819212438,0.0001156818286983,0.0,0.0,0.0,0.0
mgm4549506,0.226152287692048,0.450447408407901,0.0,0.301283133547189,0.0001688333614722,0.0,0.0,0.0,0.0,0.0001688333614722,0.0,0.0,0.0,0.0,0.0,0.0,8.44166807361135e-05,0.0,0.0,0.0,0.0,0.0,0.0,0.0,0.0,0.0,0.0,0.0,0.0,0.0,0.0,0.0,0.0,0.0,0.0,0.0,0.0,0.0,0.0,0.0,0.0,0.0,0.0,0.0,0.0,0.0,0.0,0.0,0.0,0.0,0.0,0.0,0.0,0.0,0.0,0.0,0.0,8.44166807361135e-05,0.0,0.0,0.0,0.0,0.0,0.0,0.0,0.0,0.0,0.0,0.0,0.0,0.0,8.44166807361135e-05,8.44166807361135e-05,0.0,0.0,0.0,0.0005065000844166,0.017136586189431,0.0,0.0,0.0,0.0,0.0,0.0,0.0,0.0,8.44166807361135e-05,0.0,0.0,0.0,0.0001688333614722,0.0,0.0,0.0,0.0034610839101806,0.0,0.0,0.0,0.0,0.0,0.0,8.44166807361135e-05,0.0,0.0,0.0,0.0,0.0
mgm4549855,0.0917647058823529,0.851764705882353,0.0,0.0541176470588235,0.0,0.0,0.0,0.0,0.0,0.0,0.0,0.0,0.0,0.0,0.0,0.0,0.0,0.0,0.0,0.0,0.0,0.0,0.0,0.0,0.0,0.0,0.0,0.0,0.0,0.0,0.0,0.0,0.0,0.0,0.0,0.0,0.0,0.0,0.0,0.0,0.0,0.0,0.0,0.0,0.0,0.0,0.0,0.0,0.0,0.0,0.0,0.0,0.0,0.0,0.0,0.0,0.0,0.0,0.0,0.0,0.0,0.0,0.0,0.0,0.0,0.0,0.0,0.0,0.0,0.0,0.0,0.0,0.0,0.0,0.0,0.0,0.0,0.0,0.0,0.0,0.0,0.0,0.0,0.0,0.0,0.0,0.0,0.0,0.0,0.0,0.0,0.0,0.0,0.0,0.0,0.0,0.0,0.0,0.0,0.0,0.0,0.0023529411764705,0.0,0.0,0.0,0.0,0.0
mgm4552786,0.536330536647143,0.0590470159886022,0.0001583029919265,0.321988285578597,0.0001583029919265,0.0,0.0,0.0,0.0,0.0001583029919265,0.0,0.0001583029919265,0.0,0.0,0.0,0.0,0.0001583029919265,0.0,0.0,0.0,0.0,0.0,0.0,0.0,0.0,0.0,0.0,0.0001583029919265,0.0,0.0,0.0,0.0,0.0,0.0,0.0001583029919265,0.0,0.0001583029919265,0.0001583029919265,0.0,0.0,0.0,0.0,0.0,0.0,0.0,0.0,0.0,0.0,0.0,0.0,0.0,0.0,0.0,0.0,0.0,0.0,0.0,0.0,0.0,0.0,0.0,0.0,0.0,0.0,0.0,0.0,0.0,0.0,0.0,0.0,0.0,0.0,0.0004749089757796,0.0,0.0,0.0,0.0007915149596327,0.0649042266898844,0.0,0.0,0.0,0.0001583029919265,0.0,0.0,0.0,0.0,0.0,0.0,0.0001583029919265,0.0,0.000316605983853,0.0001583029919265,0.0,0.0,0.0012664239354123,0.0,0.0001583029919265,0.0,0.0,0.0,0.0,0.0128225423460503,0.0,0.0,0.0,0.0,0.0
mgm4552904,0.0647258338044093,0.146033540606746,9.42151874882231e-05,0.580553985302431,0.0002355379687205,0.0,0.0,0.0,4.71075937441115e-05,0.0002355379687205,0.0,0.0,0.0,4.71075937441115e-05,0.0,4.71075937441115e-05,0.0,0.0,0.0,4.71075937441115e-05,0.0,0.0,0.0,0.0,0.0,0.0,0.0,0.0,0.0,0.0,0.0,0.0,0.0,0.0,0.0,0.0,0.0,0.0,0.0,0.0,0.0,0.0,0.0,0.0,0.0,0.0,0.0,0.0,4.71075937441115e-05,0.0,0.0,0.0,4.71075937441115e-05,0.0,0.0,0.0,0.0,0.0155926135293009,0.0,0.0,0.0,0.0,0.0,0.0,0.0,0.0,0.0,0.0,4.71075937441115e-05,0.0,0.0,0.0,0.0,0.0,9.42151874882231e-05,0.0,0.0020256265309968,0.168315432447711,0.0,0.0,0.0,0.0001413227812323,0.0,4.71075937441115e-05,0.0,0.0,0.0,0.0,9.42151874882231e-05,0.0,0.0005652911249293,0.0,0.0002355379687205,0.0,0.0204446956849444,0.0,0.0,0.0,0.0,4.71075937441115e-05,0.0,0.0001884303749764,0.0,0.0,0.0,0.0,0.0
mgm4552905,0.117342805508818,0.164392098211504,0.0002492677759082,0.462765625973702,0.0003739016638624,0.0,0.0,0.0,0.0,0.0001246338879541,0.0,0.0,6.23169439770674e-05,0.0,0.0,0.0,0.0,0.0,0.0,0.0,0.0,6.23169439770674e-05,0.0,0.0,0.0,0.0,0.0,0.0,0.0,0.0,0.0,0.0,0.0,0.0,0.0,0.0,0.0,0.0,0.0,0.0,0.0,0.0,0.0,0.0,0.0,0.0,6.23169439770674e-05,0.0,0.0,0.0,0.0,0.0,0.0,6.23169439770674e-05,0.0,0.0,0.0,0.0253006792546893,0.0,0.0,0.0,0.0,0.0,0.0,0.0,0.0,0.0,0.0008724372156789,0.0001246338879541,0.0,0.0,0.0,6.23169439770674e-05,0.0,0.0001246338879541,0.0,0.0049853555181653,0.160341496852994,0.0,6.23169439770674e-05,0.0,0.0002492677759082,0.0,0.0,0.0,0.0,0.0,6.23169439770674e-05,0.0001246338879541,0.0001246338879541,0.0006854863837477,6.23169439770674e-05,0.0001246338879541,0.0,0.0603851187137783,0.0,0.0,0.0,6.23169439770674e-05,0.0,0.0,0.0005608524957936,0.0001869508319312,0.0,0.0,0.0,0.0
mgm4552977,0.879375696767001,0.0060200668896321,0.0,0.114158305462653,0.0,0.0,0.0,0.0,0.0,0.0,0.0,0.0,0.0,0.0,0.0,0.0,0.0,0.0,0.0,0.0,0.0,0.0,0.0,0.0,0.0,0.0,0.0,0.0,0.0,0.0,0.0,0.0,0.0,0.0,0.0,0.0,0.0,0.0,0.0,0.0,0.0,0.0,0.0,0.0,0.0,0.0,0.0,0.0,0.0,0.0,0.0,0.0,0.0,0.0,0.0,0.0,0.0,0.0,0.0,0.0,0.0,0.0,0.0,0.0,0.0,0.0,0.0,0.0,0.0,0.0,0.0,0.0,0.0,0.0,0.0,0.0,0.0,0.0004459308807134,0.0,0.0,0.0,0.0,0.0,0.0,0.0,0.0,0.0,0.0,0.0,0.0,0.0,0.0,0.0,0.0,0.0,0.0,0.0,0.0,0.0,0.0,0.0,0.0,0.0,0.0,0.0,0.0,0.0
mgm4552978,0.230111602924924,0.102194838436299,2.29046536530059e-05,0.425665809650876,0.000183237229224,5.72616341325149e-06,0.0,4.00831438927604e-05,0.0,0.0002233203731168,0.0,0.0,0.0,3.43569804795089e-05,5.72616341325149e-06,2.29046536530059e-05,5.72616341325149e-06,5.72616341325149e-06,0.0,2.29046536530059e-05,1.71784902397545e-05,0.0,5.72616341325149e-06,5.72616341325149e-06,5.72616341325149e-06,0.0,0.0,0.0,5.72616341325149e-06,0.0,1.1452326826503e-05,0.0,0.0,0.0,5.72616341325149e-06,1.1452326826503e-05,5.72616341325149e-06,5.72616341325149e-06,0.0,0.0,0.0,0.0,5.72616341325149e-06,0.0,1.1452326826503e-05,5.72616341325149e-06,0.0,0.0,5.72616341325149e-06,0.0,0.0,0.0,0.0,0.0,0.0,0.0,5.72616341325149e-06,0.0,0.0,5.72616341325149e-06,0.0,0.0,5.72616341325149e-06,0.0,0.0,0.0,0.0,0.0,6.87139609590178e-05,1.71784902397545e-05,1.71784902397545e-05,1.1452326826503e-05,1.71784902397545e-05,0.0,8.01662877855208e-05,2.86308170662574e-05,0.0004981762169528,0.23692001122328,3.43569804795089e-05,0.0,0.0,5.72616341325149e-06,0.0,0.0,5.72616341325149e-06,0.0,1.71784902397545e-05,5.72616341325149e-06,2.86308170662574e-05,5.72616341325149e-06,0.0004409145828203,2.86308170662574e-05,5.72616341325149e-06,1.1452326826503e-05,9.73447780252753e-05,1.71784902397545e-05,5.72616341325149e-06,0.0,0.0,1.1452326826503e-05,1.71784902397545e-05,0.0028630817066257,6.29877975457664e-05,0.0,0.0,0.0,5.72616341325149e-06
mgm4552979,0.88448275862069,0.044683908045977,0.0,0.0660919540229885,0.0,0.0,0.0,0.0,0.0,0.0,0.0,0.0,0.0,0.0,0.0,0.0,0.0,0.0,0.0,0.0,0.0,0.0,0.0,0.0,0.0,0.0,0.0,0.0,0.0,0.0,0.0,0.0,0.0,0.0,0.0,0.0,0.0,0.0,0.0,0.0,0.0,0.0,0.0,0.0,0.0,0.0,0.0,0.0,0.0,0.0,0.0,0.0,0.0,0.0,0.0,0.0,0.0,0.0,0.0,0.0,0.0,0.0,0.0,0.0,0.0,0.0,0.0,0.0,0.0,0.0,0.0,0.0,0.0,0.0,0.0,0.0,0.0,0.0043103448275862,0.0,0.0,0.0,0.0,0.0,0.0,0.0,0.0,0.0,0.0,0.0,0.0,0.0001436781609195,0.0,0.0,0.0,0.0,0.0,0.0,0.0,0.0,0.0,0.0,0.000287356321839,0.0,0.0,0.0,0.0,0.0
mgm4552980,0.878562577447336,0.0260223048327138,0.0,0.057001239157373,0.0,0.0,0.0,0.0012391573729863,0.0,0.0,0.0,0.0,0.0,0.0,0.0,0.0,0.0,0.0,0.0,0.0,0.0,0.0,0.0,0.0,0.0,0.0,0.0,0.0,0.0,0.0,0.0,0.0,0.0,0.0,0.0,0.0,0.0,0.0,0.0,0.0,0.0,0.0,0.0,0.0,0.0,0.0,0.0,0.0,0.0,0.0,0.0,0.0,0.0,0.0,0.0,0.0,0.0,0.0,0.0,0.0,0.0,0.0,0.0,0.0,0.0,0.0,0.0,0.0,0.0,0.0,0.0,0.0,0.0,0.0,0.0,0.0,0.0,0.0260223048327138,0.0,0.0,0.0,0.0,0.0,0.0,0.0,0.0,0.0,0.0,0.0,0.0,0.0,0.0,0.0,0.0,0.0111524163568773,0.0,0.0,0.0,0.0,0.0,0.0,0.0,0.0,0.0,0.0,0.0,0.0
mgm4552981,0.661781194938331,0.0782876822040686,0.0,0.160619894281595,8.00897004645203e-05,0.0,0.0,0.0,0.0,4.00448502322601e-05,0.0,0.0,0.0,0.0,0.0,0.0,0.0,4.00448502322601e-05,0.0,0.0,0.0,0.0,0.0,0.0,0.0,0.0,0.0,0.0,0.0,0.0,0.0,0.0,0.0,0.0,4.00448502322601e-05,0.0,0.0,0.0,0.0,0.0,0.0,0.0,0.0,0.0,0.0,0.0,0.0,0.0,0.0,0.0,8.00897004645203e-05,0.0,0.0,0.0,0.0,0.0,0.0,0.0036440813711356,0.0,0.0,0.0,0.0,0.0,0.0,0.0,0.0,0.0,0.0,0.0,0.0,0.0,0.0,0.0,0.0,4.00448502322601e-05,0.0,0.0014816594585936,0.0720006407176037,0.0,0.0,0.0,0.0,0.0,0.0,0.0,0.0,0.0,0.0,0.0,0.0,0.0004004485023226,0.0,0.0,0.0,0.0207031875700785,0.0,0.0,0.0,0.0,0.0,0.0,0.0007208073041806,4.00448502322601e-05,0.0,0.0,0.0,0.0
mgm4552982,0.643857108375573,0.13782283369539,0.0,0.207820419985518,0.0,0.0,0.0,0.0,0.0,0.0,0.0,0.0,0.0,0.0,0.0,0.0,0.0,0.0,0.0,0.0,0.0,0.0,0.0,0.0,0.0,0.0,0.0,0.0,0.0,0.0,0.0,0.0,0.0,0.0,0.0,0.0,0.0,0.0,0.0,0.0,0.0,0.0,0.0,0.0,0.0,0.0,0.0,0.0,0.0,0.0,0.0,0.0,0.0,0.0,0.0,0.0,0.0,0.0002413709872073,0.0,0.0,0.0,0.0,0.0,0.0,0.0,0.0,0.0,0.0,0.0,0.0,0.0,0.0,0.0,0.0,0.0,0.0,0.000362056480811,0.0082066135650494,0.0,0.0,0.0,0.0,0.0,0.0,0.0,0.0,0.0,0.0,0.0,0.0,0.0,0.0,0.0,0.0,0.0012068549360366,0.0,0.0,0.0,0.0,0.0,0.0,0.000362056480811,0.0001206854936036,0.0,0.0,0.0,0.0
mgm4552983,0.22605982354207,0.197977189584678,0.0,0.439853669033785,0.0002151925973746,0.0,0.0,0.0,0.0,0.0005379814934366,0.0,0.0,0.0001075962986873,0.0,0.0,0.0,0.0,0.0,0.0,0.0,0.0,0.0,0.0,0.0,0.0,0.0,0.0,0.0,0.0,0.0,0.0,0.0,0.0,0.0,0.0,0.0,0.0,0.0,0.0,0.0,0.0,0.0,0.0,0.0,0.0,0.0,0.0,0.0,0.0,0.0,0.0,0.0,0.0,0.0,0.0,0.0,0.0,0.0010759629868732,0.0,0.0,0.0,0.0,0.0,0.0,0.0,0.0,0.0,0.0,0.0,0.0,0.0002151925973746,0.0,0.0,0.0,0.0004303851947493,0.0,0.0049494297396169,0.103184850441145,0.0,0.0,0.0,0.0013987518829352,0.0,0.0,0.0,0.0,0.0,0.0,0.0,0.0,0.0032278889606197,0.0001075962986873,0.0003227888960619,0.0,0.0189369485689692,0.0,0.0,0.0,0.0,0.0,0.0,0.0012911555842479,0.0001075962986873,0.0,0.0,0.0,0.0
