#OTU ID	mgm4739174	mgm4739175	mgm4739176	mgm4739177	mgm4739178	mgm4739179	mgm4739181	mgm4739182	mgm4739183	mgm4739184	mgm4739185	mgm4739186	mgm4739187	mgm4739188	mgm4739189
Pseudomonadota	0.622050142679237	0.877893998540021	0.826741864782991	0.524754265386053	0.650198243412798	0.868222282874105	0.887953115008927	0.750277441616069	0.445086345922494	0.607289015855926	0.596162126923567	0.882935467710554	0.574246072109121	0.844393019574843	0.789611968273456
Actinomycetota	0.305064656016417	0.0598386312507695	0.0757192913880474	0.117210666783945	0.318440819740694	0.0632703704052278	0.0660291719700569	0.109034987941461	0.136884577962921	0.322149970637173	0.34259343900274	0.0457982361096548	0.100650147033268	0.0869962819533055	0.115106468919656
Chloroflexota	0.004814282021894	0.0077550517894695	0.0045928552482794	0.0280278763919668	0.0021313258051024	0.0047977730301994	0.0037809696833437	0.0104943048724115	0.0077080128155175	0.0029225188411471	0.0048953690049771	0.0061631307306047	0.0084490058655691	0.0089745461206662	0.0074128505129662
Bacillota	0.0147665830346164	0.0065039962891156	0.0138762860692697	0.0267492175340779	0.0030882475951484	0.0222749266164511	0.0044627046262484	0.013054039220982	0.030874601432308	0.0181422506606636	0.0056868070406712	0.0091864434424988	0.016637568194587	0.0045695623924872	0.0087387200300621
Cyanobacteriota	0.0011591872113454	0.0009252338889296	0.0014239247274301	0.0056570474056663	0.0008799665411961	0.0008292576314185	0.0007312936887541	0.0022515620698789	0.0063917406161413	0.0004878511304688	0.0009730598341588	0.0011941793948714	0.0043203816051731	0.0010690457585931	0.0020302614693798
Candidatus Melainabacteria	3.13293840904166e-05	1.43013302724341e-05	0.0	0.0001042473463756	3.34588038477624e-06	2.71887748006069e-05	1.14831240382884e-05	6.23269777129116e-05	0.0047650624510332	3.05862777723402e-06	1.02237436221882e-05	3.49515920450177e-05	0.0016737978947077	1.43111882007116e-06	2.81452507932016e-05
Candidatus Margulisbacteria	1.04431280301389e-05	3.73078181020021e-06	0.0	6.3525726697664e-05	6.69176076955249e-06	5.22861053857826e-06	1.2087498987672e-06	1.4716091959993e-05	5.64037140361385e-05	1.83517666634041e-05	2.40558673463251e-06	1.16505306816725e-05	3.10195704786546e-05	2.86223764014231e-06	5.3247771770922e-06
Deinococcota	0.0006631386299138	0.0008282335618644	0.0010051233370094	0.0032292244404645	0.0003647009619406	0.0006127931551213	0.0006200886980675	0.0014378487497381	0.0023709350672032	0.000327273172164	0.0007812142920719	0.0005883517994244	0.0020321343614709	0.0010375611445515	0.0011151604773738
Armatimonadota	0.0002532458547308	0.000305302311468	2.79200926947077e-05	0.0022103695161212	0.0001672940192388	0.0002080986994354	0.0001770818601693	0.000438885801395	0.001204021386903	0.0001192864833121	0.0002146986160659	0.0003029137977234	0.0008981575634046	0.0004293356460213	0.0002981875219171
Mycoplasmatota	0.0001801439585198	3.97950059754689e-05	0.0004188013904206	0.0005627727839498	0.0001104140526976	6.9017659109233e-05	7.55468686729497e-05	0.0002735461799622	0.0010338825521295	7.49363805422335e-05	8.59997257631122e-05	0.0002737874710193	0.0007317798672009	2.14667823010673e-05	0.0001840851538366
Thermomicrobiota	6.00479861732985e-05	8.58079816346047e-05	1.39600463473539e-05	0.0002842369053523	6.02258469259724e-05	6.48347706783704e-05	6.10418698877434e-05	0.0001385043949175	0.000263526563057	3.36449055495742e-05	9.02095025487191e-05	5.82526534083628e-05	0.0002704644692221	0.0001001783174049	0.0001049741786341
Candidatus Kaiserbacteria	0.0002166949066253	9.01605604131717e-05	5.58401853894155e-05	0.0023724415624396	2.00752823086575e-05	4.70574948472043e-05	4.10974965580847e-05	0.0001610113590916	0.0058578844104834	2.44690222178722e-05	7.81815688755566e-05	5.82526534083628e-05	0.0029998341762247	5.86758716229174e-05	0.0001262732873424
Candidatus Nomurabacteria	0.0003576771350322	6.09361028999367e-05	0.0003071210196417	0.0021851221119209	6.69176076955249e-05	7.11091033246643e-05	6.58768694828122e-05	0.0005020784315762	0.0104177412440037	5.96432416560634e-05	7.81815688755566e-05	0.0002213600829517	0.0011303511339843	2.00356634809962e-05	0.0002145124519914
Candidatus Yanofskybacteria	0.0001148744083315	3.29552393234352e-05	5.58401853894155e-05	0.0014081536084648	1.67294019238812e-05	1.46401095080191e-05	1.63181236333571e-05	8.91622042281929e-05	0.0088298406322955	7.64656944308505e-06	2.10488839280345e-05	5.24273880675265e-05	0.0021417099870578	2.14667823010673e-05	4.48802647783485e-05
Candidatus Azambacteria	2.08862560602777e-05	8.70515755713381e-06	0.0	0.000375453333431	3.34588038477624e-06	6.27433264629391e-06	9.66999919013757e-06	2.16413117058721e-05	0.0015486901350646	3.05862777723402e-06	1.02237436221882e-05	0.0	0.0002320928576885	1.43111882007116e-05	1.59743315312766e-05
Candidatus Falkowbacteria	0.0001775331765123	5.03655544377028e-05	0.0	0.0012933186409729	1.00376411543287e-05	3.86917179854791e-05	3.50537470642487e-05	0.0001904435430116	0.0016665071035282	3.67035333268083e-05	3.72865943868039e-05	5.82526534083628e-05	0.0005834297785157	2.86223764014231e-05	8.74784821950861e-05
Candidatus Magasanikbacteria	0.0002193056886329	3.66860211336354e-05	0.0003210810659891	0.0021957097330372	6.02258469259724e-05	4.70574948472043e-05	4.41193713050027e-05	0.0001973687627575	0.0043549604468955	2.59983361064892e-05	4.20977678560689e-05	1.16505306816725e-05	0.0008761014402396	3.43468516817077e-05	9.28032593721783e-05
Candidatus Nealsonbacteria	0.0001984194325726	2.11410969244678e-05	0.0	0.0012420094001786	6.69176076955249e-06	2.19601642620287e-05	1.32962488864392e-05	6.57895875858511e-05	0.0014844938026419	3.51742194381912e-05	1.68391071424276e-05	1.74757960225088e-05	0.0003165909733754	4.29335646021347e-06	3.72734402396454e-05
Candidatus Uhrbacteria	0.0011696303393755	7.08848543938039e-05	4.18801390420616e-05	0.0119086304586313	0.0001371810957758	7.32005475400956e-05	2.78012476716455e-05	0.0001436983097269	0.0032860729582041	2.44690222178722e-05	5.77340816311803e-05	1.74757960225088e-05	0.0015781710045471	5.15202775225616e-05	0.0001057348610879
Candidatus Giovannonibacteria	0.0001070420623089	1.2435939367334e-05	0.0	0.0007891849893594	3.34588038477624e-06	1.15029431848722e-05	4.83499959506878e-06	4.06856660070395e-05	0.0025910456135351	6.11725555446804e-06	6.6153635202394e-06	4.07768573858539e-05	0.0006157082601339	1.71734258408539e-05	2.51025209777204e-05
Candidatus Moranbacteria	0.0001018204982938	8.76733725397048e-05	0.0	0.0009365972525937	1.67294019238812e-05	8.05206022941052e-05	6.22506197865106e-05	0.0003410670724845	0.0017422068249978	0.0001070519722031	4.93145280599665e-05	0.0003669917164726	0.0004961117018761	4.29335646021347e-05	0.0001688715047592
Candidatus Zambryskibacteria	0.0001227067543541	1.80321120826343e-05	0.0	0.000708556182397	2.676704307821e-05	1.15029431848722e-05	1.51093737345899e-05	0.000114266125807	0.0023510824441708	6.11725555446804e-06	1.26293303568207e-05	6.4077918749199e-05	0.0016360305605211	0.0	4.33588998706079e-05
Candidatus Staskawiczbacteria	8.61558062486457e-05	2.30064878295679e-05	0.0	0.000893432335735	1.00376411543287e-05	1.25486652925878e-05	7.85687434198677e-06	0.000110803515934	0.0048405147877921	2.44690222178722e-05	1.68391071424276e-05	6.99031840900353e-05	0.0004698759937278	8.58671292042693e-06	3.72734402396454e-05
Candidatus Wolfebacteria	7.31018962109721e-05	8.70515755713381e-06	0.0001256404171261	0.0008689993639283	6.69176076955249e-06	7.32005475400956e-06	7.25249939260318e-06	4.58795808164488e-05	0.0013577709845936	6.11725555446804e-06	9.62234693853004e-06	0.0	0.0003411649188196	1.57423070207827e-05	1.90170613467579e-05
Candidatus Harrisonbacteria	5.22156401506943e-05	3.10898484183351e-06	0.0001256404171261	0.0007028551556421	1.00376411543287e-05	4.18288843086261e-06	4.83499959506878e-06	2.68352265152814e-05	0.0015337852062458	3.05862777723402e-06	1.32307270404788e-05	5.82526534083627e-06	0.0003594946650115	4.29335646021347e-06	1.2170919261925e-05
Candidatus Taylorbacteria	6.00479861732985e-05	2.11410969244678e-05	0.0	0.0007427623429265	1.00376411543287e-05	1.88229979388817e-05	9.06562424075397e-06	8.8296551759958e-05	0.0038836307268632	7.64656944308505e-06	1.62377104587694e-05	0.0	0.0009294289161112	8.58671292042693e-06	3.49913928780345e-05
Candidatus Buchananbacteria	9.65989342787845e-05	3.23334423550685e-05	0.0	0.0006157108895312	6.69176076955249e-06	2.19601642620287e-05	1.75268735321243e-05	9.00278566964278e-05	0.0019726456830007	2.75276499951062e-05	2.16502806116926e-05	5.82526534083628e-05	0.000329784362118	7.15559410035578e-06	3.72734402396454e-05
Candidatus Portnoybacteria	9.92097162863192e-05	1.61667211775342e-05	1.39600463473539e-05	0.0005122779755491	1.00376411543287e-05	2.30058863697443e-05	7.85687434198677e-06	4.84765382211534e-05	0.0008804421853272	2.29397083292552e-05	9.02095025487191e-06	3.49515920450177e-05	0.0002445308997473	4.29335646021347e-06	2.05384262544985e-05
Candidatus Adlerbacteria	4.43832941280902e-05	9.94875149386722e-06	0.0	0.00029971112083	3.34588038477624e-06	0.0	2.41749979753439e-06	1.90443543011674e-05	0.0008652898717978	1.68224527747871e-05	6.6153635202394e-06	1.74757960225088e-05	0.0003638756757772	8.58671292042693e-06	6.08545963096251e-06
Candidatus Sungbacteria	0.0001383714463993	1.2435939367334e-05	0.0	0.0009089065512127	3.34588038477624e-06	1.56858316157348e-05	6.64812444321958e-06	4.58795808164488e-05	0.0029206857405226	3.05862777723402e-06	1.50349170914532e-05	2.33010613633451e-05	0.0006449653550172	2.28979011211385e-05	1.97777438006282e-05
Candidatus Jorgensenbacteria	4.69940761356249e-05	9.32695452550052e-06	0.0	0.000939854982168	6.69176076955249e-06	5.22861053857826e-06	6.04374949383598e-06	2.68352265152814e-05	0.0013292598966872	1.07051972203191e-05	1.68391071424276e-05	0.0	0.000293024156843	1.8604544660925e-05	1.2170919261925e-05
Candidatus Liptonbacteria	0.0001096528443164	1.43013302724341e-05	2.79200926947077e-05	0.0010815662186474	2.00752823086575e-05	1.15029431848722e-05	8.46124929137037e-06	3.28947937929255e-05	0.0015319298209157	3.05862777723402e-06	8.41955357121379e-06	3.49515920450177e-05	0.000405117604709	5.72447528028462e-06	1.52136490774063e-05
Candidatus Tagabacteria	5.22156401506943e-06	1.2435939367334e-06	0.0	0.0001457833984472	0.0	2.0914442154313e-06	1.2087498987672e-06	4.32826234117441e-06	0.0002268517796979	0.0	5.41257015292315e-06	5.82526534083627e-06	6.24419925219671e-05	2.86223764014231e-06	3.04272981548126e-06
Candidatus Ryanbacteria	1.30539100376736e-05	8.08336058876711e-06	0.0	0.0004169893855026	6.69176076955249e-06	7.32005475400956e-06	4.23062464568519e-06	2.33726166423418e-05	0.0013125614287159	3.05862777723402e-06	1.02237436221882e-05	5.82526534083627e-06	0.0005686753399601	8.58671292042693e-06	1.36922841696657e-05
Candidatus Wildermuthbacteria	4.96048581431596e-05	5.59617271530031e-06	0.0	0.0007150716415455	3.34588038477624e-06	5.22861053857826e-06	4.23062464568519e-06	1.29847870235232e-05	0.0009586157539036	4.58794166585103e-06	1.80419005097438e-06	0.0	0.0003514376337183	1.43111882007116e-06	3.80341226935157e-06
Candidatus Komeilibacteria	3.91617301130208e-05	1.30577363357007e-05	0.0	0.0003746389010375	0.0	1.04572210771565e-05	1.39006238358228e-05	2.9432183919986e-05	0.0004297690886372	3.05862777723402e-06	1.02237436221882e-05	0.0	0.0001528821687876	1.71734258408539e-05	2.20597911622391e-05
Candidatus Kuenenbacteria	3.6550948105486e-05	8.70515755713381e-06	0.0	0.0002321132321645	3.34588038477624e-06	3.13716632314695e-06	3.62624969630159e-06	2.33726166423418e-05	0.0004459109410093	4.58794166585103e-06	4.20977678560689e-06	0.0	0.0001360127595176	1.43111882007116e-05	1.36922841696657e-05
Candidatus Lloydbacteria	1.04431280301389e-05	1.36795333040674e-05	1.39600463473539e-05	0.0003469481996564	6.69176076955249e-06	9.41149896944086e-06	5.43937454445238e-06	4.06856660070395e-05	0.0018800001088492	4.58794166585103e-06	6.6153635202394e-06	5.82526534083627e-06	0.0002341071155117	8.58671292042693e-06	2.73845683393313e-05
Candidatus Kerfeldbacteria	5.74372041657638e-05	1.2435939367334e-05	1.39600463473539e-05	0.0004178038178961	0.0	3.13716632314695e-06	4.23062464568519e-06	3.20291413246907e-05	0.0004418909394607	1.22345111089361e-05	9.62234693853004e-06	1.74757960225088e-05	0.0001453287019503	8.58671292042693e-06	1.67350139851469e-05
Candidatus Terrybacteria	3.39401660979513e-05	3.10898484183351e-06	6.98002317367694e-05	0.0002695771222682	1.00376411543287e-05	7.32005475400956e-06	3.02187474691799e-06	1.64473968964628e-05	0.0004241410864691	0.0	1.02237436221882e-05	0.0	0.0001857145713072	5.72447528028462e-06	8.36750699257346e-06
Candidatus Yonathbacteria	4.96048581431596e-05	4.97437574693361e-06	0.0	0.0001987215040285	0.0	4.18288843086261e-06	3.02187474691799e-06	1.38504394917581e-05	0.0009673979111329	3.05862777723402e-06	7.21676020389753e-06	6.99031840900353e-05	0.000161996685438	4.29335646021347e-06	1.2170919261925e-05
Candidatus Niyogibacteria	0.0	1.8653909051001e-06	0.0	0.0001392679392987	0.0	5.22861053857826e-06	1.2087498987672e-06	6.05956727764418e-06	0.0005575432917059	0.0	2.40558673463251e-06	0.0001106800414758	9.74900786472003e-05	2.86223764014231e-06	8.36750699257346e-06
Candidatus Campbellbacteria	1.56646920452083e-05	6.21796968366701e-06	0.0	0.0001962782068479	0.0	1.04572210771565e-05	4.83499959506878e-06	2.59695740470465e-05	0.0005421435934657	0.0	7.81815688755566e-06	5.82526534083627e-06	0.0001276535895509	2.86223764014231e-06	1.29316017157953e-05
Candidatus Colwellbacteria	5.74372041657638e-05	6.21796968366701e-06	0.0	0.0005570717571948	1.3383521539105e-05	8.36577686172521e-06	6.04374949383598e-06	1.12534820870535e-05	0.0006115968509905	0.0	3.60838010194877e-06	2.91263267041814e-05	0.0001137552105702	5.72447528028462e-06	7.60682453870314e-06
Candidatus Vogelbacteria	1.04431280301389e-05	6.21796968366701e-06	1.39600463473539e-05	0.000184876153338	0.0	3.13716632314695e-06	8.46124929137037e-06	2.16413117058721e-05	0.0006615067163712	1.52931388861701e-06	7.21676020389753e-06	5.82526534083627e-06	0.0002196548156296	7.15559410035578e-06	5.3247771770922e-06
Candidatus Spechtbacteria	5.22156401506943e-06	3.73078181020021e-06	0.0	8.3072104143099e-05	0.0	2.0914442154313e-06	6.04374949383598e-07	1.29847870235232e-05	0.0002408908620293	3.05862777723402e-06	2.40558673463251e-06	2.33010613633451e-05	6.03773782530956e-05	0.0	6.84614208483283e-06
Candidatus Brennerbacteria	5.22156401506943e-06	0.0	0.0	4.56082140393485e-05	0.0	1.04572210771565e-06	0.0	1.73130493646977e-06	0.0001050766558633	6.11725555446804e-06	0.0	0.0	2.03943604608038e-05	0.0	0.0
Candidatus Andersenbacteria	7.83234602260415e-06	4.35257877856691e-06	0.0	5.70102675491856e-05	0.0	6.27433264629391e-06	3.02187474691799e-06	1.4716091959993e-05	0.0001938877669992	0.0	2.40558673463251e-06	5.82526534083628e-05	8.25845707548597e-05	0.0	6.84614208483283e-06
Candidatus Jacksonbacteria	0.0	6.21796968366701e-07	0.0	5.61958351556258e-05	0.0	0.0	6.04374949383598e-07	8.65652468234883e-07	0.0001457095945933	0.0	0.0	0.0	3.02138673493389e-05	0.0	7.60682453870314e-07
Candidatus Parcubacteria	1.8275474052743e-05	0.0	0.0001675205561682	2.03608098389949e-05	0.0	0.0	6.04374949383598e-07	1.12534820870535e-05	6.88966419257218e-05	4.58794166585103e-06	2.40558673463251e-06	0.0	1.0222358453193e-05	0.0	6.08545963096251e-06
Candidatus Veblenbacteria	0.0	0.0	0.0	9.77318872271753e-06	0.0	0.0	0.0	0.0	1.24310817119121e-05	0.0	6.01396683658128e-07	0.0	2.36675294236488e-06	0.0	1.52136490774063e-06
Candidatus Woesebacteria	0.00019058708655	4.53911786907692e-05	1.39600463473539e-05	0.0023121735653162	4.01505646173149e-05	3.76459958777634e-05	4.23062464568519e-05	0.000166205273901	0.0027413936714538	4.89380444357443e-05	4.26991645397271e-05	0.0001631074295434	0.0007145076063662	2.28979011211385e-05	6.38973261251064e-05
Candidatus Gottesmanbacteria	0.0003106830588966	3.79296150703688e-05	0.0001814806025156	0.0037015952287292	2.676704307821e-05	4.4966050631773e-05	3.56581220136323e-05	0.0002068909399081	0.0045414266725742	3.51742194381912e-05	2.52586607136414e-05	8.73789801125441e-05	0.0012742194990127	2.43290199412096e-05	8.67177997412158e-05
Candidatus Roizmanbacteria	0.0002741321107911	4.35257877856691e-05	0.0001116803707788	0.0019652253656597	2.00752823086575e-05	7.52919917555269e-05	4.71412460519206e-05	0.0002510392157881	0.0050982896563257	4.28207888812763e-05	3.3076817601197e-05	0.0002097095522701	0.0010297893121566	2.14667823010673e-05	0.0001133416856266
Candidatus Levybacteria	0.0003550663530247	3.85514120387355e-05	4.18801390420616e-05	0.0038392343032408	4.68423253868674e-05	4.07831622009104e-05	2.78012476716455e-05	0.000166205273901	0.018966985768205	3.05862777723402e-05	4.02935778050946e-05	1.16505306816725e-05	0.014519374667616	1.14489505605692e-05	8.44357523796049e-05
Candidatus Daviesbacteria	0.0010756421871043	1.92757060193677e-05	0.0002512808342523	0.0123728569229604	0.0001773316603931	1.56858316157348e-05	8.46124929137037e-06	6.92521974587906e-05	0.0076988595812222	1.37638249975531e-05	2.22516772953507e-05	3.49515920450177e-05	0.002739189213891	2.86223764014231e-06	2.96666157009423e-05
Candidatus Curtissbacteria	6.52695501883679e-05	1.49231272408008e-05	0.0	0.0012615557776241	1.67294019238812e-05	7.32005475400956e-06	7.25249939260318e-06	3.89543610705697e-05	0.0023176855082283	1.37638249975531e-05	4.81117346926502e-06	2.33010613633451e-05	0.001203065841405	1.14489505605692e-05	1.14102368080547e-05
Candidatus Shapirobacteria	4.43832941280902e-05	1.80321120826343e-05	0.0	0.0005489274332593	1.67294019238812e-05	1.46401095080191e-05	1.32962488864392e-05	5.8864367839972e-05	0.0007707889123162	3.05862777723402e-06	9.02095025487191e-06	2.91263267041814e-05	0.0002528900697139	8.58671292042693e-06	2.73845683393313e-05
Candidatus Beckwithbacteria	4.96048581431596e-05	1.43013302724341e-05	0.0	0.0003941852784829	3.34588038477624e-06	1.04572210771565e-05	5.43937454445238e-06	2.77008789835162e-05	0.0005231568169207	4.58794166585103e-06	4.20977678560689e-06	5.82526534083627e-06	0.0001525800301141	1.43111882007116e-06	1.67350139851469e-05
Candidatus Amesbacteria	9.39881522712498e-05	1.18141423989673e-05	1.39600463473539e-05	0.0007908138541465	2.34211626934337e-05	1.25486652925878e-05	4.23062464568519e-06	2.9432183919986e-05	0.0005305165120635	0.0	6.01396683658128e-06	2.91263267041814e-05	0.0001417533943139	1.43111882007116e-06	1.52136490774063e-05
Candidatus Chisholmbacteria	1.8275474052743e-05	4.97437574693361e-06	0.0	0.0001311236153631	3.34588038477624e-06	0.0	4.23062464568519e-06	6.05956727764418e-06	0.0002233883937483	0.0	3.60838010194877e-06	0.0	5.79099124195663e-05	4.29335646021347e-06	6.08545963096251e-06
Candidatus Collierbacteria	2.34970380678125e-05	8.08336058876711e-06	0.0	0.0004275770066188	1.00376411543287e-05	1.04572210771565e-06	1.81312484815079e-06	2.85665314517511e-05	0.0005482663650552	4.58794166585103e-06	6.01396683658128e-06	0.0	0.0002687523500723	1.43111882007116e-06	1.4452966623536e-05
Candidatus Woykebacteria	2.87186020828819e-05	4.10385999122023e-05	4.18801390420616e-05	0.0002361853941323	0.0	1.88229979388817e-05	7.25249939260318e-06	2.42382691105767e-05	0.0003954444600296	1.52931388861701e-05	1.02237436221882e-05	0.0001572821642025	0.0001255386188365	1.14489505605692e-05	1.4452966623536e-05
Candidatus Pacebacteria	3.39401660979513e-05	1.30577363357007e-05	8.37602780841232e-05	0.0002899379321072	0.0	7.32005475400956e-06	2.41749979753439e-06	3.28947937929255e-05	0.0004412106315063	1.07051972203191e-05	1.02237436221882e-05	0.0	0.0001278550153332	5.72447528028462e-06	1.36922841696657e-05
Candidatus Blackburnbacteria	6.78803321959026e-05	1.8653909051001e-06	0.0	0.0004275770066188	1.00376411543287e-05	1.04572210771565e-06	2.41749979753439e-06	1.38504394917581e-05	0.0003011908852587	1.52931388861701e-06	1.20279336731626e-06	0.0	0.0001435662263549	4.29335646021347e-06	3.80341226935157e-06
Candidatus Microgenomates	7.83234602260415e-06	2.4871878734668e-06	0.0	0.0004194326826832	0.0	0.0	3.62624969630159e-06	4.32826234117441e-06	0.000354378598056	0.0	1.80419005097438e-06	0.0	0.0005206352908746	0.0	1.52136490774063e-06
Candidatus Gracilibacteria	0.0	1.2435939367334e-06	0.0	2.52474042003536e-05	6.69176076955249e-06	0.0	1.81312484815079e-06	9.52217715058371e-06	6.87111033927081e-05	0.0	9.62234693853004e-06	0.0	1.49558643379228e-05	1.43111882007116e-06	5.3247771770922e-06
candidate division NC10	0.000684024885974	0.000708848543938	0.0004048413440732	0.0085385092140808	0.0001974069427017	0.0003262652976072	0.0002961437251979	0.0007384015554043	0.024441423877127	0.0002920989527258	0.0003151318622368	0.0002563116749967	0.0518233791984875	0.0008744135990634	0.0005317170352553
Candidatus Rokubacteria	0.0012296783255488	0.0016620632964441	0.0023452877863554	0.0088260038490074	0.0006859054788791	0.0013876732369386	0.0011489167787782	0.0025095265054129	0.0169064566667335	0.0006713687971028	0.0015912956249594	0.0011650530681672	0.0141110342503897	0.0019649261399577	0.0021474065672759
Candidatus Handelsmanbacteria	6.00479861732985e-05	0.0001343081451672	0.0001814806025156	0.0005986078092664	7.02634880803011e-05	8.67949349403991e-05	7.37337438247989e-05	0.000184383975734	0.0018946576529573	4.12914749926593e-05	8.9608105865061e-05	6.4077918749199e-05	0.0005611218731228	0.0001302318126264	0.0001080169084495
Candidatus Schekmanbacteria	7.31018962109721e-05	2.67372696397681e-05	5.58401853894155e-05	0.0008486385540893	1.3383521539105e-05	3.97374400931948e-05	1.2087498987672e-05	6.6655240054086e-05	0.0001800342232008	4.43501027698933e-05	1.44335204077951e-05	2.91263267041814e-05	0.0005314115702292	1.57423070207827e-05	2.12991087083688e-05
Candidatus Aminicenantes	0.0004333898132507	0.0021582572772008	0.0001675205561682	0.0017200812151982	0.000163948138854	0.0006901765910923	0.0004309193389105	0.0006630897906679	0.0007394947464145	0.0009007658803954	0.000254992193871	0.0021844745028136	0.0006104711897933	0.0030611631561322	0.0004305462688905
Candidatus Glassbacteria	0.0001200959723465	6.52886816785036e-05	4.18801390420616e-05	0.0010945971369443	1.3383521539105e-05	3.97374400931948e-05	2.96143725197963e-05	5.79987153717371e-05	0.0001265372795152	2.14103944406382e-05	2.88670408155901e-05	3.49515920450177e-05	0.0001147119830363	6.4400346903202e-05	4.18375349628673e-05
candidate division WWE3	0.0001122636263239	2.11410969244678e-05	0.0	0.0006955252641	1.3383521539105e-05	2.82344969083226e-05	1.51093737345899e-05	9.17591616328976e-05	0.00087240218223	1.37638249975531e-05	2.10488839280345e-05	5.82526534083627e-06	0.0002786222134064	1.57423070207827e-05	5.47691366786626e-05
Candidatus Peregrinibacteria	0.0002715213287836	6.28014938050368e-05	0.0001675205561682	0.0016443390025972	3.68046842325387e-05	5.96061601397921e-05	3.92843717099339e-05	0.0001826526707975	0.0017824068404841	4.74087305471273e-05	6.73564285697103e-05	5.82526534083627e-06	0.000699350316246	5.29513963426327e-05	9.4324624279919e-05
Candidatus Doudnabacteria	6.00479861732985e-05	1.05705484622339e-05	0.0	0.0005472985684721	3.34588038477624e-06	1.77772758311661e-05	7.85687434198677e-06	3.98200135388046e-05	0.0015389184389925	4.58794166585103e-06	9.62234693853004e-06	0.0	0.0004453020482836	1.00178317404981e-05	2.28204736161094e-05
Candidatus Berkelbacteria	2.87186020828819e-05	1.2435939367334e-05	1.39600463473539e-05	0.0004511955460321	1.67294019238812e-05	1.46401095080191e-05	1.32962488864392e-05	5.62674104352674e-05	0.000664166102011	1.52931388861701e-06	1.20279336731626e-05	5.82526534083627e-06	0.0002243379650688	1.00178317404981e-05	2.43418385238501e-05
Candidatus Gribaldobacteria	2.61078200753472e-06	2.4871878734668e-06	0.0	0.0001254225886082	0.0	1.04572210771565e-06	1.2087498987672e-06	7.79087221411394e-06	0.0001488637496545	9.17588333170206e-06	1.80419005097438e-06	2.91263267041814e-05	4.42129592211993e-05	0.0	6.84614208483283e-06
Candidatus Saccharibacteria	5.74372041657638e-05	1.74103151142676e-05	1.39600463473539e-05	0.0001465978308407	4.01505646173149e-05	1.67315537234504e-05	1.51093737345899e-05	6.92521974587906e-05	0.0011726653748237	1.22345111089361e-05	2.04474872443763e-05	1.16505306816725e-05	0.0002001668711893	2.43290199412096e-05	7.07434682099392e-05
Candidatus Eisenbacteria	0.0001592577024596	0.0003712127901149	0.0006002819929362	0.0003192574982754	0.0001672940192388	0.0003095337438838	0.0002405412298546	0.0004146475322845	0.0004109060044474	0.0001009347166487	0.0002634117474422	0.0005534002073794	0.0004894142946137	0.0004050066260801	0.0003909907812893
Candidatus Desantisbacteria	1.8275474052743e-05	9.94875149386722e-06	4.18801390420616e-05	0.0003445049024757	3.34588038477624e-06	1.46401095080191e-05	8.46124929137037e-06	4.50139283482139e-05	0.0001603052925237	7.64656944308505e-06	6.01396683658128e-06	5.24273880675265e-05	9.66340190723023e-05	2.28979011211385e-05	1.74956964390172e-05
Candidatus Edwardsbacteria	3.13293840904166e-05	3.23334423550685e-05	0.0	0.0002646905279069	6.69176076955249e-06	1.35943874003035e-05	1.93399983802751e-05	3.80887086023348e-05	8.36160322114684e-05	1.52931388861701e-05	1.14265369895044e-05	0.0	6.98947464681374e-05	3.14846140415654e-05	1.59743315312766e-05
Candidatus Lindowbacteria	3.13293840904166e-05	3.91732090071022e-05	1.39600463473539e-05	0.0001702163702539	1.67294019238812e-05	2.405160847746e-05	2.29662480765767e-05	4.93421906893883e-05	0.0006767827222559	2.44690222178722e-05	2.40558673463251e-05	5.82526534083627e-06	0.0001683919540269	3.57779705017789e-05	3.95554876012563e-05
Candidatus Ratteibacteria	1.56646920452083e-05	5.59617271530031e-06	1.39600463473539e-05	0.0002125668547191	6.69176076955249e-06	4.18288843086261e-06	3.02187474691799e-06	4.32826234117441e-06	5.12086351117573e-05	1.52931388861701e-06	4.20977678560689e-06	0.0	3.15734913800592e-05	4.29335646021347e-06	4.56409472322189e-06
Candidatus Dadabacteria	3.91617301130208e-05	6.6532275615237e-05	0.0	5.37525379749464e-05	1.3383521539105e-05	8.36577686172521e-06	6.04374949383598e-06	2.9432183919986e-05	7.11849504995563e-05	2.29397083292552e-05	1.26293303568207e-05	8.73789801125441e-05	5.90681106679576e-05	2.43290199412096e-05	1.67350139851469e-05
Candidatus Firestonebacteria	5.22156401506943e-05	8.08336058876711e-06	0.0	0.0001783606941895	0.0	9.41149896944086e-06	6.64812444321958e-06	2.42382691105767e-05	8.50384942979061e-05	7.64656944308505e-06	1.56363137751113e-05	0.0	7.87574808906101e-05	1.43111882007116e-06	2.05384262544985e-05
Candidatus Raymondbacteria	5.74372041657638e-05	1.43013302724341e-05	0.0	0.0004210615474704	6.69176076955249e-06	4.18288843086261e-06	2.41749979753439e-06	2.51039215788116e-05	6.67938718849008e-05	3.05862777723402e-06	8.41955357121379e-06	0.0	7.28154203119068e-05	2.43290199412096e-05	1.59743315312766e-05
Candidatus Riflebacteria	2.34970380678125e-05	1.67885181459009e-05	0.0	5.5381402762066e-05	0.0	1.67315537234504e-05	1.02743741395212e-05	3.02978363882209e-05	5.46720210613447e-05	0.0	1.38321237241369e-05	0.0	4.52704445784262e-05	2.14667823010673e-05	1.29316017157953e-05
Candidatus Wallbacteria	0.0	6.21796968366701e-06	0.0	2.19896746261144e-05	0.0	5.22861053857826e-06	8.46124929137037e-06	1.21191345552884e-05	3.52523212725865e-05	0.0	5.41257015292315e-06	0.0	2.70917677232406e-05	1.43111882007116e-05	9.88887190031409e-06
candidate division CPR1	4.69940761356249e-05	2.4871878734668e-06	4.18801390420616e-05	9.85463196207351e-05	0.0	0.0	1.2087498987672e-06	8.65652468234883e-07	0.0001608619081228	0.0	0.0	1.16505306816725e-05	7.82035599892056e-05	1.43111882007116e-06	2.28204736161094e-06
Candidatus Coatesbacteria	3.39401660979513e-05	1.8653909051001e-05	0.0001116803707788	0.0002549173391842	0.0	1.15029431848722e-05	1.02743741395212e-05	2.85665314517511e-05	5.59089446147688e-05	4.58794166585103e-06	1.20279336731626e-05	2.91263267041814e-05	4.87953957691824e-05	2.7191257581352e-05	2.58632034315907e-05
Candidatus Bipolaricaulota	2.61078200753472e-05	1.74103151142676e-05	0.0	0.0001824328561573	2.00752823086575e-05	8.36577686172521e-06	7.25249939260318e-06	1.90443543011674e-05	4.16843237503918e-05	1.52931388861701e-06	6.6153635202394e-06	0.0	4.17958498332522e-05	1.8604544660925e-05	1.2170919261925e-05
Candidatus Blackallbacteria	0.0	3.10898484183351e-06	1.39600463473539e-05	3.09484309552722e-05	0.0	7.32005475400956e-06	1.81312484815079e-06	1.03878296188186e-05	4.39107861465552e-05	1.52931388861701e-06	3.60838010194877e-06	0.0	1.98907960049815e-05	8.58671292042693e-06	4.56409472322189e-06
candidate division CPR2	2.61078200753472e-06	1.2435939367334e-06	0.0	8.06288069624196e-05	0.0	1.04572210771565e-06	6.04374949383598e-07	1.38504394917581e-05	5.66510987468233e-05	0.0	2.40558673463251e-06	5.82526534083627e-06	2.18043409371063e-05	2.86223764014231e-06	3.04272981548126e-06
Candidatus Fraserbacteria	2.87186020828819e-05	6.83976665203371e-06	0.0	9.93607520142949e-05	1.67294019238812e-05	4.18288843086261e-06	3.62624969630159e-06	8.65652468234883e-06	5.3249558974907e-05	9.17588333170206e-06	2.40558673463251e-06	0.0	4.62775734900708e-05	2.14667823010673e-05	7.60682453870314e-06
Candidatus Fischerbacteria	7.83234602260415e-06	5.59617271530031e-06	0.0	2.7690701381033e-05	0.0	4.18288843086261e-06	1.02743741395212e-05	1.03878296188186e-05	3.04901655919038e-05	0.0	6.01396683658128e-06	0.0	1.88333106477546e-05	4.29335646021347e-06	2.28204736161094e-06
Candidatus Sumerlaeota	5.22156401506943e-06	9.32695452550052e-06	0.0	0.0001457833984472	0.0	5.22861053857826e-06	5.43937454445238e-06	1.38504394917581e-05	3.46338594958745e-05	6.11725555446804e-06	5.41257015292315e-06	0.0	4.53711574695906e-05	8.58671292042693e-06	1.06495543541844e-05
candidate division WOR-3	7.83234602260415e-06	1.2435939367334e-06	0.0	2.11752422325547e-05	0.0	0.0	1.2087498987672e-06	6.05956727764418e-06	2.35015475150577e-05	1.52931388861701e-06	0.0	0.0	1.17834082662422e-05	2.86223764014231e-06	4.56409472322189e-06
Candidatus Wirthbacteria	2.61078200753472e-06	6.83976665203371e-06	0.0	9.44741576529361e-05	0.0	0.0	1.2087498987672e-06	7.79087221411394e-06	3.10467811909446e-05	1.52931388861701e-06	1.80419005097438e-06	2.33010613633451e-05	2.54803614646092e-05	7.15559410035578e-06	3.04272981548126e-06
Candidatus Abawacabacteria	5.22156401506943e-06	5.59617271530031e-06	0.0	4.15360520715495e-05	0.0	4.18288843086261e-06	3.62624969630159e-06	1.38504394917581e-05	3.71695527803939e-05	0.0	3.00698341829064e-06	0.0	1.62147754774786e-05	1.43111882007116e-06	4.56409472322189e-06
Candidatus Absconditabacteria	1.04431280301389e-05	0.0	0.0	6.84123210590227e-05	0.0	7.32005475400956e-06	1.2087498987672e-06	2.16413117058721e-05	3.16652429676567e-05	6.11725555446804e-06	7.81815688755566e-06	0.0	1.39487354262781e-05	0.0	8.36750699257346e-06
candidate division CPR3	7.83234602260415e-06	0.0	0.0	2.03608098389949e-05	6.69176076955249e-06	1.04572210771565e-06	0.0	2.59695740470465e-06	3.48812442065593e-05	0.0	1.20279336731626e-06	0.0	8.76202153130829e-06	0.0	0.0
Candidatus Delongbacteria	0.0	1.2435939367334e-06	0.0	1.30309182969567e-05	0.0	1.04572210771565e-06	3.62624969630159e-06	1.73130493646977e-05	1.31732358439665e-05	0.0	2.40558673463251e-06	2.33010613633451e-05	5.89170413312109e-06	0.0	1.52136490774063e-06
Candidatus Calescamantes	0.0	0.0	0.0	1.62886478711959e-06	3.34588038477624e-06	1.04572210771565e-06	0.0	8.65652468234883e-07	6.9886180768461e-06	0.0	1.20279336731626e-06	0.0	2.75953321790629e-05	0.0	7.60682453870314e-07
Planctomycetota	0.0049709289423461	0.0043227325240853	0.0046486954336688	0.0329918418307137	0.0026633207862818	0.0036265642695578	0.0033035134733307	0.0082159075760172	0.013033772713318	0.0017740041107957	0.0052856754526712	0.0023941840550837	0.0343061342560246	0.0046940697298333	0.0073565600113798
Candidatus Omnitrophica	0.0010965284431645	0.0003618858355894	0.0001535605098208	0.0130048564603628	0.0002208281053952	0.00027920780276	0.0002060918577398	0.0008500707238066	0.0409715465527312	0.0001544607027503	0.0003133276721858	0.0003203895937459	0.014300122703551	0.0003549174673776	0.0005309563528014
Verrucomicrobiota	0.0013236664778201	0.0029914652148122	0.0033364510770175	0.0046561099939813	0.001181095775826	0.0021782391503717	0.0026278222799198	0.0044961989200119	0.0072676061843209	0.0006606635998825	0.0029360186096189	0.0018873859704309	0.0064131451271251	0.0024930089845639	0.0042354799031499
Lentisphaerota	0.0003863957371151	0.0002418790206946	0.0001256404171261	0.003330214057266	0.000133835215391	0.0001401267624338	0.0001377974884594	0.000368767951468	0.0008222449321386	0.0001406968777527	0.0001653840880059	6.99031840900353e-05	0.0007629505070163	0.0003305884474364	0.0002913413798323
Chlamydiota	4.43832941280902e-05	2.86026605448682e-05	0.0004188013904206	0.0003559069559856	3.34588038477624e-06	4.4966050631773e-05	3.20318723173307e-05	0.0001333104801081	0.0005961353065727	7.64656944308505e-06	5.71326849475221e-05	4.66021227266902e-05	0.0003163391911475	1.71734258408539e-05	9.50853067337893e-05
Kiritimatiellota	4.96048581431596e-05	3.60642241652687e-05	0.0001675205561682	0.0003306595517852	3.68046842325387e-05	3.03259411237539e-05	2.29662480765767e-05	7.01178499270255e-05	0.0001485545187662	1.37638249975531e-05	3.72865943868039e-05	3.49515920450177e-05	0.0001068563775254	3.86402081419212e-05	4.71623121399595e-05
Thermodesulfobacteriota	0.00564451070029	0.0043476044028199	0.0027361690840813	0.0474586044375163	0.0016495190296946	0.0029332505121424	0.0024126647979393	0.0071260511185095	0.0107423099844222	0.0018672922580013	0.0029690954272201	0.0035883634499551	0.0105152315406993	0.0056600749333814	0.0046348381914318
Nitrospirota	0.0022531048725024	0.0025450149915249	0.0017310457470718	0.0141654226211855	0.00067252195734	0.0022127479799263	0.0014934104999268	0.0041438783654403	0.0088684326471623	0.0014130860330821	0.0014361352805756	0.0051087577039134	0.0091821453568008	0.0021509715865669	0.0025003632258717
Campylobacterota	0.0002506350727233	0.0001324427542621	0.000516521714852	0.0013747618803289	0.0002710163111668	0.0001704527035576	0.0001933999838027	0.0010232012174536	0.00416150560314	0.0001559900166389	0.0002243209630044	0.0005184486153344	0.0173811314700542	0.0001059027926852	0.0003917514637432
Bacteroidota	0.008764395199294	0.0046839965627063	0.025169963564279	0.0170656163746519	0.0048916771225428	0.0071579678273136	0.0066493331931183	0.0295862700593318	0.0196008472431572	0.0304364050112557	0.0075457241898585	0.011277713699859	0.0109437648926041	0.0081502216803052	0.0171427397804214
Ignavibacteriota	0.0016134632806564	0.0006982779954758	0.0021079669984504	0.0083463031692007	0.0005018820577164	0.0011157854889326	0.0009234849226581	0.0055427727541079	0.0037738537614969	0.0006943085054321	0.0008299274234482	0.0035301107965467	0.0016058166931717	0.0003134150215955	0.001677304810784
Chlorobiota	7.31018962109721e-05	0.0001299555663886	0.0001954406488629	0.0008559684456313	4.01505646173149e-05	0.0001181665981718	0.0001027437413952	0.0002796057472398	0.0005699743734178	3.36449055495742e-05	8.78039158140866e-05	0.0001339811028392	0.000445251691838	0.0001345251690866	0.0001643074100359
Balneolota	5.22156401506943e-06	9.94875149386722e-06	0.0	3.33917281359516e-05	0.0	7.32005475400956e-06	3.02187474691799e-06	8.65652468234883e-06	3.26547818103959e-05	1.52931388861701e-06	4.20977678560689e-06	0.0	2.91060255465298e-05	1.28800693806404e-05	1.52136490774063e-05
Gemmatimonadota	0.0006683601939288	0.0014102355242556	0.0005723619002415	0.002023864497996	0.0004416562107904	0.0008763151262657	0.0007427768127924	0.0018074823536744	0.002221823932838	0.0004236199471469	0.0011095768813492	0.0010135961693055	0.0025055353063895	0.0015069681175349	0.0015282110498254
candidate division Zixibacteria	9.39881522712498e-05	0.000237526441916	0.0	0.0003941852784829	0.0	6.48347706783704e-05	2.84056226210291e-05	9.6087423974072e-05	0.0003068807336045	0.0001284623666438	2.88670408155901e-05	0.0003786422471543	0.0001816860556606	7.58492974637712e-05	4.79229945938298e-05
Candidatus Marinimicrobia	5.22156401506943e-05	1.8653909051001e-05	1.39600463473539e-05	0.0002109379899319	0.0	1.46401095080191e-05	1.81312484815079e-05	5.02078431576232e-05	0.0001288255880891	2.14103944406382e-05	1.32307270404788e-05	5.82526534083627e-06	0.0001061010308417	2.43290199412096e-05	2.96666157009423e-05
Candidatus Hydrogenedentes	0.0	5.59617271530031e-06	1.39600463473539e-05	4.31649168586691e-05	0.0	1.04572210771565e-06	6.04374949383598e-07	1.29847870235232e-05	4.75597106291562e-05	3.05862777723402e-06	5.41257015292315e-06	0.0	1.62147754774786e-05	2.86223764014231e-06	9.88887190031409e-06
Fibrobacterota	1.04431280301389e-05	9.32695452550052e-06	0.0002233607415576	7.00411858461423e-05	6.69176076955249e-06	5.22861053857826e-06	7.25249939260318e-06	1.64473968964628e-05	4.71267873854578e-05	7.64656944308505e-06	2.40558673463251e-06	0.0	2.43221632162178e-05	1.43111882007116e-06	8.36750699257346e-06
Candidatus Cloacimonetes	0.0	1.8653909051001e-06	0.0	1.14020535098371e-05	0.0	6.27433264629391e-06	1.2087498987672e-06	6.92521974587906e-06	1.34206205546514e-05	0.0	4.81117346926502e-06	0.0	1.68694092700476e-05	5.72447528028462e-06	6.84614208483283e-06
Elusimicrobiota	0.0010129834189234	0.0007181754984635	0.0002233607415576	0.0083006949551614	0.0004215809284818	0.0004893979464109	0.0004309193389105	0.0012153760654017	0.0114276274791968	0.0002691592443965	0.0006242497576371	0.0005067980846527	0.0062113164932315	0.0008772758367036	0.0009516137497917
Acidobacteriota	0.0043626167345905	0.0073614543084933	0.0069241829882875	0.0134861860049566	0.0031484734420744	0.0052986739197952	0.0046996196064068	0.0138339920948617	0.0285486285362717	0.0027221787217382	0.008380462786776	0.0050621555811867	0.0266273302256357	0.0081444972050249	0.0119358683836791
Myxococcota	0.0034122920838478	0.0056782499151247	0.0072033839152346	0.0080759116145389	0.0032488498536177	0.005251616424948	0.0053928376733498	0.0103185774213598	0.0122866708870498	0.002144098071841	0.0072047322702243	0.0045437069658522	0.0093065761338345	0.0060207168760393	0.0094689751857776
Nitrospinota	8.09342422335762e-05	5.4096336247903e-05	0.0	0.0007720819090946	1.67294019238812e-05	3.03259411237539e-05	3.08231224185635e-05	0.0001056096011246	0.0005392368231152	4.74087305471273e-05	3.48810076521714e-05	6.99031840900353e-05	0.0005205849344291	6.58314657232731e-05	5.62905015864033e-05
Candidatus Tectomicrobia	6.26587681808332e-05	5.72053210897365e-05	1.39600463473539e-05	0.0002345565293452	3.68046842325387e-05	6.69262148938017e-05	4.59324961531534e-05	8.8296551759958e-05	0.0002801631848505	2.14103944406382e-05	4.87131313763083e-05	2.33010613633451e-05	0.0002594364076396	7.72804162838424e-05	6.5418691032847e-05
Spirochaetota	0.0004725515433637	0.0006174443895881	0.0006700822246729	0.0029498741294735	0.0002308657465495	0.0005176324433192	0.0004363587134549	0.0011461238679429	0.0020597869473394	0.0003838577860428	0.0003662505803478	0.000495147553971	0.0014190446365072	0.0009445384212469	0.0007135201417303
Bdellovibrionota	0.0001723116124972	0.0001007311088754	8.37602780841232e-05	0.0006246696458603	1.67294019238812e-05	9.20235454789773e-05	8.09862432174021e-05	0.0003263509805245	0.0009383920538051	7.49363805422335e-05	0.0001034402295891	0.0001456316335209	0.0005504463066593	0.0001044716738651	0.0002091876748143
Synergistota	8.61558062486457e-05	0.000106949078559	1.39600463473539e-05	0.0007370613161716	3.01129234629862e-05	5.75147159243608e-05	6.52724945334286e-05	0.0001359074375128	0.000340834285146	4.43501027698933e-05	9.56220727016423e-05	0.00013980636818	0.0003095914274395	0.0001101961491454	0.0001468117135969
Caldisericota	5.22156401506943e-06	0.0	0.0	2.44329718067938e-05	0.0	3.13716632314695e-06	1.81312484815079e-06	1.12534820870535e-05	2.37489322257425e-05	6.11725555446804e-06	1.20279336731626e-06	1.74757960225088e-05	1.64665577053897e-05	1.43111882007116e-06	6.08545963096251e-06
Fusobacteriota	4.69940761356249e-05	2.17628938928345e-05	0.0003908812977259	0.0003355461461466	5.68799665411962e-05	4.4966050631773e-05	5.13718706976058e-05	0.0002060252874399	0.0004884611112471	6.42311833219145e-05	6.07410650494709e-05	0.000104854776135	0.0002986640787482	3.43468516817077e-05	8.67177997412158e-05
Thermotogota	2.34970380678125e-05	2.98462544816016e-05	1.39600463473539e-05	0.0003086698771591	0.0	2.405160847746e-05	2.59881228234947e-05	0.0001203256930846	0.0003917336893694	1.22345111089361e-05	3.42796109685133e-05	8.73789801125441e-05	0.0001929658994711	3.29157328616366e-05	6.5418691032847e-05
Atribacterota	6.00479861732985e-05	1.2435939367334e-05	0.0	0.0002581750687584	6.69176076955249e-06	1.15029431848722e-05	1.2087498987672e-05	3.80887086023348e-05	0.0001543062132896	6.11725555446804e-06	7.81815688755566e-06	3.49515920450177e-05	5.72552786269973e-05	1.00178317404981e-05	2.73845683393313e-05
Chrysiogenota	1.04431280301389e-05	1.05705484622339e-05	1.39600463473539e-05	0.0001123916703112	0.0	6.27433264629391e-06	6.04374949383598e-06	1.55817444282279e-05	4.76215568068274e-05	1.52931388861701e-06	3.00698341829064e-06	0.0	4.44647414491105e-05	1.14489505605692e-05	1.29316017157953e-05
Aquificota	5.22156401506943e-06	9.94875149386722e-06	4.18801390420616e-05	0.0001335669125438	4.34964450020912e-05	1.77772758311661e-05	8.46124929137037e-06	3.72230561341e-05	0.0001580788301275	1.07051972203191e-05	1.56363137751113e-05	1.74757960225088e-05	7.07508060430353e-05	1.00178317404981e-05	2.05384262544985e-05
Calditrichota	1.8275474052743e-05	1.74103151142676e-05	2.79200926947077e-05	0.0001408968040858	0.0	1.46401095080191e-05	1.14831240382884e-05	4.06856660070395e-05	0.0001236923553424	1.07051972203191e-05	1.44335204077951e-05	5.82526534083627e-06	7.31679154309824e-05	2.43290199412096e-05	2.20597911622391e-05
Deferribacterota	7.04911142034374e-05	1.80321120826343e-05	4.18801390420616e-05	0.0001115772379176	6.69176076955249e-06	1.04572210771565e-05	6.64812444321958e-06	5.1939148094093e-05	0.0001167655834432	1.83517666634041e-05	1.74405038260857e-05	1.74757960225088e-05	7.49303910263605e-05	8.58671292042693e-06	2.96666157009423e-05
Dictyoglomota	7.83234602260415e-06	1.2435939367334e-06	0.0	3.90927548908701e-05	0.0	3.13716632314695e-06	2.41749979753439e-06	1.03878296188186e-05	5.38061745739479e-05	3.05862777723402e-06	2.40558673463251e-06	0.0	1.33444580792914e-05	1.43111882007116e-06	5.3247771770922e-06
Coprothermobacterota	2.61078200753472e-06	6.21796968366701e-07	0.0	1.46597830840763e-05	0.0	1.04572210771565e-06	0.0	1.73130493646977e-06	8.65846487396862e-06	1.52931388861701e-06	1.80419005097438e-06	0.0	7.20097171825911e-06	0.0	3.80341226935157e-06
Nitrososphaerota	0.0017283376889879	0.0002101673753079	0.0095207516088953	0.0055210371959418	0.0011409452112087	0.0008533092398959	0.0010794136595991	0.0083119949999913	0.0121955714673401	0.0003609180777136	0.0027952917856429	0.0029941863851898	0.0155898519878031	2.7191257581352e-05	0.0021504492970913
Candidatus Bathyarchaeota	6.78803321959026e-05	0.0001218722057998	0.0	0.0004178038178961	0.0	4.60117727394887e-05	2.17574981778095e-05	6.05956727764418e-05	4.1746169928063e-05	0.0001544607027503	1.08251403058463e-05	0.0004310696352218	2.09482813622083e-05	0.0001459741196472	2.43418385238501e-05
Thermoproteota	5.22156401506943e-05	3.35770362918019e-05	5.58401853894155e-05	0.0001897627476994	5.01882057716437e-05	3.34631074469008e-05	2.29662480765767e-05	8.39682894187836e-05	0.0002441687094459	2.14103944406382e-05	3.18740242338808e-05	6.4077918749199e-05	0.0001378255915585	3.43468516817077e-05	5.93332314018845e-05
Candidatus Korarchaeota	0.0	0.0	0.0	3.25772957423918e-06	0.0	0.0	0.0	0.0	4.45292479232672e-06	0.0	0.0	0.0	9.06416020480168e-07	0.0	0.0
Euryarchaeota	0.0013549958619105	0.0017795829234655	0.0023173676936607	0.0051382539709687	0.0009100794646591	0.0016250521553901	0.0015339036215355	0.0029432183919986	0.0044411740185691	0.0010475800137026	0.0018318542984226	0.0015262195192991	0.0039736774773394	0.0020794156455633	0.0024486368190085
Candidatus Woesearchaeota	7.04911142034374e-05	1.30577363357007e-05	8.37602780841232e-05	0.0007533499640428	2.34211626934337e-05	1.35943874003035e-05	2.65924977728783e-05	0.0001220569980211	0.0006848845715309	2.14103944406382e-05	1.8643297193402e-05	0.0	0.0005245127371845	1.14489505605692e-05	3.8794805147386e-05
Nanoarchaeota	1.30539100376736e-05	0.0	0.0	9.28452928658166e-05	0.0	0.0	4.23062464568519e-06	7.79087221411394e-06	0.0001120652739402	0.0	6.01396683658128e-07	0.0	5.2421059851103e-05	0.0	4.56409472322189e-06
Candidatus Micrarchaeota	2.34970380678125e-05	1.30577363357007e-05	0.0	0.0003778966306117	3.34588038477624e-06	3.13716632314695e-06	7.85687434198677e-06	2.33726166423418e-05	0.0002116376199908	2.44690222178722e-05	1.02237436221882e-05	0.0	0.0001468393953177	5.72447528028462e-06	1.36922841696657e-05
Candidatus Diapherotrites	0.0	1.2435939367334e-06	5.58401853894155e-05	7.57422126010609e-05	0.0	2.0914442154313e-06	3.62624969630159e-06	1.21191345552884e-05	6.75360260169553e-05	4.58794166585103e-06	4.20977678560689e-06	5.82526534083627e-06	3.6760205275029e-05	0.0	3.80341226935157e-06
Candidatus Altiarchaeota	7.83234602260415e-06	6.21796968366701e-07	1.39600463473539e-05	2.3618539413234e-05	0.0	0.0	2.41749979753439e-06	2.59695740470465e-06	2.14606236519079e-05	0.0	0.0	0.0	1.10784180280909e-05	0.0	2.28204736161094e-06
Candidatus Aenigmarchaeota	0.0	0.0	0.0	3.25772957423918e-05	0.0	0.0	1.81312484815079e-06	2.59695740470465e-06	1.33587743769802e-05	0.0	6.01396683658128e-07	0.0	1.67686963788831e-05	0.0	1.52136490774063e-06
Candidatus Huberarchaea	0.0	0.0	0.0	1.62886478711959e-06	0.0	0.0	0.0	2.59695740470465e-06	4.32923243698431e-06	0.0	0.0	0.0	8.51023930339713e-06	0.0	0.0
Candidatus Nanohaloarchaeota	0.0	0.0	0.0	3.25772957423918e-06	0.0	0.0	0.0	8.65652468234883e-07	3.33969359424504e-06	0.0	0.0	0.0	4.53208010240084e-07	0.0	1.52136490774063e-06
Candidatus Thermoplasmatota	0.0	3.73078181020021e-06	1.39600463473539e-05	5.04948084007073e-05	3.34588038477624e-06	4.18288843086261e-06	9.06562424075397e-06	1.90443543011674e-05	6.63609486412024e-05	4.58794166585103e-06	5.41257015292315e-06	2.33010613633451e-05	3.68105617206113e-05	5.72447528028462e-06	8.36750699257346e-06
Candidatus Heimdallarchaeota	0.0	3.10898484183351e-06	0.0	1.79175126583155e-05	1.67294019238812e-05	5.22861053857826e-06	3.62624969630159e-06	1.38504394917581e-05	5.07757118680589e-05	0.0	2.40558673463251e-06	0.0	2.22071925017641e-05	2.86223764014231e-06	4.56409472322189e-06
Candidatus Lokiarchaeota	0.0	5.59617271530031e-06	0.0	9.77318872271753e-06	0.0	9.41149896944086e-06	3.62624969630159e-06	1.99100067694023e-05	3.38298591861488e-05	0.0	2.40558673463251e-06	0.0	1.29919629602157e-05	2.86223764014231e-06	5.3247771770922e-06
Candidatus Odinarchaeota	0.0	1.2435939367334e-06	0.0	2.44329718067938e-06	0.0	2.0914442154313e-06	0.0	8.65652468234883e-07	2.721231817533e-06	0.0	0.0	0.0	2.92067384376943e-06	0.0	2.28204736161094e-06
Candidatus Thorarchaeota	0.0	6.21796968366701e-07	0.0	0.0	0.0	1.04572210771565e-06	0.0	8.65652468234883e-07	3.58707830492986e-06	0.0	6.01396683658128e-07	0.0	7.55346683733473e-07	0.0	0.0
