#OTU ID	mgm4713017	mgm4713020	mgm4713021	mgm4713022	mgm4713025	mgm4713028	mgm4713031	mgm4713033	mgm4713035	mgm4713037
Pseudomonadota	0.550332044636952	0.586837856444306	0.552200635060726	0.554414889548896	0.59944913923265	0.601583103075598	0.55381774622338	0.586150259530703	0.560379567959875	0.561616253053039
Actinomycetota	0.112938908017033	0.28266750200252	0.115284292738133	0.256757460095703	0.131047054691913	0.132236987831454	0.255012723087259	0.281415022902894	0.144801597848483	0.144723938677466
Chloroflexota	0.0823231748692201	0.0269288897005203	0.084467932758835	0.0451159503554514	0.0262986087542368	0.0275081765593888	0.046193641581828	0.0275058871864644	0.0657407285578575	0.0674260978308843
Bacillota	0.018563859069246	0.0273937890042897	0.018587574483449	0.024598354676263	0.013600454879367	0.0137373672993492	0.0250571943233029	0.0280422098156053	0.0202225725044801	0.0207638998150515
Cyanobacteriota	0.0050742777307434	0.0029272803108078	0.0050845502779281	0.0035410424712557	0.0033960056484927	0.0034045883156936	0.0036604985816302	0.0029241252522461	0.0046885484893858	0.004787395435127
Candidatus.Melainabacteria	2.25802929492892e-05	2.15060476234834e-05	2.13780728010475e-05	2.62745719545888e-05	2.35950764659547e-05	1.96717415825601e-05	3.0635671619021e-05	2.06811181853116e-05	2.97359813268563e-05	3.23294674474592e-05
Candidatus.Margulisbacteria	2.22944664562603e-05	1.75735132009036e-05	2.21698532751603e-05	2.00824753793036e-05	3.09685378615656e-05	3.18682213637474e-05	2.13521347647722e-05	1.76771568846518e-05	2.447297578228e-05	2.34687985914889e-05
Deinococcota	0.0032727133451817	0.0024235472296155	0.0032816661383731	0.0029030891700398	0.0019937839613731	0.0020435005155963	0.0029405602985833	0.0024713358546581	0.0032299065027065	0.0033148480622794
Armatimonadota	0.0030406222328422	0.0008010081051992	0.0030945420196578	0.0012144876985633	0.0016784104839666	0.0017350476075818	0.0012668933293764	0.0008153444191829	0.0025833462715553	0.0026610743872308
Mycoplasmatota	0.0002701060359123	0.0001367784628853	0.0002702610684971	0.0001599903871884	0.0002711327090328	0.0002714700338393	0.00016029573635	0.000142341550862	0.000250782214199	0.0002636647678492
Thermomicrobiota	0.0003226981106297	0.0005539957867809	0.000337298481972	0.0005375409243193	0.0002155157430774	0.0002213070928038	0.0005424680035166	0.0005723701647487	0.0003978832191699	0.0004116618854976
Candidatus.Kaiserbacteria	0.0002683910769542	0.0001534917341813	0.0002641907515289	0.0001974776745631	0.0001554747002845	0.0001463577573742	0.0002047019876361	0.0001601342447197	0.000312885679625	0.0003182656462049
Candidatus.Nomurabacteria	0.0001772124256779	8.23374394727651e-05	0.0001691770946354	0.0001214989760447	0.0001396744258654	0.0001314072337715	0.0001220785096333	8.71148777191338e-05	0.0001784158879611	0.000190384641635
Candidatus.Yanofskybacteria	0.0001786415581431	5.94795831415199e-05	0.0001934583625082	9.47223422057152e-05	0.0001548426893078	0.0001571772152446	9.91791187262245e-05	5.75374126049451e-05	0.0002189410306543	0.0002140929177631
Candidatus.Azambacteria	3.74432705867961e-05	2.40867733383014e-05	3.53661945103748e-05	2.87848813770018e-05	2.67551313497879e-05	2.6163416304805e-05	3.35754582895331e-05	2.53025971094036e-05	3.26306343763733e-05	3.59216304971769e-05
Candidatus.Falkowbacteria	0.0002243737970277	0.0001259639932232	0.0002090300451657	0.0001643415901873	0.0001605307880987	0.0001569804978288	0.0001606051875785	0.0001328675190676	0.0002073624184563	0.0002040348612239
Candidatus.Magasanikbacteria	0.0001769265991849	0.0001260868849239	0.0001974172648788	0.0001653457139562	0.0001348290083768	0.0001333744079297	0.0001701981756612	0.0001292858729014	0.0002320985445158	0.0002440276098441
Candidatus.Nealsonbacteria	7.46007146805632e-05	3.28120840884004e-05	7.33716572677926e-05	5.37206216396371e-05	4.42407683736651e-05	4.76056146297955e-05	5.66295748109176e-05	3.40834070651783e-05	0.0001181544744757	0.0001247677965935
Candidatus.Uhrbacteria	0.0004064452730872	0.0002679039075382	0.0004159486757339	0.0003372182324108	0.0002700793574049	0.0002586834018106	0.0003304939120112	0.0002713963498173	0.0004970908736852	0.0005136793161096
Candidatus.Giovannonibacteria	0.0001051841494346	2.3595206535479e-05	0.0001068903640052	5.22144359861893e-05	6.5729141583731e-05	5.99988118268084e-05	4.85838428705686e-05	2.11432660777208e-05	0.0001178913241985	0.0001113570545412
Candidatus.Moranbacteria	0.0002320911123395	0.000108513371723	0.0002301441911421	0.0001434223450005	0.0001904459743323	0.0001752752175006	0.0001483818640537	0.0001099911983933	0.0002434140064366	0.0002519303685535
Candidatus.Zambryskibacteria	5.83086045779114e-05	3.06000334756993e-05	6.07031696819867e-05	4.08343666045839e-05	3.43392630709877e-05	3.26550910270498e-05	3.806250110242e-05	3.21192785224392e-05	7.52609792874417e-05	8.54934805832811e-05
Candidatus.Staskawiczbacteria	2.11511604841443e-05	1.09373613628001e-05	2.29616337492732e-05	1.43924406885009e-05	1.87496589774105e-05	1.77045674243041e-05	1.64009151091728e-05	1.27090670412529e-05	2.07888719010765e-05	2.46661862747281e-05
Candidatus.Wolfebacteria	1.82928955538546e-05	2.62988239510026e-05	2.16419996257518e-05	3.04584209919437e-05	2.06456919077104e-05	2.4196242146549e-05	2.69222568773215e-05	3.00396130065979e-05	2.84202299407122e-05	3.49637203505855e-05
Candidatus.Harrisonbacteria	5.0877115759158e-05	1.78192966023148e-05	5.43689258890837e-05	2.7278695723554e-05	4.19233947921874e-05	4.36712663132835e-05	3.00167691620711e-05	2.03345072660047e-05	6.15771648715432e-05	6.46589348949185e-05
Candidatus.Taylorbacteria	8.946369231807e-05	3.66217268102746e-05	9.31661691206143e-05	5.87412404844629e-05	5.22462407460426e-05	6.09823989059364e-05	6.29733249946542e-05	4.10156254513163e-05	9.94708047924929e-05	9.43541494392514e-05
Candidatus.Buchananbacteria	5.54503396476217e-05	5.02627055885984e-05	6.22867306302124e-05	5.00388344867647e-05	4.02380321874764e-05	4.44581359765859e-05	4.95121965559935e-05	4.69080110795336e-05	6.73664709705772e-05	6.17852044551443e-05
Candidatus.Portnoybacteria	0.0001083282408579	2.5192798644652e-05	9.76529251405872e-05	4.71938171413634e-05	6.25690866998978e-05	5.84250725002036e-05	5.09047270841308e-05	2.65735038135289e-05	9.65761517429759e-05	9.81857900256169e-05
Candidatus.Adlerbacteria	8.86062128389831e-06	1.05686862606833e-05	1.21406339363973e-05	1.50618565344777e-05	3.58139553501099e-06	3.14747865320962e-06	1.36158540528982e-05	1.21313821757414e-05	1.2894363584212e-05	1.556603988211e-05
Candidatus.Sungbacteria	6.51684404106069e-05	4.60843877646073e-05	6.86209744231153e-05	5.25491439091777e-05	4.8032834234265e-05	5.15399629463076e-05	5.38445137546429e-05	4.27486800478508e-05	7.4734678732984e-05	6.72931877980448e-05
Candidatus.Jorgensenbacteria	7.25999292293603e-05	2.92482247679375e-05	6.88849012478196e-05	4.55202775264214e-05	5.60383066066425e-05	5.724476800525e-05	4.34778976007318e-05	3.165713063003e-05	6.86822223567213e-05	7.25616936042974e-05
Candidatus.Liptonbacteria	8.03172445411427e-05	2.777352435947e-05	8.23451693077384e-05	3.96628888741245e-05	3.85526695827653e-05	4.32778314816323e-05	4.53346049715815e-05	2.58802819749151e-05	6.71033206933484e-05	6.89695305545797e-05
Candidatus.Tagabacteria	5.60219926336796e-05	1.14289281656226e-05	5.22575112914494e-05	2.91195892999902e-05	3.83419992571764e-05	3.5015700016957e-05	2.76958849485089e-05	1.19003082295368e-05	6.92085229111789e-05	6.89695305545797e-05
Candidatus.Ryanbacteria	2.88684757959267e-05	1.73277297994924e-05	2.34894873986818e-05	2.46010323396469e-05	1.7696307349466e-05	1.94750241667345e-05	2.33635677498594e-05	1.89480635887771e-05	2.92096807723987e-05	2.63425290312631e-05
Candidatus.Wildermuthbacteria	1.02897537490432e-05	1.36409787783238e-05	1.24045607611016e-05	1.27189010735589e-05	1.11655272562107e-05	1.29833494444897e-05	1.43894821240856e-05	1.45576586108897e-05	1.34206641386697e-05	1.17343992957445e-05
Candidatus.Komeilibacteria	4.54464123916074e-05	2.777352435947e-05	5.30492917655622e-05	3.84914111436652e-05	3.22325598150989e-05	3.46222651853058e-05	3.52774400461454e-05	2.54181340825059e-05	5.65773096041957e-05	5.77140863321309e-05
Candidatus.Kuenenbacteria	2.05795074980864e-05	1.43783289825575e-05	1.76830972551874e-05	1.67353961494196e-05	1.36935711632773e-05	1.49505236027457e-05	2.02690554651098e-05	1.54819543957081e-05	2.31572243961359e-05	2.13135007616583e-05
Candidatus.Lloydbacteria	4.34456269404046e-05	1.76964049016092e-05	4.77707552714764e-05	3.39728541833219e-05	2.10670325588881e-05	2.45896769782002e-05	3.28018302183457e-05	1.91791375349817e-05	4.73670499011871e-05	5.55587885023003e-05
Candidatus.Kerfeldbacteria	3.40133526704483e-05	2.60530405495913e-05	3.74776091080091e-05	3.48096239907929e-05	2.82298236289101e-05	2.89174601263634e-05	3.46585375891954e-05	2.81910214369611e-05	4.26303449110684e-05	4.50217768897951e-05
Candidatus.Terrybacteria	3.51566586425642e-05	1.30265202747957e-05	3.43104872115577e-05	2.09192451867746e-05	1.74856370238772e-05	2.16389157408161e-05	2.22804884501971e-05	1.50198065032989e-05	4.84196510101023e-05	5.17271479159348e-05
Candidatus.Yonathbacteria	0.0002040801160226	2.49470152432408e-05	0.000203487581847	6.96192479815857e-05	0.0001567387222381	0.0001591443894029	7.16379593919531e-05	2.160541397013e-05	0.0001657846746541	0.0001640421126037
Candidatus.Niyogibacteria	1.65779365956807e-05	1.33951953769125e-05	1.37241948846231e-05	1.47271486114893e-05	1.13761975817996e-05	1.12128927020593e-05	1.43894821240856e-05	1.27090670412529e-05	2.447297578228e-05	2.77793942511502e-05
Candidatus.Campbellbacteria	5.71652986057955e-06	6.39036843669222e-06	7.12602426701582e-06	8.86975995919241e-06	9.26949432591079e-06	8.65556629632646e-06	6.34375018373667e-06	7.74097719785406e-06	7.89450831686451e-06	6.70537102613969e-06
Candidatus.Colwellbacteria	3.8014923572854e-05	1.51156791867912e-05	3.95890237056435e-05	2.19233689557397e-05	1.81176480006438e-05	1.88848719192577e-05	2.02690554651098e-05	1.37488997991736e-05	3.68410388120344e-05	4.21480464500209e-05
Candidatus.Vogelbacteria	3.20125672192455e-05	1.89253219086654e-05	2.53369751716118e-05	2.39316164936701e-05	2.35950764659547e-05	3.02944820371426e-05	2.52202751207092e-05	1.73305459653449e-05	5.86825118220262e-05	6.63352776514534e-05
Candidatus.Spechtbacteria	4.00157090240569e-06	3.07229251764049e-06	3.95890237056435e-06	3.01237130689554e-06	4.63474716295539e-06	3.34419606903522e-06	4.33231719864943e-06	4.15933103168278e-06	2.36835249505935e-06	2.39477536647846e-06
Candidatus.Brennerbacteria	4.57322388846364e-06	7.37350204233717e-06	6.59817061760724e-06	7.19622034425045e-06	8.0054723723775e-06	4.91793539564003e-06	8.50990878306138e-06	8.20312509026326e-06	5.26300554457634e-06	3.35268551306985e-06
Candidatus.Andersenbacteria	6.28818284663751e-06	6.14458503528098e-06	1.10849266375802e-05	7.69828222873304e-06	5.05608781413316e-06	6.29495730641924e-06	8.20045755458642e-06	7.74097719785406e-06	1.71047680198731e-05	2.05950681517148e-05
Candidatus.Jacksonbacteria	2.00078545120284e-06	1.2289170070562e-06	1.84748777293003e-06	1.00412376896518e-06	4.21340651177763e-07	7.86869663302405e-07	1.85670737084976e-06	1.73305459653449e-06	1.5789016633729e-06	1.19738768323923e-06
Candidatus.Parcubacteria	0.0	6.14458503528098e-07	0.0	1.00412376896518e-06	2.10670325588882e-07	1.96717415825601e-07	4.64176842712439e-07	2.31073946204599e-07	5.26300554457634e-07	1.19738768323923e-06
Candidatus.Veblenbacteria	3.42991791634773e-06	4.30120952469669e-06	2.6392682470429e-06	3.51443319137812e-06	8.42681302355526e-07	2.55732640573282e-06	5.41539649831179e-06	4.04379405858048e-06	3.42095360397462e-06	3.59216304971769e-06
Candidatus.Woesebacteria	6.88841848199836e-05	4.53470375603736e-05	7.12602426701582e-05	5.97453642534281e-05	5.89876911648868e-05	5.724476800525e-05	6.18902456949919e-05	4.70235480526359e-05	7.60504301191281e-05	8.45355704366897e-05
Candidatus.Gottesmanbacteria	0.000296402073271	6.24289839584547e-05	0.0002850409706806	0.0001594883253039	0.0002412175227992	0.0002378313557331	0.0001530236324808	6.47007049372877e-05	0.0003278852454271	0.0003199419889615
Candidatus.Roizmanbacteria	0.0001360534106817	0.0001144121733569	0.0001298519977545	0.0001246787013131	0.0001375677226095	0.0001253089938809	0.0001325998514015	0.0001209672108381	0.0001713108304759	0.0001812844952424
Candidatus.Levybacteria	0.0001763549461988	5.01398138878928e-05	0.0001733999238307	8.41790426315808e-05	0.0001407277774933	0.0001319973860189	8.81936001153634e-05	4.42506606981807e-05	0.0001968364073671	0.0001968505351245
Candidatus.Daviesbacteria	0.00012833609537	3.63759434088634e-05	0.0001227259734874	5.65656389850384e-05	0.000104492481492	0.0001060306871299	5.80221053390549e-05	3.45455549575875e-05	0.0001160492722579	0.0001197387683239
Candidatus.Curtissbacteria	0.0001280502688769	2.69132824545307e-05	0.0001211424125392	6.24230276373353e-05	9.90150530267743e-05	0.0001020963388134	5.66295748109176e-05	2.7382262625245e-05	0.0001144703705945	0.000105370116125
Candidatus.Shapirobacteria	2.14369869771733e-05	1.84337551058429e-05	2.16419996257518e-05	2.51030942241295e-05	1.45362524656328e-05	1.77045674243041e-05	2.66128056488465e-05	1.98723593735955e-05	3.49989868714327e-05	3.06531246909243e-05
Candidatus.Beckwithbacteria	2.02936810050574e-05	2.50699069439464e-05	2.56009019963161e-05	3.44749160678045e-05	1.68536260471105e-05	1.96717415825601e-05	3.26471046041082e-05	2.69201147328358e-05	3.07885824357716e-05	3.04136471542765e-05
Candidatus.Amesbacteria	3.40133526704483e-05	1.19204949684451e-05	3.66858286338963e-05	2.35969085706817e-05	1.58002744191661e-05	1.67209803451761e-05	2.73864337200339e-05	1.1207086390923e-05	3.84199404754073e-05	3.44847652772898e-05
Candidatus.Chisholmbacteria	1.48629776375068e-05	1.15518198663282e-05	1.29324144105102e-05	1.72374580339022e-05	1.47469227912217e-05	1.41636539394433e-05	1.45442077383231e-05	1.14381603371276e-05	1.05260110891527e-05	1.10159666858009e-05
Candidatus.Collierbacteria	4.91621568009842e-05	6.15687420535154e-05	4.80346820961807e-05	8.53505203620402e-05	2.69658016753768e-05	3.02944820371426e-05	8.43254597594264e-05	6.07724478518095e-05	5.07880035051617e-05	5.12481928426391e-05
Candidatus.Woykebacteria	4.05873620101148e-05	2.56843654474745e-05	3.6421901809192e-05	2.96216511844728e-05	2.54911093962547e-05	3.16715039479218e-05	2.63033544203715e-05	2.66890407866312e-05	3.47358365942039e-05	3.28084225207549e-05
Candidatus.Pacebacteria	0.0001209046065512	3.67446185109803e-05	0.0001248373880851	6.34271514063004e-05	0.0001491545905169	0.0001581608023237	7.14832337777156e-05	3.57009246886105e-05	0.0001168387230895	0.0001139913074443
Candidatus.Blackburnbacteria	2.28661194423182e-06	2.21205061270115e-06	2.6392682470429e-07	1.84089357643616e-06	2.52804390706658e-06	1.96717415825601e-06	1.5472561423748e-06	1.27090670412529e-06	1.31575138614409e-06	4.78955073295692e-07
Candidatus.Microgenomates	0.0	2.33494231340677e-06	0.0	3.34707922988393e-06	4.21340651177763e-07	5.90152247476804e-07	2.78506105627463e-06	2.07966551584139e-06	7.89450831686451e-07	1.91582029318277e-06
Candidatus.Gracilibacteria	1.77212425677966e-05	8.35663564798213e-06	1.66273899563703e-05	9.70652976666339e-06	1.62216150703439e-05	1.41636539394433e-05	1.09855186108611e-05	7.85651417095636e-06	1.78942188515596e-05	1.53265623454622e-05
candidate.division.NC10	0.0004181641593013	0.0002236628952842	0.0004338956998138	0.0002823261330407	0.0002884076757311	0.000303338255203	0.0002806722642267	0.0002176716573247	0.0004276192004968	0.0004372859819189
Candidatus.Rokubacteria	0.0015165953720117	0.0016758741225225	0.0015571682657553	0.0016668454564822	0.0012459043055326	0.0012668601579168	0.0017392706296435	0.0016774813124722	0.0017362655291557	0.0017443543769429
Candidatus.Handelsmanbacteria	0.0002309478063674	0.000152754383977	0.0002246017278233	0.0001850934814125	0.0001422024697724	0.0001524559972648	0.0001858254626992	0.0001424570878351	0.0002276249898029	0.0002301379127185
Candidatus.Schekmanbacteria	0.0001549179592217	2.12602642220722e-05	0.0001401451439179	5.55615152160732e-05	0.0001350396787024	0.0001219647978118	5.6784300425155e-05	2.35695425128691e-05	0.0001302593872282	0.0001173439929574
Candidatus.Aminicenantes	0.0004207365977386	0.0003906727165431	0.0004563294799137	0.0004381326711918	0.0002930424228941	0.0002931089495801	0.0004225556524825	0.000382889528861	0.0004607761354276	0.0004530914993377
Candidatus.Glassbacteria	7.03133172851285e-05	6.55012764760952e-05	6.78291939490025e-05	6.37618593292888e-05	5.64596472578202e-05	5.1343245530482e-05	7.16379593919531e-05	6.64337595338222e-05	7.4734678732984e-05	7.95065421670849e-05
candidate.division.WWE3	0.0001532030002635	6.89422440958526e-05	0.0001522857778543	9.48896961672094e-05	0.0001148153274459	0.000117243579832	9.67035088984248e-05	6.85134250496636e-05	0.0001763106857433	0.000173381736533
Candidatus.Peregrinibacteria	0.0002889705844522	0.0001279302604345	0.0002837213365571	0.0001902814542189	0.0002266812703336	0.0002250447237044	0.000188301072527	0.0001284771140897	0.0002892021546744	0.0002914441621004
Candidatus.Doudnabacteria	0.0001006109255462	4.20289616413219e-05	0.000110585339551	6.34271514063004e-05	6.13050647463645e-05	6.0195529242634e-05	5.39992393688804e-05	4.57526413485106e-05	9.68393020202047e-05	0.0001036937733685
Candidatus.Berkelbacteria	0.0002609595881354	0.0001204338666915	0.0002974455314417	0.0002070168503683	0.0001657975462384	0.0001811767399753	0.0002232690613446	0.0001255886897621	0.0005541944838438	0.0005860015321772
Candidatus.Gribaldobacteria	7.14566232572444e-06	2.08915891199553e-06	6.86209744231153e-06	3.51443319137812e-06	7.16279107002197e-06	5.11465281146564e-06	3.71341474169951e-06	3.00396130065979e-06	7.36820776240688e-06	9.10014639261815e-06
Candidatus.Saccharibacteria	9.40369162065336e-05	4.82964383773085e-05	0.0001026675348099	6.05821340608991e-05	5.96197021416535e-05	5.50808764311684e-05	5.83315565675298e-05	5.18761009229324e-05	0.0001071021628321	0.0001127939197611
Candidatus.Eisenbacteria	0.0001992210656411	0.000307229251764	0.0002069186305681	0.0005109316444417	0.0001297729205627	0.0001355382995038	0.0005109039782121	0.0003081371072638	0.0003881466589125	0.0004138171833274
Candidatus.Desantisbacteria	0.0001660651924498	4.21518533420275e-05	0.0001765670457271	8.08319634016969e-05	7.71053391655306e-05	7.77033792511125e-05	8.52538134448513e-05	3.57009246886105e-05	0.0001305225375054	0.0001388969712557
Candidatus.Edwardsbacteria	4.43031064194915e-05	3.55157015039241e-05	5.17296576420408e-05	4.31773220655027e-05	2.25417248380103e-05	2.7147003383933e-05	3.89908547878449e-05	3.33901852265645e-05	4.3156645465526e-05	4.52612544264429e-05
Candidatus.Lindowbacteria	0.0001500589088402	7.72988797438347e-05	0.0001396172902685	0.0001000776689735	0.0001089165583294	0.0001083912961199	0.0001015000029397	7.50990325164946e-05	0.0001407853983174	0.0001365021958892
Candidatus.Ratteibacteria	4.57322388846364e-06	4.79277632751916e-06	3.43104872115577e-06	4.5185569603433e-06	1.13761975817996e-05	7.86869663302405e-06	6.80792702644911e-06	4.96808984339888e-06	9.2102597030086e-06	7.66328117273108e-06
Candidatus.Dadabacteria	8.48904684296064e-05	2.74048492573532e-05	7.41634377419054e-05	3.8324057182171e-05	9.94363936779521e-05	0.0001079978612882	4.37873488292068e-05	3.09639087914162e-05	0.0001165755728123	0.0001214151110804
Candidatus.Firestonebacteria	7.57440206526791e-05	1.09373613628001e-05	7.70666328136526e-05	2.66092798775772e-05	6.02517131184201e-05	5.88185073318548e-05	2.97073179335961e-05	1.24779930950483e-05	6.49981184755178e-05	6.37010247483271e-05
Candidatus.Raymondbacteria	3.51566586425642e-05	1.26578451726788e-05	3.66858286338963e-05	1.50618565344777e-05	1.7696307349466e-05	2.02618938300369e-05	1.59367382664604e-05	1.30556779605598e-05	3.47358365942039e-05	4.21480464500209e-05
Candidatus.Riflebacteria	7.80306325969109e-05	1.89253219086654e-05	7.94419742359912e-05	4.35120299884911e-05	5.20355704204537e-05	5.6261180926122e-05	4.42515256719192e-05	1.87169896425725e-05	7.28926267923823e-05	7.30406486775931e-05
Candidatus.Wallbacteria	4.03015355170858e-05	1.32723036762069e-05	4.0116877355052e-05	2.05845372637862e-05	1.89603293029993e-05	2.28192202357698e-05	2.02690554651098e-05	1.31712149336621e-05	4.52618476833565e-05	4.23875239866688e-05
candidate.division.CPR1	3.14409142331875e-06	1.47470040846743e-06	5.2785364940858e-07	1.84089357643616e-06	1.89603293029993e-06	9.83587079128007e-07	1.85670737084976e-06	1.61751762343219e-06	1.84205194060172e-06	1.43686521988708e-06
Candidatus.Coatesbacteria	2.34377724283762e-05	3.12144919792274e-05	2.03223655022303e-05	2.74460496850482e-05	2.27523951635992e-05	2.67535685522818e-05	3.15640253044459e-05	3.01551499797002e-05	3.34200852080598e-05	2.96952145443329e-05
Candidatus.Bipolaricaulota	3.8586576558912e-05	4.66988462681354e-05	3.80054627574177e-05	4.97041265637763e-05	3.58139553501099e-05	3.46222651853058e-05	5.3225611297693e-05	5.10673421112164e-05	4.71038996239583e-05	4.07111812301338e-05
Candidatus.Blackallbacteria	7.14566232572444e-06	1.16747115670339e-05	8.44565839053727e-06	9.2044678821808e-06	7.16279107002197e-06	1.25899146128385e-05	1.02118905396737e-05	1.16692342833322e-05	5.78930609903398e-06	9.339623929266e-06
candidate.division.CPR2	5.1448768745216e-06	2.08915891199553e-06	6.07031696819867e-06	6.52680449827366e-06	1.05335162794441e-05	8.06541404884966e-06	6.80792702644911e-06	2.77288735445519e-06	1.42101149703561e-05	1.38896971255751e-05
Candidatus.Fraserbacteria	3.54424851355932e-05	1.79421883030205e-05	2.95598043668805e-05	2.35969085706817e-05	1.43255821400439e-05	1.35735016919665e-05	2.44466470495218e-05	1.39799737453782e-05	3.55252874258903e-05	3.54426754238812e-05
Candidatus.Fischerbacteria	1.42913246514489e-05	6.51326013739784e-06	1.21406339363973e-05	8.86975995919241e-06	1.85389886518216e-05	1.98684589983857e-05	9.74771369696122e-06	7.04775535924027e-06	1.68416177426443e-05	1.79608152485885e-05
Candidatus.Sumerlaeota	4.94479832940131e-05	3.18289504827555e-05	5.41049990643794e-05	2.94542972229786e-05	2.06456919077104e-05	3.2064938779573e-05	3.15640253044459e-05	2.76133365714496e-05	4.42092465744413e-05	4.43033442798515e-05
candidate.division.WOR.3	5.71652986057955e-07	1.2289170070562e-06	1.05570729881716e-06	1.67353961494196e-06	0.0	5.90152247476804e-07	9.28353685424878e-07	9.24295784818396e-07	5.26300554457634e-07	4.78955073295692e-07
Candidatus.Wirthbacteria	1.34338451723619e-05	1.00771194578608e-05	1.29324144105102e-05	1.40577327655125e-05	9.90150530267743e-06	9.24571854380326e-06	1.08307929966236e-05	8.78080995577476e-06	3.13148829902292e-05	2.58635739579674e-05
Candidatus.Abawacabacteria	3.77290970798251e-05	1.59759210917305e-06	3.98529505303478e-05	1.33883169195357e-05	1.98030106053549e-05	1.84914370876065e-05	1.28422259817108e-05	2.65735038135289e-06	1.94731205149325e-05	2.44267087380803e-05
Candidatus.Absconditabacteria	1.80070690608256e-05	5.0385597289304e-06	2.08502191516389e-05	4.5185569603433e-06	1.53789337679884e-05	1.47538061869201e-05	5.57012211254927e-06	4.85255287029658e-06	1.31575138614409e-05	1.41291746622229e-05
candidate.division.CPR3	1.14330597211591e-06	1.84337551058429e-06	1.05570729881716e-06	1.33883169195357e-06	2.10670325588882e-07	9.83587079128007e-07	2.3208842135622e-06	2.19520248894369e-06	2.36835249505935e-06	2.39477536647846e-06
Candidatus.Delongbacteria	3.71574440937671e-06	4.17831782399107e-06	5.2785364940858e-06	4.6859109218375e-06	9.48016465149967e-06	1.14096101178849e-05	8.04573194034894e-06	6.00792260131957e-06	5.52615582180516e-06	5.74746087954831e-06
Candidatus.Calescamantes	2.85826493028978e-07	1.2289170070562e-07	2.6392682470429e-07	3.34707922988393e-07	0.0	0.0	9.28353685424878e-07	2.31073946204599e-07	5.26300554457634e-07	2.39477536647846e-07
Planctomycetota	0.156487432494928	0.0222338122750621	0.149410559026047	0.0561234898187707	0.165982725454642	0.160587508365408	0.056043474184186	0.0224511446132388	0.121507535308188	0.117144029214344
Candidatus.Omnitrophica	0.0013413837317849	0.0005458849345343	0.001314619513852	0.0007887392205221	0.0009762462887788	0.0009918492105926	0.0008047279196491	0.0005643981136047	0.0012270697427179	0.0012438463253489
Verrucomicrobiota	0.0017498297903234	0.0012224037469188	0.0017965498957621	0.001454473279346	0.0012003995152054	0.0012493523079083	0.0014791768721103	0.0012439865893924	0.0018970503485425	0.001895225225031
Lentisphaerota	0.0007271425982657	0.0002859689875419	0.0007234234265144	0.0004200584433504	0.0004733762215982	0.0004707447760706	0.0004199253170405	0.0002951969662763	0.0006386657228343	0.0006688607598574
Chlamydiota	6.31676549594041e-05	3.51470264018072e-05	7.0996315845454e-05	4.26752601810201e-05	6.19370757231312e-05	6.37364427274948e-05	4.5798781814294e-05	3.88204229623726e-05	6.84190720794924e-05	6.75326653346926e-05
Kiritimatiellota	9.63235281507655e-05	5.87422329372862e-05	8.89433399253457e-05	7.51419287108942e-05	6.80465151652087e-05	6.39331601433204e-05	7.31852155343279e-05	6.37764091524693e-05	0.0001052601108915	9.93831777088561e-05
Thermodesulfobacteriota	0.0068192484706853	0.0039077102990372	0.0068781969786185	0.0049858092208351	0.0051620549879043	0.0051858645159945	0.0050250237735906	0.0038945202893323	0.0069190102391772	0.0069525118439602
Nitrospirota	0.0054767214329282	0.0024518123207778	0.0056733710238434	0.0030301108268139	0.002633379069861	0.0025681458636032	0.003057687588561	0.0024934034165207	0.0113575659651957	0.0116036445607347
Campylobacterota	0.000818892902528	0.0002527882283514	0.0007841265961964	0.0003914409159349	0.0006838358768615	0.0006765111930242	0.0003962522980621	0.0002542968777981	0.0007189265573891	0.0007057403005012
Bacteroidota	0.0118700884290004	0.0069947498207624	0.0118442441122544	0.0083275331239512	0.0139973577727765	0.0142980119344522	0.0084788089345996	0.0071433044359958	0.0107307420048367	0.0107190145403576
Ignavibacteriota	0.0009935328897687	0.0016977488452481	0.0009794324464776	0.0011247859752024	0.0012084049875778	0.0012456146770077	0.0011777713755757	0.0017450704417371	0.000946551547192	0.0009478520900521
Chlorobiota	0.0006379647324406	0.0002841256120313	0.0006455650132266	0.0004075068962383	0.0004466210902484	0.0004528434912305	0.0004106417801862	0.0002973921687653	0.0006002457823589	0.000614020403965
Balneolota	2.62960373586659e-05	1.11831447642114e-05	2.79762434186547e-05	1.9580413494821e-05	1.15868679073885e-05	1.00325882071057e-05	1.9340701779685e-05	1.29401409874575e-05	2.49992763367376e-05	2.51451413480238e-05
Gemmatimonadota	0.0014171277524376	0.0012822520051624	0.0014581957064912	0.0013781598729047	0.0009532832232896	0.0009776855566532	0.0013899001926952	0.0012824604014355	0.0015304820123628	0.0015539697353078
candidate.division.Zixibacteria	0.0002106541253623	5.16145142963602e-05	0.0001997926063011	0.000100245022935	0.0001491545905169	0.0001424234090577	9.71676857411372e-05	4.97964354070911e-05	0.0001960469565354	0.0001927794170015
Candidatus.Marinimicrobia	0.0001409124610632	4.08000446342657e-05	0.0001343387537744	6.40965672522772e-05	0.0001063885144223	0.0001007193169027	6.85434471072035e-05	3.8589349016168e-05	0.0001186807750301	0.0001209361560071
Candidatus.Hydrogenedentes	4.11590149961728e-05	6.39036843669222e-06	4.06447310044606e-05	1.35556708810299e-05	2.42270874427214e-05	1.79012848401297e-05	1.31516772101858e-05	6.23899654752417e-06	3.60515879803479e-05	4.31059565966123e-05
Fibrobacterota	6.28818284663751e-06	6.14458503528098e-06	6.33424379290295e-06	8.36769807470982e-06	8.21614269796638e-06	6.49167472224484e-06	8.20045755458642e-06	5.89238562821727e-06	1.02628608119239e-05	9.10014639261815e-06
Candidatus.Cloacimonetes	4.68755448567523e-05	5.16145142963602e-06	4.61871943232507e-05	1.35556708810299e-05	3.47606037221654e-05	3.79664612543411e-05	1.76387200230727e-05	4.96808984339888e-06	3.71041890892632e-05	3.52031978872334e-05
Elusimicrobiota	0.0018410084415996	0.0011267940037698	0.0019176923083013	0.0014246842742	0.0014066457639569	0.0013988575439358	0.0014449825113638	0.0011241747482853	0.0018083687051164	0.0018777433648557
Acidobacteriota	0.0057328219706822	0.0060009246371561	0.0058367417283353	0.0060752835101623	0.0037263367190161	0.0038798575923283	0.0062103767042639	0.0060561015191032	0.0070347963611579	0.007146488648645
Myxococcota	0.007259992922936	0.0082400114240125	0.0073527374094368	0.0086875114951252	0.0076416447200855	0.0077540103795977	0.0086847487271497	0.0082381327931132	0.0093376244371873	0.0094186515163597
Nitrospinota	0.0026078809223963	0.0002364436321576	0.0025160144199059	0.0008397821787778	0.00203739271877	0.0019620595054445	0.0008434093232085	0.0002382372385369	0.0020557299657115	0.0019651526657322
Candidatus.Tectomicrobia	0.0001743541607476	0.0001225230256035	0.0001844848504682	0.000142585575193	0.0001158686790738	0.0001203910584852	0.000141419211413	0.0001237400981925	0.0001789421885155	0.0001820029278523
Spirochaetota	0.0014514269316011	0.0007255526009659	0.0015033271935156	0.0009724938702427	0.0009823557282209	0.001003848972958	0.0010115960658846	0.0007150583265301	0.0014039067290157	0.0013705299422356
Bdellovibrionota	0.000621958448831	0.0001753664569069	0.0005911960873376	0.0003040821480349	0.0004895978366685	0.0004644498187642	0.0003193536677861	0.000175154051223	0.0005397212185963	0.0005376270697744
Synergistota	0.0003601413812165	0.0002655689652248	0.0003768875056777	0.0002942082643067	0.0002542790829857	0.0002551424883258	0.0003105343077746	0.0002537191929326	0.0003747259947738	0.0003831640586365
Caldisericota	8.00314180481137e-06	4.05542612328545e-06	1.0029219338763e-05	4.18384903735491e-06	4.21340651177763e-06	4.32778314816323e-06	3.71341474169951e-06	6.93221838613797e-06	7.6313580396357e-06	4.78955073295692e-06
Fusobacteriota	0.0002621028941075	6.10771752506929e-05	0.0002523140444173	0.0001158089413539	0.0002209931715427	0.0002146187006657	0.0001129496983933	6.27365763945486e-05	0.0002202567820405	0.0002035559061506
Thermotogota	0.0002423808660885	9.38892593390934e-05	0.0002151003621339	0.0001355567088102	0.0001782270954481	0.0001772423916588	0.000134920735615	9.77442792445453e-05	0.0002126254240008	0.0002100217996401
Atribacterota	7.86022855829689e-05	1.30265202747957e-05	7.62748523395397e-05	2.40989704551643e-05	5.85663505137091e-05	5.86217899160292e-05	2.58391775776591e-05	1.40955107184805e-05	6.36823670893737e-05	7.08853508477625e-05
Chrysiogenota	2.42952519074631e-05	1.72048380987867e-05	2.26977069245689e-05	2.66092798775772e-05	1.72749666982883e-05	1.86881545034321e-05	2.70769824915589e-05	1.6983935046038e-05	2.92096807723987e-05	2.92162594710372e-05
Aquificota	0.0001297652278351	2.90024413665262e-05	0.0001330191196509	5.17123741017067e-05	0.0001129192945156	0.0001101617528623	5.16783551553182e-05	2.61113559211197e-05	0.0001094705153271	0.0001084833241014
Calditrichota	0.000119189647593	4.96482470850703e-05	0.0001116410468499	0.0001025879783959	5.91983614904757e-05	6.37364427274948e-05	9.88696674977495e-05	5.45334513042853e-05	0.0001092073650499	0.0001113570545412
Deferribacterota	8.9749518811099e-05	3.56385932046297e-05	9.81807787899958e-05	4.63570473338924e-05	6.78358448396198e-05	7.10149871130421e-05	5.15236295410807e-05	3.10794457645186e-05	8.26291870498486e-05	8.42960929000418e-05
Dictyoglomota	3.42991791634773e-06	2.94940081693487e-06	2.90319507174719e-06	4.01649507586071e-06	9.26949432591079e-06	4.91793539564003e-06	1.70198175661228e-06	3.81272011237588e-06	2.36835249505935e-06	3.113207976422e-06
Coprothermobacterota	7.14566232572444e-06	2.82650911622925e-06	5.01460966938151e-06	5.69003469080268e-06	1.26402195353329e-06	1.57373932660481e-06	5.72484772678675e-06	4.27486800478508e-06	8.68395914855096e-06	7.66328117273108e-06
Nitrososphaerota	0.0001014684050252	3.45325678982791e-05	0.0001037232421087	5.08756042942357e-05	8.0054723723775e-05	8.20311623992758e-05	5.91051846387172e-05	3.6278609554122e-05	8.39449384359926e-05	8.45355704366897e-05
Candidatus.Bathyarchaeota	8.57479479086933e-06	1.52385708874968e-05	9.50136568935443e-06	1.30536089965473e-05	6.10943944207756e-06	6.09823989059364e-06	1.08307929966236e-05	1.47887325570943e-05	1.18417624752968e-05	1.02975340758574e-05
Thermoproteota	0.0001051841494346	6.04627167471648e-05	9.97643397382215e-05	7.04560177890567e-05	9.54336574917633e-05	9.48177944279399e-05	6.82339958787285e-05	6.23899654752417e-05	9.97339550697217e-05	9.31567617560121e-05
Candidatus.Korarchaeota	8.57479479086933e-07	4.91566802822478e-07	0.0	3.34707922988393e-07	0.0	0.0	4.64176842712439e-07	3.46610919306898e-07	0.0	0.0
Euryarchaeota	0.0042994021081418	0.0047908100603078	0.0043619186318878	0.0050830418724632	0.0033395460012349	0.003324130892621	0.0050486967925689	0.0048360310831429	0.0046748646749699	0.0047332735118446
Candidatus.Woesearchaeota	3.45850056565063e-05	1.70819463980811e-05	3.16712189645148e-05	2.30948466861991e-05	2.61231203730213e-05	3.28518084428754e-05	2.39824702068093e-05	1.61751762343219e-05	2.81570796634834e-05	2.94557370076851e-05
Nanoarchaeota	1.2862192186304e-05	7.37350204233717e-07	1.26684875858059e-05	4.5185569603433e-06	6.53078009325533e-06	6.68839213807045e-06	3.40396351322455e-06	1.15536973102299e-06	8.15765859409333e-06	7.90275870937892e-06
Candidatus.Micrarchaeota	2.85826493028978e-05	1.60988127924362e-05	3.27269262633319e-05	2.25927848017165e-05	2.42270874427214e-05	2.34093724832466e-05	2.19710372217221e-05	1.96412854273909e-05	2.97359813268563e-05	3.35268551306985e-05
Candidatus.Diapherotrites	2.85826493028978e-07	4.91566802822478e-07	0.0	1.67353961494196e-07	6.32010976766644e-07	1.96717415825601e-07	7.73628071187398e-07	8.08758811716096e-07	7.89450831686451e-07	2.39477536647846e-07
Candidatus.Altiarchaeota	2.85826493028978e-07	0.0	0.0	1.67353961494196e-07	0.0	1.96717415825601e-07	0.0	1.15536973102299e-07	0.0	0.0
Candidatus.Aenigmarchaeota	0.0	1.2289170070562e-07	0.0	0.0	2.10670325588882e-07	0.0	1.5472561423748e-07	2.31073946204599e-07	2.63150277228817e-07	0.0
Candidatus.Huberarchaea	0.0	0.0	0.0	0.0	0.0	0.0	1.5472561423748e-07	0.0	0.0	0.0
Candidatus.Nanohaloarchaeota	0.0	3.68675102116859e-07	2.6392682470429e-07	1.67353961494196e-07	6.32010976766644e-07	9.83587079128007e-07	1.5472561423748e-07	0.0	0.0	0.0
Candidatus.Thermoplasmatota	6.57400933966649e-06	5.40723483104726e-06	6.86209744231153e-06	6.19209657528527e-06	6.95212074443309e-06	8.45884888050086e-06	7.5815550976365e-06	4.15933103168278e-06	7.6313580396357e-06	5.26850580625261e-06
Candidatus.Heimdallarchaeota	1.42913246514489e-06	4.91566802822478e-06	2.11141459763432e-06	4.8532648833317e-06	3.16005488383322e-06	3.14747865320962e-06	2.63033544203715e-06	3.00396130065979e-06	2.10520221783054e-06	2.63425290312631e-06
Candidatus.Lokiarchaeota	6.57400933966649e-06	4.17831782399107e-06	8.97351203994585e-06	1.08780074971228e-05	2.10670325588882e-06	2.55732640573282e-06	1.46989333525606e-05	4.62147892409198e-06	9.47340998023741e-06	1.19738768323923e-05
Candidatus.Odinarchaeota	2.20086399632313e-05	1.2289170070562e-06	1.79470240798917e-05	6.35945053677946e-06	1.43255821400439e-05	1.61308280976993e-05	5.10594526983683e-06	1.27090670412529e-06	1.18417624752968e-05	1.26923094423358e-05
Candidatus.Thorarchaeota	2.85826493028978e-07	0.0	0.0	6.69415845976786e-07	0.0	1.96717415825601e-07	0.0	3.46610919306898e-07	2.63150277228817e-07	0.0
