#OTU ID	mgm4451033	mgm4451034	mgm4451035	mgm4451036	mgm4485218	mgm4485219	mgm4485982	mgm4603270	mgm4603402	mgm4625051	mgm4625350	mgm4627134	mgm4627135	mgm4627136	mgm4627137	mgm4627138	mgm4627140	mgm4627141	mgm4627142	mgm4627143	mgm4627144	mgm4627145	mgm4627146	mgm4627147	mgm4627148	mgm4627149	mgm4627150	mgm4627151	mgm4627153	mgm4627154	mgm4627155	mgm4627156	mgm4627157	mgm4627158
Pseudomonadota	0.606476399560922	0.497564630947921	0.550079491255962	0.556618995232857	0.533842942077648	0.491435011269722	0.490370992286299	0.469391626363404	0.454635406862035	0.500911718352548	0.491734810935945	0.318746303962153	0.268425135764158	0.365861498897869	0.495556027913981	0.344640554839283	0.544978145952997	0.456622974722152	0.461616973895831	0.61170745670531	0.559014409855901	0.536849619955487	0.541010237234108	0.458107749198112	0.654447558636967	0.648954293377796	0.448848637452788	0.450050454086781	0.263455577928101	0.33518805842384	0.227864316458291	0.441661649608669	0.389111191948587	0.623918703283783
Actinomycetota	0.17148737650933	0.206274055655847	0.223584444172679	0.174624129079575	0.179537859484517	0.203944402704733	0.208374875373878	0.273429760148776	0.23058093280533	0.20211054214807	0.188286196898118	0.0780208949339641	0.0683893298323089	0.0641531961792799	0.110081529864861	0.0844262659494065	0.0992471223597794	0.0890006397571898	0.0470431770382284	0.0997566909975669	0.0838191618083819	0.0496472515012808	0.0864647826886532	0.0473777759617545	0.0669420268476176	0.106358814503365	0.0713154367867441	0.0766902119071645	0.036401891359924	0.0622224600074902	0.0370465259274441	0.0817579771222155	0.0782102582757366	0.130595448055766
Chloroflexota	0.0191822173435785	0.0294628563643176	0.0155313684725449	0.0284561789512285	0.0241389437922193	0.0520160280490859	0.0511754211051057	0.0186406813877856	0.0326498225658202	0.0175099198678592	0.0235372908410747	0.0088310664301202	0.0076982753476159	0.0053269654665687	0.0106064481728736	0.0049348686257946	0.0045767637703379	0.008792941841608	0.0070209080786836	0.0051524259338772	0.0067649323506764	0.0034749926510729	0.0103291853123276	0.0070280098882464	0.0022127157397846	0.0027668031945098	0.0061324777646915	0.0050454086781029	0.0055654849437795	0.0113601911793555	0.0049190407870465	0.0111980734497291	0.0106705468655269	0.0081464684639287
Bacillota	0.021953896816685	0.0289860008855887	0.0230218906689495	0.0274660799413275	0.0353630366965923	0.031893313298272	0.0322060135383324	0.0325988588860514	0.0416549630789876	0.0420784819529041	0.046986317809301	0.0780997437413759	0.089514829623441	0.0596987509184423	0.0446486794179423	0.0525052238474192	0.0340511224513147	0.0509127698510705	0.0638840776939255	0.0260483755546014	0.0426245737542625	0.0608596144962835	0.0413167412493104	0.0543444950660919	0.0367163298421596	0.0240917273792695	0.0606343662429436	0.0454086781029263	0.0544331576208683	0.0643090257343106	0.0855195736831318	0.0473208910295003	0.0709348854128774	0.023851515915008
Cyanobacteriota	0.00609220636663	0.0069484655471916	0.0051669316375198	0.0068940227356068	0.0042308638741377	0.0347858752817431	0.0326126882510364	0.0085272243458807	0.0101041445785795	0.0100552430292271	0.0109829162951368	0.0087522176227084	0.0075789222414513	0.0056943423952975	0.0068451941333083	0.0070244075934735	0.0045081123137829	0.006114888488834	0.0066342941976988	0.005724917704308	0.0059399406005939	0.0051022550707596	0.0058542266903696	0.006333381003943	0.0035255937453901	0.003866275206302	0.0063761523778581	0.0090817356205852	0.0078731250424198	0.0083462629072815	0.0092744414839106	0.0074653822998193	0.009094216078574	0.0052910052910052
Candidatus.Melainabacteria	8.23271130625686e-05	3.40611056234885e-05	3.05735599853247e-05	0.0	0.0001190674636248	0.0001252191334835	0.0001311853911948	0.0001019450156559	0.0001553159926179	0.0001415345437332	0.000159494366726	0.0006702148630001	0.0004774124246583	0.0005051432770022	0.0002666022978235	0.0002222913795403	0.0001601867319618	0.0001785368901849	0.0002165037733514	0.0004293688278231	0.000219997800022	0.0001994708772519	6.13008030405198e-05	0.0001634420904243	0.0001032600678566	2.41642200393877e-05	0.000162449742111	0.0	0.0002488631478925	0.0003031762167174	0.000256200040992	0.0	0.0002425124287619	0.0
Candidatus.Margulisbacteria	0.0	0.0	0.0	0.0002200220022002	7.14404781749339e-05	3.75657400450789e-05	3.9355617358451e-05	6.18195985941465e-05	8.41383489421302e-05	6.76220597836671e-05	8.20699168590449e-05	3.9424403705894e-05	0.0001790296592468	0.0001377663482733	9.00683438593205e-05	0.0001333748277241	4.57676377033799e-05	5.95122967283115e-05	0.0001391809971545	0.0	0.0001649983500165	7.34892705664973e-05	9.19512045607797e-05	0.0001430118291212	5.90057530609234e-05	1.20821100196938e-05	0.0002030621776387	0.0	0.0002262392253568	0.0001783389510102	0.0001024800163968	0.0	0.0001212562143809	0.0
Deinococcota	0.0038693743139407	0.0036785994073367	0.0030267824385471	0.0028602860286028	0.0018574524325482	0.0041948409717004	0.0042635252138321	0.0031644403086358	0.0032649291389374	0.0041453895253429	0.0039659384036885	0.0012615809185886	0.0016112669332219	0.0015154298310066	0.0021580375188693	0.0020006224158627	0.0018764731458385	0.0017704908276672	0.000989731535321	0.0008587376556462	0.0014849851501485	0.0009238651156931	0.0017164224851345	0.0012871064620916	0.0010768549933618	0.0011357183418512	0.0015838849855825	0.0020181634712411	0.0012669396619986	0.001854725090507	0.001024800163968	0.0021673690547862	0.0026676367163817	0.0027714789619551
Armatimonadota	0.0008781558726673	0.0022480329711502	0.0008866332395744	0.0013934726806013	0.0009049127235491	0.0017280240420736	0.0017972398593692	0.001363294115074	0.0015091785165049	0.0015385329105818	0.0016042346012447	0.0009856100926473	0.0004774124246583	0.0004132990448199	0.000734957685892	0.0008891655181612	0.0007093983844023	0.0005653668189189	0.0002938265495484	0.0001431229426077	0.0003849961500385	0.0004094402217276	0.0007356096364862	0.000531186793879	0.0002212715739784	0.0001449853202363	0.0003655119197498	0.0	0.000429854528178	0.0009273625452535	0.0004099200655872	0.0006020469596628	0.0013338183581908	0.0009238263206517
Mycoplasmatota	0.0001920965971459	0.0004768554787288	0.0001834413599119	0.0003300330033003	0.0003810158835996	0.0004633107938893	0.0004591488691819	0.000620665242376	0.000912454897808	0.0008704374439595	0.0011105246925926	0.0031145278927656	0.0020290028047979	0.0017909625275532	0.0018842297535369	0.0020006224158627	0.0015789835007666	0.002112686533855	0.0037269578126933	0.001431229426077	0.001539984600154	0.0014907823457775	0.0010421136516888	0.0030849694567593	0.0013571323204012	0.0010753077917527	0.0029647077935263	0.0010090817356205	0.0012895635845342	0.0017477217199008	0.0058413609346177	0.0004816375677302	0.0020613556444767	0.0001679684219366
Thermomicrobiota	0.0004390779363336	0.0003746721618583	0.0004586033997798	0.0003300330033003	0.0002460727581581	0.0004507888805409	0.0004591488691819	0.0003153593217869	0.0003131816321734	0.0003496427432225	0.0003285377489357	0.0	0.0	4.59221160911095e-05	0.000126095681403	0.0001333748277241	2.288381885169e-05	0.000193414964367	0.0001391809971545	0.0002862458852154	0.0001649983500165	0.0001049846722378	0.0001532520076013	2.04302613030421e-05	1.47514382652309e-05	9.66568801575507e-05	0.0	0.0	4.52478450713785e-05	0.0001783389510102	0.0001024800163968	0.0002408187838651	0.0001212562143809	0.0004199210548416
Candidatus.Kaiserbacteria	0.0003841931942919	0.0003746721618583	0.0002140149198972	0.0002933626696002	0.0002063836036164	0.0003631354871024	0.0003673190953455	0.0002900494433325	0.0003242301022365	0.0003847642781489	0.0003791217228488	0.0005125172481766	0.0002387062123291	0.0002755326965466	0.0003422597066654	4.44582759080603e-05	6.86514565550699e-05	0.0003273176320057	0.0004794012124211	0.0	0.0001649983500165	0.0002309662789232	0.000245203212162	0.0004698960099699	0.0001770172591827	0.0001691495402757	0.0002842870486943	0.0010090817356205	0.0002488631478925	0.0004280134824246	0.0003586800573888	0.0004816375677302	0.0001212562143809	0.000251952632905
Candidatus.Nomurabacteria	0.0001097694840834	0.0001021833168704	0.0001834413599119	0.0001833516685001	7.14404781749339e-05	0.0001377410468319	0.0001443039303143	0.0001683503762	0.0002295744596766	0.0002185922397658	0.0002678885965399	0.0009856100926473	0.0004774124246583	0.0002296105804555	0.0002377804277886	0.0002222913795403	0.0001144190942584	0.0004017080029161	0.0002474328838302	0.0	0.000219997800022	8.39877377902826e-05	0.0001839024091215	0.0002451631356365	0.0001180115061218	0.0001208211001969	0.000324899484222	0.0	0.0003846066831067	0.0001961728461113	0.000256200040992	0.0003612281757977	0.0001212562143809	8.39842109683379e-05
Candidatus.Yanofskybacteria	0.0001097694840834	0.0002043666337409	0.0001528677999266	0.0001466813348001	7.14404781749339e-05	0.0002253944402704	0.0002098966259117	0.0001649110547375	0.0002045029314565	0.0001963136541781	0.0002224662526179	0.0002365464222353	0.0001790296592468	0.0001377663482733	0.0002017530902448	0.0004001244831725	0.0001601867319618	0.0001487807418207	0.0001082518866757	0.0	0.0001649983500165	0.0001469785411329	0.0002758536136823	0.0001021513065152	2.95028765304617e-05	4.83284400787754e-05	0.000162449742111	0.0010090817356205	0.0001357435352141	0.0002496745314144	0.000256200040992	0.0001204093919325	0.0002425124287619	8.39842109683379e-05
Candidatus.Azambacteria	5.48847420417124e-05	6.81222112469771e-05	0.0001222942399412	7.33406674000733e-05	1.5875661816652e-05	6.26095667417981e-05	6.55926955974183e-05	4.77095618251544e-05	6.20414088159142e-05	6.1593736624658e-05	7.09724123781049e-05	7.88488074117879e-05	0.0	0.0	3.9630071298101e-05	0.0001333748277241	2.288381885169e-05	5.95122967283115e-05	7.73227761969566e-05	0.0	0.0001649983500165	3.1495401671356e-05	3.06504015202599e-05	6.12907839091262e-05	2.95028765304617e-05	1.20821100196938e-05	4.06124355277586e-05	0.0	9.0495690142757e-05	3.5667790202058e-05	0.0001537200245952	0.0	0.0	8.39842109683379e-05
Candidatus.Falkowbacteria	0.0001372118551042	0.0004427943731053	0.0002140149198972	0.0002566923359002	0.0001270052945332	0.0003756574004507	0.000380437634465	0.0003119200003245	0.0004023130397018	0.0003727076318309	0.0004224794147743	0.000709639266706	0.0006564420839052	0.0003214548126377	0.0005584237319277	0.0005779575868047	0.0003203734639236	0.0008480502283784	0.0004794012124211	0.0001431229426077	0.0001649983500165	0.0002309662789232	0.000245203212162	0.0004086052260608	8.85086295913852e-05	0.0001087389901772	0.000324899484222	0.0	0.000429854528178	0.0006776880138391	0.0011785201885632	0.0003612281757977	0.0008487935006669	0.0003359368438733
Candidatus.Magasanikbacteria	0.0002195389681668	0.0003746721618583	0.0003668827198238	0.0001833516685001	0.0003016375745163	0.0003380916604057	0.0003410820171065	0.0003829993105483	0.0004727470363541	0.0004547452469948	0.0005236473626006	0.0005913660555884	0.0011338545085635	0.0002755326965466	0.0005296018618928	0.000755790690437	0.0002517220073685	0.0013836608989332	0.0005103303228999	0.0004293688278231	0.0002749972500275	0.0002729601478184	0.0003371544167228	0.0004698960099699	0.0002655258887741	0.0002053958703347	0.0005279616618608	0.0020181634712411	0.0006787176760706	0.0009095286501524	0.0008710801393728	0.0009632751354605	0.0007275372862859	8.39842109683379e-05
Candidatus.Nealsonbacteria	5.48847420417124e-05	0.0001703055281174	9.17206799559741e-05	0.0002200220022002	0.0001190674636248	0.0003130478337089	0.0002886078606286	0.0001552104044589	0.0002170386955666	0.0001798012907426	0.000243370854082	0.0005125172481766	0.0002387062123291	0.0	9.36710776136933e-05	8.89165518161206e-05	0.0001144190942584	0.0001785368901849	0.0001391809971545	0.0001431229426077	0.0	7.34892705664973e-05	0.000122601606081	0.0001225815678182	5.90057530609234e-05	0.0001208211001969	0.0002030621776387	0.0	0.0002714870704282	0.0002318406363133	0.000256200040992	0.0	0.0001212562143809	0.0
Candidatus.Uhrbacteria	2.74423710208562e-05	0.0004087332674818	0.0002751620398679	0.0004767143381004	0.0002222592654331	0.0003255697470573	0.000327963477987	0.0004070745607854	0.0004758278597371	0.0004552694490086	0.0004599012322101	0.0006702148630001	0.0007161186369875	0.0005051432770022	0.0003530679079285	0.0003556662072644	0.0002746058262202	0.0005504887447368	0.0003402202152666	0.0001431229426077	0.0001649983500165	0.0002834586150422	0.0003371544167228	0.0003268841808486	4.42543147956926e-05	0.000157067430256	0.0006497989684441	0.0	0.0002714870704282	0.0005706846432329	0.0003586800573888	0.0008428657435279	0.0002425124287619	0.0
Candidatus.Giovannonibacteria	0.0	6.81222112469771e-05	0.0	0.0	4.76269854499559e-05	0.0001001753067868	0.0001049483129558	7.44304439564331e-05	8.87064663720691e-05	0.0001022193926962	0.0001042649258209	3.9424403705894e-05	5.9676553082294e-05	0.0	7.20546750874564e-05	0.0001333748277241	2.288381885169e-05	4.46342225462336e-05	6.18582209575653e-05	0.0	0.0001649983500165	3.1495401671356e-05	0.000122601606081	6.12907839091262e-05	2.95028765304617e-05	4.83284400787754e-05	4.06124355277586e-05	0.0	0.0001357435352141	1.7833895101029e-05	0.0001024800163968	0.0002408187838651	0.0	0.0001679684219366
Candidatus.Moranbacteria	0.0001646542261251	0.0002043666337409	6.11471199706494e-05	0.0002566923359002	0.0002063836036164	0.000175306786877	0.0001836595476727	0.0002582136728725	0.0003290106902446	0.0003145212082961	0.0003566686323874	0.0010250344963532	0.0007161186369875	0.0003214548126377	0.0007205467508745	0.0006668741386209	6.86514565550699e-05	0.0005356106705548	0.0003092911047878	0.0001431229426077	0.000439995600044	0.0002939570822659	0.0003678048182431	0.0003064539195456	0.0001475143826523	0.000157067430256	0.0005685740973886	0.0	0.0003393588380353	0.000624186328536	0.0004099200655872	0.0001204093919325	0.0001212562143809	0.0003359368438733
Candidatus.Zambryskibacteria	2.74423710208562e-05	3.40611056234885e-05	0.0003363091598385	7.33406674000733e-05	3.968915454163e-05	5.00876533934385e-05	5.24741564779346e-05	9.11861126196112e-05	0.0001106971712092	9.01627463782228e-05	0.0001163947563	7.88488074117879e-05	5.9676553082294e-05	9.1844232182219e-05	4.68355388068466e-05	8.89165518161206e-05	6.86514565550699e-05	8.92684450924672e-05	4.63936657181739e-05	0.0	0.0	4.19938688951413e-05	3.06504015202599e-05	4.08605226060841e-05	4.42543147956926e-05	3.62463300590815e-05	0.0	0.0	0.0001357435352141	0.0001070033706061	0.0001537200245952	0.0001204093919325	0.0001212562143809	8.39842109683379e-05
Candidatus.Staskawiczbacteria	5.48847420417124e-05	3.40611056234885e-05	0.0001222942399412	0.0001466813348001	4.76269854499559e-05	8.76533934385174e-05	9.18297738363856e-05	8.91577948340686e-05	0.0001266324645694	9.82878775925393e-05	0.0001218144677907	0.0003153952296471	0.0001193531061645	0.0002755326965466	0.000126095681403	0.0002667496554483	9.15352754067599e-05	8.92684450924672e-05	9.27873314363479e-05	0.0	0.000109998900011	4.19938688951413e-05	9.19512045607797e-05	6.12907839091262e-05	2.95028765304617e-05	7.2492660118163e-05	0.0001218373065832	0.0	0.0001583674577498	0.0001605050559092	0.0003586800573888	0.0	0.0001212562143809	8.39842109683379e-05
Candidatus.Wolfebacteria	0.0001097694840834	3.40611056234885e-05	0.0	3.66703337000367e-05	0.0001270052945332	0.0001126972201352	0.0001049483129558	9.0216047591743e-05	0.0001324754054682	0.0001090340188759	0.0001238791197872	0.0001182732111176	0.0002387062123291	0.0	7.20546750874564e-05	0.0	0.0001144190942584	7.43903709103894e-05	0.0001082518866757	0.0	0.0	7.34892705664973e-05	0.0	0.0001634420904243	5.90057530609234e-05	6.04105500984692e-05	4.06124355277586e-05	0.0	0.0001357435352141	0.0	0.0001537200245952	0.0001204093919325	0.0	8.39842109683379e-05
Candidatus.Harrisonbacteria	8.23271130625686e-05	0.0001021833168704	3.05735599853247e-05	3.66703337000367e-05	3.1751323633304e-05	8.76533934385174e-05	9.18297738363856e-05	6.75518010315495e-05	7.74455257308244e-05	7.88924030809449e-05	7.7940612866137e-05	3.9424403705894e-05	0.0	4.59221160911095e-05	7.56574088418292e-05	4.44582759080603e-05	6.86514565550699e-05	8.92684450924672e-05	6.18582209575653e-05	0.0	0.000109998900011	1.04984672237853e-05	0.0	4.08605226060841e-05	4.42543147956926e-05	3.62463300590815e-05	4.06124355277586e-05	0.0	6.78717676070677e-05	0.0001248372657072	0.0001024800163968	0.0	0.0	0.0
Candidatus.Taylorbacteria	8.23271130625686e-05	0.0001703055281174	0.0	0.0	6.35026472666079e-05	5.00876533934385e-05	5.24741564779346e-05	9.0216047591743e-05	0.0001108034064982	0.0001045783017584	0.0001138139413045	0.0001576976148235	5.9676553082294e-05	9.1844232182219e-05	7.20546750874564e-05	0.0	2.288381885169e-05	7.43903709103894e-05	6.18582209575653e-05	0.0001431229426077	0.000109998900011	7.34892705664973e-05	3.06504015202599e-05	4.08605226060841e-05	5.90057530609234e-05	3.62463300590815e-05	8.12248710555172e-05	0.0	0.0001357435352141	0.0001070033706061	0.0003586800573888	0.0002408187838651	0.0001212562143809	0.0
Candidatus.Buchananbacteria	8.23271130625686e-05	0.0001703055281174	0.0	0.0001833516685001	7.14404781749339e-05	7.51314800901578e-05	7.87112347169019e-05	0.0001384547357957	0.0001698702272202	0.0001708898565075	0.0001871090871786	0.0002365464222353	5.9676553082294e-05	0.0002755326965466	0.0001693284864555	8.89165518161206e-05	0.0001144190942584	0.0002529272610953	0.0001237164419151	0.0	0.000219997800022	0.0001364800739092	0.0	0.0001225815678182	2.95028765304617e-05	6.04105500984692e-05	8.12248710555172e-05	0.0	0.0001357435352141	0.0001248372657072	0.0001537200245952	0.0	0.0003637686431429	0.0
Candidatus.Portnoybacteria	2.74423710208562e-05	0.0001362444224939	6.11471199706494e-05	3.66703337000367e-05	3.1751323633304e-05	0.0001126972201352	0.0001180668520753	9.51545604608902e-05	0.0001348125818277	0.0001069372108206	0.0001445256397517	0.000354819633353	0.0001193531061645	4.59221160911095e-05	7.56574088418292e-05	8.89165518161206e-05	0.0001144190942584	0.0001339026676387	0.0001546455523939	0.0001431229426077	0.0	4.19938688951413e-05	6.13008030405198e-05	0.0001225815678182	0.0	3.62463300590815e-05	8.12248710555172e-05	0.0	9.0495690142757e-05	8.91694755051451e-05	5.12400081984013e-05	0.0001204093919325	0.0	0.0
Candidatus.Adlerbacteria	5.48847420417124e-05	0.0	0.0	3.66703337000367e-05	1.5875661816652e-05	2.50438266967193e-05	2.62370782389673e-05	3.11302686215887e-05	3.62262335723061e-05	3.93151510370157e-05	4.00026324312955e-05	0.0	0.0	0.0	7.20546750874564e-06	4.44582759080603e-05	4.57676377033799e-05	4.46342225462336e-05	1.54645552393913e-05	0.0001431229426077	0.0	2.09969344475707e-05	0.0	4.08605226060841e-05	5.90057530609234e-05	0.0	8.12248710555172e-05	0.0	4.52478450713785e-05	0.0	0.0001537200245952	0.0	0.0	0.0
Candidatus.Sungbacteria	8.23271130625686e-05	0.0001703055281174	3.05735599853247e-05	0.0001466813348001	3.968915454163e-05	8.76533934385174e-05	9.18297738363856e-05	9.5066372731084e-05	0.0001017734069274	0.0001176833521041	0.0001125235338067	7.88488074117879e-05	5.9676553082294e-05	4.59221160911095e-05	5.76437400699651e-05	0.0	9.15352754067599e-05	4.46342225462336e-05	4.63936657181739e-05	0.0	0.0001649983500165	3.1495401671356e-05	3.06504015202599e-05	4.08605226060841e-05	0.0	7.2492660118163e-05	8.12248710555172e-05	0.0	4.52478450713785e-05	0.0001248372657072	5.12400081984013e-05	0.0	0.0	0.0
Candidatus.Jorgensenbacteria	5.48847420417124e-05	0.0001021833168704	0.0	3.66703337000367e-05	3.968915454163e-05	0.0001627848735286	0.0001574224694338	7.73406390400378e-05	9.80551718100836e-05	9.30458574542706e-05	9.83290513311199e-05	0.0001182732111176	0.0001193531061645	0.0	3.60273375437282e-05	8.89165518161206e-05	0.0	4.46342225462336e-05	1.54645552393913e-05	0.0	0.0	4.19938688951413e-05	3.06504015202599e-05	0.0001021513065152	1.47514382652309e-05	2.41642200393877e-05	4.06124355277586e-05	0.0	2.26239225356892e-05	7.13355804041161e-05	0.0	0.0	0.0	8.39842109683379e-05
Candidatus.Liptonbacteria	8.23271130625686e-05	3.40611056234885e-05	6.11471199706494e-05	3.66703337000367e-05	1.5875661816652e-05	7.51314800901578e-05	7.87112347169019e-05	7.37249421179835e-05	8.4988231254677e-05	8.25618171777331e-05	9.1102769343531e-05	7.88488074117879e-05	5.9676553082294e-05	0.0	5.76437400699651e-05	0.0	4.57676377033799e-05	5.95122967283115e-05	6.18582209575653e-05	0.0001431229426077	5.49994500054999e-05	4.19938688951413e-05	6.13008030405198e-05	2.04302613030421e-05	2.95028765304617e-05	3.62463300590815e-05	8.12248710555172e-05	0.0	6.78717676070677e-05	1.7833895101029e-05	0.0	0.0001204093919325	0.0	0.0
Candidatus.Tagabacteria	2.74423710208562e-05	0.0	0.0	0.0001833516685001	0.0	1.25219133483596e-05	1.31185391194837e-05	1.92249250977517e-05	2.86835280484535e-05	2.62101006913438e-05	3.56152469388308e-05	0.0	0.0	0.0	1.44109350174913e-05	0.0	0.0	2.97561483641557e-05	0.0	0.0	0.0	2.09969344475707e-05	3.06504015202599e-05	2.04302613030421e-05	0.0	1.20821100196938e-05	0.0	0.0	2.26239225356892e-05	7.13355804041161e-05	5.12400081984013e-05	0.0	0.0	0.0
Candidatus.Ryanbacteria	8.23271130625686e-05	0.0001021833168704	0.0	0.0001100110011001	7.93783090832599e-06	3.75657400450789e-05	3.9355617358451e-05	5.86448403211233e-05	7.1177643675792e-05	6.18558376315714e-05	7.12304938776616e-05	7.88488074117879e-05	0.0001193531061645	0.0	3.60273375437282e-05	0.0	0.0	7.43903709103894e-05	4.63936657181739e-05	0.0	0.0	7.34892705664973e-05	3.06504015202599e-05	6.12907839091262e-05	4.42543147956926e-05	3.62463300590815e-05	4.06124355277586e-05	0.0	0.0001357435352141	0.0	0.0	0.0002408187838651	0.0001212562143809	0.0
Candidatus.Wildermuthbacteria	2.74423710208562e-05	3.40611056234885e-05	6.11471199706494e-05	3.66703337000367e-05	2.3813492724978e-05	5.00876533934385e-05	3.9355617358451e-05	4.8856002312635e-05	6.42723498863495e-05	6.23800396453983e-05	6.55527008874132e-05	0.0001182732111176	5.9676553082294e-05	0.0	5.04382725612195e-05	8.89165518161206e-05	6.86514565550699e-05	7.43903709103894e-05	6.18582209575653e-05	0.0001431229426077	0.0	4.19938688951413e-05	6.13008030405198e-05	4.08605226060841e-05	1.47514382652309e-05	4.83284400787754e-05	4.06124355277586e-05	0.0	4.52478450713785e-05	3.5667790202058e-05	0.0	0.0	0.0	0.0
Candidatus.Komeilibacteria	8.23271130625686e-05	6.81222112469771e-05	6.11471199706494e-05	0.0	7.14404781749339e-05	0.0001001753067868	7.87112347169019e-05	8.33374046668594e-05	0.000111971994678	9.80257765856259e-05	0.0001176851637978	0.0001182732111176	0.0002387062123291	0.0	0.0001044792788768	0.0001778331036322	2.288381885169e-05	7.43903709103894e-05	0.0001082518866757	0.0	5.49994500054999e-05	4.19938688951413e-05	0.000122601606081	8.17210452121683e-05	0.0	2.41642200393877e-05	0.0001218373065832	0.0	0.0001583674577498	0.0001961728461113	0.0001024800163968	0.0002408187838651	0.0	0.0
Candidatus.Kuenenbacteria	0.0	3.40611056234885e-05	0.0	3.66703337000367e-05	1.5875661816652e-05	6.26095667417981e-05	6.55926955974183e-05	5.0619756908759e-05	6.74594085583999e-05	6.18558376315714e-05	7.81986943656937e-05	0.0001182732111176	5.9676553082294e-05	9.1844232182219e-05	6.12464738243379e-05	4.44582759080603e-05	0.0	0.0001041465192745	1.54645552393913e-05	0.0	0.0001649983500165	2.09969344475707e-05	0.0	4.08605226060841e-05	1.47514382652309e-05	2.41642200393877e-05	0.0	0.0	6.78717676070677e-05	0.0001426711608082	5.12400081984013e-05	0.0001204093919325	0.0001212562143809	0.0
Candidatus.Lloydbacteria	0.0001097694840834	3.40611056234885e-05	0.0	0.0	3.968915454163e-05	5.00876533934385e-05	5.24741564779346e-05	5.12370710174024e-05	6.88404673162884e-05	6.73599587767536e-05	7.92310203639207e-05	0.0	0.0	4.59221160911095e-05	6.12464738243379e-05	0.0	0.0	2.97561483641557e-05	1.54645552393913e-05	0.0001431229426077	0.0	4.19938688951413e-05	3.06504015202599e-05	2.04302613030421e-05	2.95028765304617e-05	3.62463300590815e-05	0.0	0.0	0.0	7.13355804041161e-05	5.12400081984013e-05	0.0	0.0	8.39842109683379e-05
Candidatus.Kerfeldbacteria	0.0	3.40611056234885e-05	3.05735599853247e-05	7.33406674000733e-05	1.5875661816652e-05	0.0001627848735286	0.0001705410085532	9.01278598619368e-05	0.0001102722300529	0.0001077235138414	0.0001156205118014	0.0001576976148235	0.0001790296592468	0.0001836884643644	0.0001044792788768	4.44582759080603e-05	6.86514565550699e-05	0.0001487807418207	0.0001082518866757	0.0	0.000109998900011	5.24923361189266e-05	6.13008030405198e-05	6.12907839091262e-05	1.47514382652309e-05	1.20821100196938e-05	8.12248710555172e-05	0.0	6.78717676070677e-05	7.13355804041161e-05	0.0001024800163968	0.0001204093919325	0.0003637686431429	8.39842109683379e-05
Candidatus.Terrybacteria	0.0	3.40611056234885e-05	3.05735599853247e-05	0.0	0.0	0.0	0.0	3.42168391648058e-05	4.75934095026191e-05	4.74402822513323e-05	4.90354849157816e-05	3.9424403705894e-05	0.0	9.1844232182219e-05	2.16164025262369e-05	0.0	0.0	4.46342225462336e-05	3.09291104787826e-05	0.0	0.0	5.24923361189266e-05	3.06504015202599e-05	0.0	0.0	2.41642200393877e-05	4.06124355277586e-05	0.0	9.0495690142757e-05	1.7833895101029e-05	0.0001537200245952	0.0	0.0	0.0
Candidatus.Yonathbacteria	0.0	6.81222112469771e-05	6.11471199706494e-05	7.33406674000733e-05	0.0001031918018082	3.75657400450789e-05	3.9355617358451e-05	3.45695900840306e-05	3.98382334006298e-05	4.42950701683711e-05	4.64546699202141e-05	0.0001576976148235	0.0	0.0	4.32328050524738e-05	4.44582759080603e-05	0.0	0.0001190245934566	4.63936657181739e-05	0.0	0.0	3.1495401671356e-05	0.0	4.08605226060841e-05	4.42543147956926e-05	1.20821100196938e-05	0.0002436746131665	0.0	2.26239225356892e-05	5.3501685303087e-05	0.0	0.0	0.0	0.0
Candidatus.Niyogibacteria	2.74423710208562e-05	6.81222112469771e-05	3.05735599853247e-05	0.0	7.93783090832599e-06	2.50438266967193e-05	2.62370782389673e-05	2.55744416437981e-05	3.50576453925543e-05	3.19763228434395e-05	4.10349584295225e-05	0.0	0.0001193531061645	0.0	2.52191362806097e-05	0.0	0.0	1.48780741820779e-05	3.09291104787826e-05	0.0	0.0	0.0	0.0	2.04302613030421e-05	0.0	1.20821100196938e-05	0.0	0.0	4.52478450713785e-05	0.0	0.0	0.0	0.0	0.0
Candidatus.Campbellbacteria	0.0	0.0	9.17206799559741e-05	0.0	3.968915454163e-05	6.26095667417981e-05	6.55926955974183e-05	3.58924060311236e-05	4.3556468518022e-05	5.60896154794758e-05	5.08420554126788e-05	7.88488074117879e-05	5.9676553082294e-05	0.0	4.32328050524738e-05	0.0	2.288381885169e-05	0.0001041465192745	9.27873314363479e-05	0.0	5.49994500054999e-05	2.09969344475707e-05	3.06504015202599e-05	0.0001430118291212	1.47514382652309e-05	1.20821100196938e-05	0.0	0.0	2.26239225356892e-05	8.91694755051451e-05	5.12400081984013e-05	0.0	0.0001212562143809	0.0
Candidatus.Colwellbacteria	0.0	3.40611056234885e-05	0.0	0.0	0.0	8.76533934385174e-05	9.18297738363856e-05	3.01602035937205e-05	4.13255274475867e-05	4.21982621130636e-05	4.77450774179978e-05	3.9424403705894e-05	0.0	0.0	2.88218700349825e-05	0.0001333748277241	0.0	5.95122967283115e-05	4.63936657181739e-05	0.0	5.49994500054999e-05	3.1495401671356e-05	0.0	8.17210452121683e-05	0.0	0.0	4.06124355277586e-05	0.0	0.0	1.7833895101029e-05	0.0001024800163968	0.0001204093919325	0.0001212562143809	0.0
Candidatus.Vogelbacteria	2.74423710208562e-05	6.81222112469771e-05	0.0	3.66703337000367e-05	4.76269854499559e-05	0.0	0.0	3.44814023542244e-05	4.62123507447306e-05	4.29845651338039e-05	4.41319364242034e-05	0.0	0.0001193531061645	4.59221160911095e-05	2.16164025262369e-05	0.0	2.288381885169e-05	7.43903709103894e-05	3.09291104787826e-05	0.0	0.0	5.24923361189266e-05	0.0	2.04302613030421e-05	2.95028765304617e-05	3.62463300590815e-05	0.0	0.0	6.78717676070677e-05	0.0	0.0001024800163968	0.0	0.0001212562143809	0.0
Candidatus.Spechtbacteria	0.0	0.0	3.05735599853247e-05	0.0001100110011001	1.5875661816652e-05	2.50438266967193e-05	2.62370782389673e-05	3.44814023542244e-05	4.03694098459716e-05	3.04037168019588e-05	3.43248394410471e-05	0.0	5.9676553082294e-05	0.0	3.60273375437282e-05	0.0	2.288381885169e-05	1.48780741820779e-05	0.0	0.0	5.49994500054999e-05	0.0	3.06504015202599e-05	2.04302613030421e-05	1.47514382652309e-05	0.0	4.06124355277586e-05	0.0	0.0	1.7833895101029e-05	5.12400081984013e-05	0.0	0.0002425124287619	0.0
Candidatus.Brennerbacteria	0.0	0.0	0.0	0.0	0.0	0.0	0.0	3.61569692205422e-06	5.84294089875904e-06	2.88311107604782e-06	4.38738549246467e-06	0.0	0.0	0.0	1.08082012631185e-05	0.0	0.0	0.0	0.0	0.0	0.0	0.0	0.0	0.0	0.0	0.0	4.06124355277586e-05	0.0	0.0	1.7833895101029e-05	0.0	0.0	0.0	0.0
Candidatus.Andersenbacteria	2.74423710208562e-05	0.0	0.0	0.0	2.3813492724978e-05	0.0	0.0	2.96310772148833e-05	3.50576453925543e-05	3.43352319056604e-05	3.04536169476959e-05	3.9424403705894e-05	0.0001193531061645	4.59221160911095e-05	3.24246037893554e-05	0.0	0.0	4.46342225462336e-05	0.0	0.0	5.49994500054999e-05	2.09969344475707e-05	6.13008030405198e-05	8.17210452121683e-05	0.0	0.0	0.0	0.0	9.0495690142757e-05	0.0	0.0	0.0	0.0001212562143809	0.0
Candidatus.Jacksonbacteria	0.0	0.0	0.0	0.0	0.0	0.0	0.0	4.23301103069762e-06	6.90529378944251e-06	3.93151510370157e-06	6.19395598936188e-06	3.9424403705894e-05	0.0	0.0	7.20546750874564e-06	0.0	2.288381885169e-05	0.0	0.0	0.0	0.0	1.04984672237853e-05	0.0	2.04302613030421e-05	0.0	0.0	0.0	0.0	2.26239225356892e-05	1.7833895101029e-05	0.0	0.0	0.0	0.0
Candidatus.Parcubacteria	0.0	3.40611056234885e-05	0.0	0.0	0.0	0.0	0.0	4.32119876050382e-06	5.41799974248566e-06	6.55252517283596e-06	5.93587448980514e-06	3.9424403705894e-05	0.0	0.0	2.16164025262369e-05	0.0	0.0	5.95122967283115e-05	0.0	0.0	0.0	0.0	0.0	0.0	0.0	0.0	0.0	0.0	0.0	5.3501685303087e-05	0.0	0.0	0.0	0.0
Candidatus.Veblenbacteria	0.0	0.0	0.0	3.66703337000367e-05	0.0	0.0	0.0	1.14644048748061e-06	1.3810587578885e-06	1.31050503456719e-06	1.03232599822698e-06	0.0	0.0	0.0	0.0	0.0	0.0	0.0	0.0	0.0	0.0	0.0	0.0	0.0	0.0	0.0	0.0	0.0	0.0	1.7833895101029e-05	0.0	0.0	0.0	0.0
Candidatus.Woesebacteria	0.0001646542261251	0.0005449776899758	0.0002445884798825	0.0003300330033003	0.0002540105890664	0.0002880040070122	0.0002886078606286	0.000254333412761	0.0003517450421052	0.0003640582986027	0.0003878964938337	0.0004730928444707	0.0006564420839052	0.0005051432770022	0.000281013232841	0.0004445827590806	9.15352754067599e-05	0.0001339026676387	0.0002165037733514	0.0001431229426077	0.000109998900011	8.39877377902826e-05	0.0	0.0002043026130304	0.0001032600678566	0.0001691495402757	0.0004873492263331	0.0	0.0001809913802855	0.0002318406363133	0.0003074400491904	0.0006020469596628	0.0001212562143809	8.39842109683379e-05
Candidatus.Gottesmanbacteria	0.0001920965971459	0.0002043666337409	0.0003974562798092	0.0001466813348001	0.000293699743608	0.0002504382669671	0.0002492522432701	0.0002358139895017	0.0003073386912747	0.0002765165622936	0.0003063427399738	0.0002365464222353	0.0001790296592468	0.0001836884643644	0.0002738077653323	0.0002667496554483	0.0001144190942584	0.0001487807418207	0.0003092911047878	0.0	0.000219997800022	0.0001784739428043	0.000122601606081	0.0002451631356365	7.37571913261543e-05	8.45747701378569e-05	0.000324899484222	0.0	0.0002714870704282	0.0003566779020205	0.000256200040992	0.0001204093919325	0.0002425124287619	8.39842109683379e-05
Candidatus.Roizmanbacteria	0.0001372118551042	0.0001703055281174	0.0001834413599119	0.0001833516685001	0.0002540105890664	0.0002253944402704	0.0002361337041507	0.0002949879562017	0.0004023130397018	0.0003527879553054	0.0004286733707637	0.0005519416518825	0.0003580593184937	0.000459221160911	0.0003890952454722	0.0005334993108967	4.57676377033799e-05	0.0004760983738264	0.000355684770506	0.0	0.000329996700033	0.0002834586150422	0.0003065040152025	0.0003677447034547	0.0001622658209175	0.0002778885304529	0.0004467367908053	0.0	0.0002488631478925	0.0003745117971216	0.0005636400901824	0.0006020469596628	0.0004850248575239	0.0001679684219366
Candidatus.Levybacteria	5.48847420417124e-05	0.0002043666337409	6.11471199706494e-05	0.0001833516685001	0.0001508187872581	0.0002253944402704	0.0002098966259117	0.0001679976252808	0.0002399855180053	0.0001952652501505	0.0002358864905948	0.0004336684407648	0.000417735871576	0.0002296105804555	0.0001693284864555	0.0002667496554483	4.57676377033799e-05	0.0001785368901849	0.0001855746628726	0.0001431229426077	5.49994500054999e-05	0.0001574770083567	6.13008030405198e-05	0.0001430118291212	0.0001032600678566	0.0001208211001969	0.0003655119197498	0.0	0.0001583674577498	0.0003566779020205	0.0003074400491904	0.0001204093919325	0.0003637686431429	0.0
Candidatus.Daviesbacteria	5.48847420417124e-05	6.81222112469771e-05	0.0	0.0001466813348001	3.968915454163e-05	8.76533934385174e-05	9.18297738363856e-05	0.0001251383885949	0.000166364462681	0.0001493975739406	0.0001791085606923	0.0003153952296471	5.9676553082294e-05	0.0001377663482733	0.0001152874801399	0.0	4.57676377033799e-05	0.0001785368901849	0.0001855746628726	0.0	0.0001649983500165	6.2990803342712e-05	0.000122601606081	0.0001021513065152	7.37571913261543e-05	3.62463300590815e-05	0.0002436746131665	0.0	0.0001583674577498	0.0001426711608082	0.000256200040992	0.0	0.0003637686431429	0.0
Candidatus.Curtissbacteria	8.23271130625686e-05	6.81222112469771e-05	0.0001222942399412	0.0001100110011001	4.76269854499559e-05	0.0001502629601803	0.0001574224694338	0.0001056489003078	0.0001413991697499	0.0001221390692216	0.000134460461269	0.0001576976148235	0.0002983827654114	0.0	0.0001224929476486	4.44582759080603e-05	0.0	7.43903709103894e-05	4.63936657181739e-05	0.0	0.0	6.2990803342712e-05	0.0001532520076013	0.0001225815678182	0.0001032600678566	0.0	0.0002030621776387	0.0	0.0001583674577498	0.0001783389510102	0.000256200040992	0.0001204093919325	0.0001212562143809	0.0
Candidatus.Shapirobacteria	8.23271130625686e-05	0.0002043666337409	9.17206799559741e-05	3.66703337000367e-05	3.968915454163e-05	0.0001502629601803	0.0001443039303143	9.27734917561228e-05	0.0001196209354909	0.0001024814937031	0.0001316215647739	0.0003153952296471	0.000417735871576	0.0001836884643644	0.0002557940965604	4.44582759080603e-05	6.86514565550699e-05	8.92684450924672e-05	0.0001082518866757	0.0	0.000109998900011	6.2990803342712e-05	0.000122601606081	6.12907839091262e-05	0.0	1.20821100196938e-05	0.0006091865329163	0.0	0.0001583674577498	0.0001783389510102	0.0001537200245952	0.0	0.0001212562143809	0.0
Candidatus.Beckwithbacteria	8.23271130625686e-05	0.0001362444224939	3.05735599853247e-05	0.0	5.55648163582819e-05	0.0001252191334835	0.0001311853911948	7.54886967141076e-05	8.92376428174109e-05	8.96385443643959e-05	9.93613773293468e-05	0.0001576976148235	0.0001790296592468	0.0001836884643644	7.9260142596202e-05	8.89165518161206e-05	0.0	1.48780741820779e-05	6.18582209575653e-05	0.0	5.49994500054999e-05	6.2990803342712e-05	6.13008030405198e-05	0.0001634420904243	1.47514382652309e-05	3.62463300590815e-05	4.06124355277586e-05	0.0	2.26239225356892e-05	7.13355804041161e-05	0.0001537200245952	0.0001204093919325	0.0002425124287619	8.39842109683379e-05
Candidatus.Amesbacteria	2.74423710208562e-05	3.40611056234885e-05	3.05735599853247e-05	0.0001466813348001	1.5875661816652e-05	0.0001377410468319	0.0001443039303143	5.59110206971311e-05	7.10714083867236e-05	6.52631507214461e-05	7.84567758652505e-05	3.9424403705894e-05	5.9676553082294e-05	4.59221160911095e-05	2.88218700349825e-05	4.44582759080603e-05	0.0	4.46342225462336e-05	6.18582209575653e-05	0.0	0.0	3.1495401671356e-05	9.19512045607797e-05	6.12907839091262e-05	1.47514382652309e-05	0.0	0.0	0.0010090817356205	6.78717676070677e-05	0.0001070033706061	5.12400081984013e-05	0.0	0.0	0.0
Candidatus.Chisholmbacteria	8.23271130625686e-05	0.0	0.0	0.0	0.0	1.25219133483596e-05	0.0	3.92435397637592e-05	4.05818804241083e-05	3.77425449955351e-05	4.36157734250899e-05	0.0	5.9676553082294e-05	0.0	3.24246037893554e-05	0.0	0.0	0.0	3.09291104787826e-05	0.0	0.0	1.04984672237853e-05	3.06504015202599e-05	0.0	1.47514382652309e-05	1.20821100196938e-05	4.06124355277586e-05	0.0	4.52478450713785e-05	5.3501685303087e-05	0.0001537200245952	0.0	0.0	0.0
Candidatus.Collierbacteria	0.0	0.0	9.17206799559741e-05	0.0001100110011001	7.93783090832599e-06	6.26095667417981e-05	6.55926955974183e-05	5.47645802096505e-05	6.34224675738027e-05	5.94969285693505e-05	6.16814783940621e-05	0.0003942440370589	5.9676553082294e-05	9.1844232182219e-05	5.04382725612195e-05	4.44582759080603e-05	0.0	0.0001041465192745	1.54645552393913e-05	0.0	0.000109998900011	2.09969344475707e-05	3.06504015202599e-05	8.17210452121683e-05	2.95028765304617e-05	0.0	0.000162449742111	0.0	6.78717676070677e-05	1.7833895101029e-05	5.12400081984013e-05	0.0001204093919325	0.0	0.0
Candidatus.Woykebacteria	2.74423710208562e-05	3.40611056234885e-05	9.17206799559741e-05	0.0	7.93783090832599e-06	6.26095667417981e-05	6.55926955974183e-05	5.24716992346892e-05	7.53208199494575e-05	5.97590295762639e-05	7.690828686791e-05	0.0001182732111176	5.9676553082294e-05	0.0	5.76437400699651e-05	0.0	0.0	5.95122967283115e-05	0.0	0.0	5.49994500054999e-05	6.2990803342712e-05	0.0	2.04302613030421e-05	1.47514382652309e-05	2.41642200393877e-05	8.12248710555172e-05	0.0	2.26239225356892e-05	0.0001070033706061	5.12400081984013e-05	0.0	0.0	0.0
Candidatus.Pacebacteria	0.0001920965971459	0.0	0.0	0.0	5.55648163582819e-05	8.76533934385174e-05	9.18297738363856e-05	6.87864292488363e-05	9.23184662003929e-05	9.48805645026647e-05	0.0001037487628218	0.0002759708259412	0.0002983827654114	9.1844232182219e-05	0.0001008765451224	0.0001333748277241	4.57676377033799e-05	0.0001487807418207	4.63936657181739e-05	0.0	5.49994500054999e-05	5.24923361189266e-05	6.13008030405198e-05	0.0001430118291212	4.42543147956926e-05	7.2492660118163e-05	0.000324899484222	0.0	6.78717676070677e-05	0.0002140067412123	0.0002049600327936	0.0	0.0001212562143809	8.39842109683379e-05
Candidatus.Blackburnbacteria	2.74423710208562e-05	0.0	0.0	3.66703337000367e-05	0.0	3.75657400450789e-05	3.9355617358451e-05	2.39870625072865e-05	3.0064586806342e-05	2.17543835738154e-05	2.89051279503554e-05	3.9424403705894e-05	0.0	4.59221160911095e-05	2.16164025262369e-05	0.0	4.57676377033799e-05	5.95122967283115e-05	0.0	0.0	0.0	1.04984672237853e-05	0.0	2.04302613030421e-05	1.47514382652309e-05	0.0	0.0	0.0	0.0	1.7833895101029e-05	0.0	0.0001204093919325	0.0001212562143809	0.0
Candidatus.Microgenomates	8.23271130625686e-05	3.40611056234885e-05	0.0	0.0	0.0	0.0	0.0	1.15525926046123e-05	1.45542346023634e-05	1.17945453111047e-05	1.44525639751777e-05	0.0	0.0	0.0	1.80136687718641e-05	0.0	0.0	0.0	1.54645552393913e-05	0.0	0.0	1.04984672237853e-05	0.0	2.04302613030421e-05	1.47514382652309e-05	0.0	0.0	0.0	0.0	0.0	0.0	0.0	0.0	0.0
Candidatus.Gracilibacteria	0.0	0.0	0.0	0.0	7.93783090832599e-06	0.0	0.0	1.50801017968603e-05	2.18844695480793e-05	1.80849694770272e-05	2.32273349601071e-05	3.9424403705894e-05	0.0	0.0	2.16164025262369e-05	4.44582759080603e-05	0.0	4.46342225462336e-05	0.0	0.0	0.0	1.04984672237853e-05	0.0	0.0	0.0	1.20821100196938e-05	0.0	0.0	4.52478450713785e-05	3.5667790202058e-05	0.0001024800163968	0.0	0.0	0.0
candidate.division.NC10	0.0005488474204171	0.0006130999012227	0.0002751620398679	0.0006967363403006	0.0002301970963414	0.0006010518407212	0.0006034527994962	0.000567399853573	0.0005778137372427	0.0006431958709655	0.000629976940418	0.000354819633353	0.000417735871576	0.0001377663482733	0.0003458624404197	0.0003556662072644	0.0002059543696652	0.0002826834094594	0.000201039218112	0.0001431229426077	0.0002749972500275	8.39877377902826e-05	0.0003371544167228	0.0001634420904243	0.0001180115061218	0.0001087389901772	0.0001218373065832	0.0	0.0001357435352141	0.0003210101118185	0.0001537200245952	0.0	0.0006062810719049	0.0003359368438733
Candidatus.Rokubacteria	0.0020307354555433	0.0020436663374093	0.0025376054787819	0.0019068573524019	0.0011986124671572	0.0018281993488605	0.0018759510940861	0.0021949925948763	0.0020410986088701	0.002643288654722	0.0023957705603852	0.0005125172481766	0.0008354717431521	0.0005969875091844	0.0011132447301012	0.000755790690437	0.0005949792901439	0.0009075625251067	0.0003247556600272	0.0007156147130385	0.0008249917500824	0.0002624616805946	0.0010421136516888	0.0004290354873638	0.0003097802035698	0.0006645160510831	0.0004061243552775	0.0	0.0003393588380353	0.0007490235942432	0.0003074400491904	0.0015653220951234	0.0007275372862859	0.0017636684303351
Candidatus.Handelsmanbacteria	0.0001646542261251	0.0003746721618583	0.0005503240797358	0.0004767143381004	0.0002301970963414	0.0003631354871024	0.000354200556226	0.0005662534130856	0.0005710146787423	0.0006408369619033	0.0005912647154845	3.9424403705894e-05	0.0002983827654114	0.0002296105804555	0.0002233694927711	8.89165518161206e-05	9.15352754067599e-05	0.000208293038549	4.63936657181739e-05	0.0	5.49994500054999e-05	4.19938688951413e-05	0.0002758536136823	0.0002247328743334	7.37571913261543e-05	8.45747701378569e-05	0.000162449742111	0.0020181634712411	0.0002488631478925	0.0002318406363133	0.0003074400491904	0.0002408187838651	0.0001212562143809	0.000251952632905
Candidatus.Schekmanbacteria	0.0001646542261251	0.0001703055281174	0.0001528677999266	0.0002933626696002	0.0001984457727081	0.0002379163536188	0.0002361337041507	0.0002605065538475	0.0003955139812014	0.0002712745421554	0.0003006649469836	0.0002759708259412	0.0002387062123291	0.0002755326965466	0.0002666022978235	0.0001333748277241	4.57676377033799e-05	0.0002231711127311	0.000201039218112	0.0002862458852154	0.0002749972500275	0.0002099693444757	0.0003678048182431	0.0002451631356365	5.90057530609234e-05	9.66568801575507e-05	0.000324899484222	0.0010090817356205	0.0004751023732494	0.0002318406363133	0.0001537200245952	0.0001204093919325	0.0001212562143809	0.0001679684219366
Candidatus.Aminicenantes	0.0013721185510428	0.0070506488640621	0.0026904732787085	0.0063806380638063	0.0060803784757777	0.0073378412221387	0.00762187122842	0.0018603201602618	0.0020229323744394	0.0021809424785267	0.002165303781281	0.0007884880741178	0.0007757951900698	0.0010562086700955	0.001131258398873	0.0013337482772418	0.0006865145655506	0.0008629283025605	0.0003247556600272	0.0005724917704308	0.0006599934000659	0.0002519632133708	0.0007969104395267	0.0005720473164851	0.0002360230122436	0.0002174779803544	0.0006091865329163	0.0	0.0005882219859279	0.0008916947550514	0.0006661201065792	0.0012040939193257	0.0006062810719049	0.00100781053162
Candidatus.Glassbacteria	0.0001097694840834	0.0003746721618583	0.0003668827198238	0.0002933626696002	0.0001825701108914	0.0002880040070122	0.0002886078606286	0.0003408455757009	0.0003981698634281	0.0003900062982871	0.0004134465622899	0.0003153952296471	0.0001193531061645	9.1844232182219e-05	0.0002629995640692	0.0003556662072644	0.0001144190942584	0.0002380491869132	0.0001237164419151	0.0	0.0001649983500165	0.0001469785411329	9.19512045607797e-05	0.0001225815678182	7.37571913261543e-05	3.62463300590815e-05	0.0001218373065832	0.0	0.0002262392253568	0.0002675084265154	0.0001024800163968	0.0001204093919325	0.0002425124287619	0.0003359368438733
candidate.division.WWE3	2.74423710208562e-05	0.0001021833168704	0.0001528677999266	0.0003300330033003	0.0001905079417998	0.0001377410468319	0.0001311853911948	0.0002007152730389	0.0002634635168894	0.0002254068659455	0.0002531779510651	0.0004730928444707	0.0002983827654114	4.59221160911095e-05	0.0002341776940342	4.44582759080603e-05	4.57676377033799e-05	0.0001636588160028	0.0002474328838302	0.0	0.000109998900011	0.0001889724100281	0.0001839024091215	0.0002655933969395	0.0001180115061218	6.04105500984692e-05	0.0002436746131665	0.0	0.0001809913802855	0.0002675084265154	0.0003074400491904	0.0	0.0	0.000251952632905
Candidatus.Peregrinibacteria	0.0003293084522502	0.0006812221124697	0.0002445884798825	0.0004400440044004	0.0001984457727081	0.0004132231404958	0.0003935561735845	0.0004298269950754	0.0005325575040996	0.0005291819329582	0.0005597787725385	0.0008673368815296	0.0008354717431521	0.0006429096252755	0.0004791635893315	0.0003556662072644	0.0003203734639236	0.0006546352640114	0.0005876530990968	0.0002862458852154	0.0001649983500165	0.0002729601478184	0.0003678048182431	0.0004086052260608	0.0002360230122436	0.0002778885304529	0.0003655119197498	0.0	0.0004072306056424	0.0004815151677277	0.0008710801393728	0.0004816375677302	0.0004850248575239	0.00050390526581
Candidatus.Doudnabacteria	0.0001097694840834	6.81222112469771e-05	9.17206799559741e-05	7.33406674000733e-05	5.55648163582819e-05	0.0001878287002253	0.0001705410085532	0.0001222281935113	0.0001402305815702	0.0001368167256088	0.0001473645362469	7.88488074117879e-05	0.0001790296592468	0.0	0.0001044792788768	4.44582759080603e-05	6.86514565550699e-05	8.92684450924672e-05	6.18582209575653e-05	0.0001431229426077	5.49994500054999e-05	7.34892705664973e-05	0.0001532520076013	2.04302613030421e-05	1.47514382652309e-05	6.04105500984692e-05	0.0001218373065832	0.0	6.78717676070677e-05	0.0001783389510102	0.0001537200245952	0.0001204093919325	0.0002425124287619	0.0
Candidatus.Berkelbacteria	0.0001372118551042	6.81222112469771e-05	3.05735599853247e-05	0.0001100110011001	3.968915454163e-05	0.0001377410468319	0.0001311853911948	0.0001193179984277	0.0001548910514616	0.0001373409276226	0.0001545908182344	0.0001576976148235	0.0001790296592468	4.59221160911095e-05	7.20546750874564e-05	0.0001333748277241	9.15352754067599e-05	0.000193414964367	0.0001082518866757	0.0	0.0	4.19938688951413e-05	0.0002145528106418	6.12907839091262e-05	4.42543147956926e-05	6.04105500984692e-05	0.0001218373065832	0.0010090817356205	0.0003393588380353	0.0001605050559092	0.0004099200655872	0.0001204093919325	0.0	8.39842109683379e-05
Candidatus.Gribaldobacteria	0.0	0.0	6.11471199706494e-05	3.66703337000367e-05	7.93783090832599e-06	6.26095667417981e-05	6.55926955974183e-05	2.67208821312787e-05	3.81384687755363e-05	2.67343027051707e-05	3.20021059450364e-05	3.9424403705894e-05	5.9676553082294e-05	0.0	2.88218700349825e-05	4.44582759080603e-05	4.57676377033799e-05	1.48780741820779e-05	3.09291104787826e-05	0.0	0.0	1.04984672237853e-05	3.06504015202599e-05	4.08605226060841e-05	2.95028765304617e-05	1.20821100196938e-05	4.06124355277586e-05	0.0	2.26239225356892e-05	1.7833895101029e-05	0.0	0.0	0.0	0.0
Candidatus.Saccharibacteria	5.48847420417124e-05	0.0001021833168704	9.17206799559741e-05	0.0001100110011001	4.76269854499559e-05	0.0001377410468319	0.0001311853911948	0.0001112047272856	0.0001377871699216	0.0001376030286295	0.0001489130252442	0.0001182732111176	5.9676553082294e-05	9.1844232182219e-05	0.0002449858952973	8.89165518161206e-05	9.15352754067599e-05	0.000193414964367	0.0001391809971545	0.0	0.0002749972500275	0.0002624616805946	0.000122601606081	0.0001430118291212	8.85086295913852e-05	8.45747701378569e-05	0.000162449742111	0.0	0.0001131196126784	0.0001248372657072	0.0003586800573888	0.0	0.0006062810719049	0.0
Candidatus.Eisenbacteria	0.0008507135016465	0.0005790387955993	0.0007337654396477	0.0004767143381004	0.0002222592654331	0.0004382669671925	0.0004460303300624	0.0005280681260795	0.0004833705652609	0.0005451700943799	0.0004942260716511	0.0001971220185294	5.9676553082294e-05	0.0001377663482733	0.0002990269016129	0.0003556662072644	0.0001144190942584	0.0001636588160028	0.0001082518866757	0.0001431229426077	0.000219997800022	8.39877377902826e-05	0.000245203212162	0.0002247328743334	5.90057530609234e-05	0.0001208211001969	0.0001218373065832	0.0	2.26239225356892e-05	0.0001605050559092	0.0	0.0001204093919325	0.0002425124287619	0.0004199210548416
Candidatus.Desantisbacteria	0.0001646542261251	0.0002043666337409	9.17206799559741e-05	0.0001466813348001	0.0001270052945332	0.0001377410468319	0.0001311853911948	0.0001609426068963	0.000202165755097	0.0001706277555006	0.000195625776664	0.0001971220185294	0.0002983827654114	9.1844232182219e-05	0.0001224929476486	8.89165518161206e-05	9.15352754067599e-05	2.97561483641557e-05	0.0001237164419151	0.0	0.000109998900011	7.34892705664973e-05	6.13008030405198e-05	4.08605226060841e-05	2.95028765304617e-05	2.41642200393877e-05	0.0002030621776387	0.0010090817356205	0.0001583674577498	0.0001961728461113	0.0002049600327936	0.0	0.0	0.0
Candidatus.Edwardsbacteria	5.48847420417124e-05	0.0001362444224939	3.05735599853247e-05	0.0003667033370003	5.55648163582819e-05	0.0001878287002253	0.0001967780867922	0.0001567977835954	0.0001860179911586	0.0001682688464384	0.0001858186796808	0.0001576976148235	5.9676553082294e-05	0.0001836884643644	0.0001477120839292	0.0001333748277241	4.57676377033799e-05	7.43903709103894e-05	3.09291104787826e-05	0.0	0.0001649983500165	4.19938688951413e-05	6.13008030405198e-05	0.0001225815678182	1.47514382652309e-05	0.0	0.0	0.0	2.26239225356892e-05	0.0001961728461113	0.0	0.0	0.0	0.0001679684219366
Candidatus.Lindowbacteria	0.0001372118551042	0.0001021833168704	9.17206799559741e-05	0.0001100110011001	2.3813492724978e-05	0.0001126972201352	0.0001180668520753	0.0001313115296814	0.0001349188171168	0.0001601437152241	0.0001496872697429	3.9424403705894e-05	0.0001193531061645	4.59221160911095e-05	6.12464738243379e-05	0.0001333748277241	2.288381885169e-05	2.97561483641557e-05	0.0	0.0	5.49994500054999e-05	4.19938688951413e-05	0.0	4.08605226060841e-05	2.95028765304617e-05	3.62463300590815e-05	0.0	0.0	4.52478450713785e-05	5.3501685303087e-05	0.000256200040992	0.0	0.0002425124287619	8.39842109683379e-05
Candidatus.Ratteibacteria	0.0001097694840834	3.40611056234885e-05	0.0	7.33406674000733e-05	4.76269854499559e-05	6.26095667417981e-05	6.55926955974183e-05	4.25064857665886e-05	6.02354089017523e-05	4.95370903066398e-05	5.23905444100192e-05	0.0	0.0	4.59221160911095e-05	3.24246037893554e-05	8.89165518161206e-05	2.288381885169e-05	1.48780741820779e-05	0.0	0.0	0.0	2.09969344475707e-05	3.06504015202599e-05	2.04302613030421e-05	0.0	0.0	0.0	0.0	2.26239225356892e-05	3.5667790202058e-05	5.12400081984013e-05	0.0	0.0	0.0
Candidatus.Dadabacteria	8.23271130625686e-05	0.0001703055281174	3.05735599853247e-05	3.66703337000367e-05	9.52539708999119e-05	0.0001001753067868	9.18297738363856e-05	9.10097371599988e-05	9.85863482554253e-05	8.80659383229152e-05	9.34255028395417e-05	7.88488074117879e-05	0.0	4.59221160911095e-05	3.9630071298101e-05	8.89165518161206e-05	2.288381885169e-05	5.95122967283115e-05	0.0	0.0	0.0	1.04984672237853e-05	0.0	8.17210452121683e-05	4.42543147956926e-05	0.0	0.0	0.0	6.78717676070677e-05	3.5667790202058e-05	5.12400081984013e-05	0.0	0.0	8.39842109683379e-05
Candidatus.Firestonebacteria	2.74423710208562e-05	0.0001703055281174	0.0	0.0	3.968915454163e-05	5.00876533934385e-05	5.24741564779346e-05	7.76933899592626e-05	0.0001061290537792	9.38321604750109e-05	0.0001122654523071	0.0003153952296471	0.0001193531061645	0.0001377663482733	0.0001224929476486	0.0	9.15352754067599e-05	8.92684450924672e-05	0.0001082518866757	0.0	0.0	5.24923361189266e-05	0.000122601606081	0.0001021513065152	1.47514382652309e-05	4.83284400787754e-05	0.0001218373065832	0.0	6.78717676070677e-05	8.91694755051451e-05	0.0002049600327936	0.0	0.0	0.0001679684219366
Candidatus.Raymondbacteria	0.0001372118551042	0.0001021833168704	9.17206799559741e-05	0.0002200220022002	4.76269854499559e-05	5.00876533934385e-05	5.24741564779346e-05	9.04806107811616e-05	0.0001308818761322	0.0001045783017584	0.0001285245867792	0.0001182732111176	0.0	4.59221160911095e-05	0.0001044792788768	0.0002667496554483	2.288381885169e-05	4.46342225462336e-05	4.63936657181739e-05	0.0	0.0	6.2990803342712e-05	6.13008030405198e-05	0.0001430118291212	0.0	2.41642200393877e-05	4.06124355277586e-05	0.0	9.0495690142757e-05	0.0001248372657072	0.0001024800163968	0.0002408187838651	0.0001212562143809	8.39842109683379e-05
Candidatus.Riflebacteria	5.48847420417124e-05	6.81222112469771e-05	6.11471199706494e-05	7.33406674000733e-05	7.93783090832599e-05	0.0001627848735286	0.0001705410085532	0.0001077654058231	0.0001271636410148	0.000111917129952	0.0001145881858031	7.88488074117879e-05	0.0001193531061645	9.1844232182219e-05	0.0001224929476486	0.0001778331036322	0.0001144190942584	4.46342225462336e-05	6.18582209575653e-05	0.0	0.0	3.1495401671356e-05	0.000122601606081	8.17210452121683e-05	0.0	0.0	0.0	0.0	0.0001809913802855	0.0001605050559092	5.12400081984013e-05	0.0002408187838651	0.0	8.39842109683379e-05
Candidatus.Wallbacteria	8.23271130625686e-05	0.0	6.11471199706494e-05	3.66703337000367e-05	3.1751323633304e-05	3.75657400450789e-05	3.9355617358451e-05	4.76213740953482e-05	5.67296443624969e-05	6.13316356177446e-05	6.42622933896295e-05	3.9424403705894e-05	0.0	0.0	5.76437400699651e-05	0.0	2.288381885169e-05	0.0001041465192745	3.09291104787826e-05	0.0	5.49994500054999e-05	2.09969344475707e-05	0.0	4.08605226060841e-05	0.0	1.20821100196938e-05	4.06124355277586e-05	0.0	0.0001131196126784	3.5667790202058e-05	5.12400081984013e-05	0.0	0.0	0.0
candidate.division.CPR1	0.0	3.40611056234885e-05	0.0	0.0	0.0	1.25219133483596e-05	1.31185391194837e-05	1.34927226603487e-05	2.46465870638563e-05	1.38913533664122e-05	1.96141939663126e-05	0.0	5.9676553082294e-05	0.0	7.20546750874564e-06	0.0	0.0	0.0	0.0	0.0	5.49994500054999e-05	1.04984672237853e-05	0.0	0.0	1.47514382652309e-05	1.20821100196938e-05	0.0	0.0	4.52478450713785e-05	5.3501685303087e-05	0.0	0.0	0.0001212562143809	0.0
Candidatus.Coatesbacteria	0.0001372118551042	0.0002384277393644	0.0002140149198972	0.0001100110011001	7.14404781749339e-05	0.0001627848735286	0.0001705410085532	0.0001315760928708	0.0001815561090178	0.0001402240386986	0.0002082717701422	0.0001182732111176	5.9676553082294e-05	0.0	0.0001008765451224	4.44582759080603e-05	0.0	2.97561483641557e-05	9.27873314363479e-05	0.0	5.49994500054999e-05	0.0	0.000122601606081	2.04302613030421e-05	4.42543147956926e-05	3.62463300590815e-05	4.06124355277586e-05	0.0	2.26239225356892e-05	3.5667790202058e-05	0.0	0.0	0.0	0.0001679684219366
Candidatus.Bipolaricaulota	0.0	3.40611056234885e-05	0.0	3.66703337000367e-05	2.3813492724978e-05	5.00876533934385e-05	3.9355617358451e-05	7.46068194160456e-05	8.26510548951734e-05	8.64933322814346e-05	7.84567758652505e-05	3.9424403705894e-05	0.0	0.0	2.88218700349825e-05	0.0	0.0	0.0	1.54645552393913e-05	0.0	0.0	2.09969344475707e-05	0.0	4.08605226060841e-05	0.0	1.20821100196938e-05	4.06124355277586e-05	0.0	0.0	0.0	0.0	0.0	0.0	0.0001679684219366
Candidatus.Blackallbacteria	2.74423710208562e-05	0.0	0.0	7.33406674000733e-05	3.968915454163e-05	3.75657400450789e-05	3.9355617358451e-05	5.33535765327512e-05	5.98104677454789e-05	6.26421406523117e-05	7.14885753772184e-05	0.0001182732111176	0.0	0.0	0.000367478842946	0.0	6.86514565550699e-05	5.95122967283115e-05	7.73227761969566e-05	0.0002862458852154	5.49994500054999e-05	3.1495401671356e-05	6.13008030405198e-05	4.08605226060841e-05	5.90057530609234e-05	1.20821100196938e-05	0.0	0.0	9.0495690142757e-05	5.3501685303087e-05	0.0	0.0	0.0	0.0
candidate.division.CPR2	8.23271130625686e-05	0.0	0.0	3.66703337000367e-05	7.93783090832599e-06	0.0	0.0	2.18705569919377e-05	2.90022339156585e-05	2.46374946498632e-05	2.91632094499122e-05	0.0	0.0	0.0	7.20546750874564e-06	0.0	2.288381885169e-05	4.46342225462336e-05	1.54645552393913e-05	0.0	0.0	2.09969344475707e-05	0.0	2.04302613030421e-05	0.0	1.20821100196938e-05	4.06124355277586e-05	0.0	0.0	3.5667790202058e-05	0.0	0.0	0.0	0.0
Candidatus.Fraserbacteria	5.48847420417124e-05	3.40611056234885e-05	3.05735599853247e-05	0.0001100110011001	7.93783090832599e-06	8.76533934385174e-05	9.18297738363856e-05	4.83268759337978e-05	5.94917618782739e-05	5.34686054103414e-05	5.75521744011541e-05	3.9424403705894e-05	0.0	0.0	4.32328050524738e-05	8.89165518161206e-05	2.288381885169e-05	0.0	1.54645552393913e-05	0.0	0.0	2.09969344475707e-05	6.13008030405198e-05	4.08605226060841e-05	0.0	0.0	0.0	0.0	2.26239225356892e-05	8.91694755051451e-05	0.0	0.0	0.0	8.39842109683379e-05
Candidatus.Fischerbacteria	0.0	0.0001362444224939	9.17206799559741e-05	0.0001100110011001	0.0001111296327165	5.00876533934385e-05	5.24741564779346e-05	0.000106001651227	0.0001425677579297	8.25618171777331e-05	9.1102769343531e-05	3.9424403705894e-05	0.0002983827654114	0.0001836884643644	7.56574088418292e-05	8.89165518161206e-05	0.0	5.95122967283115e-05	6.18582209575653e-05	0.0	0.000109998900011	2.09969344475707e-05	0.000122601606081	0.0001838723517273	1.47514382652309e-05	1.20821100196938e-05	8.12248710555172e-05	0.0	0.0001583674577498	0.0001248372657072	0.0001537200245952	0.0	0.0001212562143809	0.0
Candidatus.Sumerlaeota	5.48847420417124e-05	3.40611056234885e-05	0.0001222942399412	3.66703337000367e-05	7.93783090832599e-06	2.50438266967193e-05	2.62370782389673e-05	5.37945151817823e-05	5.7685761964112e-05	5.7400120514043e-05	5.72940929015974e-05	0.0001182732111176	0.0001193531061645	4.59221160911095e-05	4.68355388068466e-05	8.89165518161206e-05	4.57676377033799e-05	5.95122967283115e-05	3.09291104787826e-05	0.0	5.49994500054999e-05	3.1495401671356e-05	0.0	0.0	1.47514382652309e-05	1.20821100196938e-05	4.06124355277586e-05	0.0	9.0495690142757e-05	1.7833895101029e-05	0.0001024800163968	0.0	0.0	8.39842109683379e-05
candidate.division.WOR.3	2.74423710208562e-05	3.40611056234885e-05	0.0	0.0	5.55648163582819e-05	5.00876533934385e-05	5.24741564779346e-05	4.03899802512398e-05	4.95056447058494e-05	3.98393530508426e-05	4.72289144188843e-05	7.88488074117879e-05	0.0	0.0	3.60273375437282e-05	0.0	0.0	2.97561483641557e-05	0.0	0.0	0.0	2.09969344475707e-05	0.0	4.08605226060841e-05	0.0	0.0	0.0	0.0	9.0495690142757e-05	0.0001070033706061	0.0001024800163968	0.0001204093919325	0.0001212562143809	0.0
Candidatus.Wirthbacteria	2.74423710208562e-05	3.40611056234885e-05	0.0	0.0001100110011001	0.0	3.75657400450789e-05	3.9355617358451e-05	3.06011422427515e-05	3.70761158848528e-05	3.56457369402276e-05	3.76798989352848e-05	3.9424403705894e-05	0.0	0.0	3.60273375437282e-05	4.44582759080603e-05	2.288381885169e-05	7.43903709103894e-05	3.09291104787826e-05	0.0	5.49994500054999e-05	3.1495401671356e-05	3.06504015202599e-05	2.04302613030421e-05	0.0	1.20821100196938e-05	0.0	0.0	4.52478450713785e-05	1.7833895101029e-05	0.0	0.0	0.0	8.39842109683379e-05
Candidatus.Abawacabacteria	0.0	3.40611056234885e-05	3.05735599853247e-05	0.0	7.93783090832599e-06	1.25219133483596e-05	1.31185391194837e-05	1.60501668247285e-05	2.00784696339174e-05	1.86091714908541e-05	2.21950089618801e-05	3.9424403705894e-05	5.9676553082294e-05	4.59221160911095e-05	7.20546750874564e-06	0.0001333748277241	0.0	1.48780741820779e-05	3.09291104787826e-05	0.0	0.0	3.1495401671356e-05	3.06504015202599e-05	4.08605226060841e-05	0.0	0.0	0.0	0.0	0.0	8.91694755051451e-05	0.0	0.0	0.0	0.0
Candidatus.Absconditabacteria	0.0	6.81222112469771e-05	0.0	0.0	3.968915454163e-05	2.50438266967193e-05	2.62370782389673e-05	2.01949901256199e-05	2.71962340014966e-05	2.07059795461616e-05	2.8388964951242e-05	7.88488074117879e-05	5.9676553082294e-05	4.59221160911095e-05	5.04382725612195e-05	4.44582759080603e-05	2.288381885169e-05	2.97561483641557e-05	3.09291104787826e-05	0.0	0.0	2.09969344475707e-05	9.19512045607797e-05	4.08605226060841e-05	2.95028765304617e-05	0.0	0.0	0.0	0.0	5.3501685303087e-05	0.000256200040992	0.0002408187838651	0.0	0.0
candidate.division.CPR3	2.74423710208562e-05	3.40611056234885e-05	0.0	0.0	0.0	0.0	0.0	1.00534011979068e-05	1.01985877505612e-05	9.95983826271065e-06	8.77477098492933e-06	0.0	0.0	0.0	7.20546750874564e-06	0.0	2.288381885169e-05	1.48780741820779e-05	1.54645552393913e-05	0.0	0.0	0.0	0.0	0.0	1.47514382652309e-05	1.20821100196938e-05	0.0	0.0	2.26239225356892e-05	0.0	5.12400081984013e-05	0.0	0.0	0.0
Candidatus.Delongbacteria	0.0	0.0001021833168704	3.05735599853247e-05	0.0	5.55648163582819e-05	5.00876533934385e-05	5.24741564779346e-05	2.22233079111625e-05	2.84710574703168e-05	2.41132926360363e-05	3.12278614463661e-05	0.0001576976148235	0.0	4.59221160911095e-05	3.24246037893554e-05	4.44582759080603e-05	0.0	0.0001487807418207	4.63936657181739e-05	0.0001431229426077	0.0	4.19938688951413e-05	3.06504015202599e-05	2.04302613030421e-05	2.95028765304617e-05	3.62463300590815e-05	0.000162449742111	0.0	0.0	3.5667790202058e-05	0.0	0.0001204093919325	0.0	0.0
Candidatus.Calescamantes	0.0	0.0	0.0	7.33406674000733e-05	0.0	1.25219133483596e-05	1.31185391194837e-05	6.79045519507743e-06	6.69282321130581e-06	6.81462617974939e-06	8.0005264862591e-06	0.0	0.0	0.0	0.0	0.0	2.288381885169e-05	1.48780741820779e-05	0.0	0.0	5.49994500054999e-05	0.0	0.0	2.04302613030421e-05	0.0	0.0	0.0	0.0	0.0	1.7833895101029e-05	0.0	0.0	0.0	0.0
Planctomycetota	0.0182491767288694	0.0192785857828945	0.0224715665892136	0.0200953428676201	0.0121607569515554	0.0215752566992236	0.0222228052684053	0.0321586257388588	0.0377457169118506	0.0342191211595978	0.033824161331907	0.0128129312044155	0.0127111058065286	0.0089548126377663	0.0153944813324351	0.010358778286578	0.0075058925833543	0.0130778272060464	0.0191915130520846	0.0161728925146701	0.0182048179518205	0.0142044261537815	0.0187886961319193	0.0170388379267371	0.0094114176132172	0.0156584145855232	0.0113308695122446	0.0171543895055499	0.0101807651410602	0.0155689904231983	0.009838081574093	0.0217940999397953	0.0240087304474354	0.0146972369194591
Candidatus.Omnitrophica	0.0014270032930845	0.002793010661126	0.0017426929191635	0.0023469013568023	0.001000166694449	0.0025669922364137	0.0025974707456577	0.002085022495808	0.0027023070480315	0.0025077824341477	0.0028812218610515	0.0025231618371772	0.0020290028047979	0.001699118295371	0.0017365176696077	0.0016449562085982	0.0008695851163642	0.001339026676387	0.0013299517505876	0.0011449835408616	0.0009899901000989	0.0010288497879309	0.0012260160608104	0.001491409075122	0.0007228204749963	0.0004591201807483	0.0019900093408601	0.0020181634712411	0.0019682812606049	0.0020865657268203	0.001537200245952	0.0013245033112582	0.0016975870013338	0.0011757789535567
Verrucomicrobiota	0.0042535675082327	0.0052794713716407	0.0040357099180628	0.0045104510451045	0.0015637526889402	0.0028299524167292	0.0028860786062864	0.0034239767974555	0.0037435191161903	0.0041191794246516	0.004243376015712	0.003311649911295	0.0055499194366533	0.0066587068332108	0.0037396376370389	0.0043569110389899	0.0043021579441177	0.0037641527680657	0.001979463070642	0.0030055817947617	0.003189968100319	0.0036429681266535	0.0046588610310795	0.0019204445624859	0.0021832128632541	0.0053161284086652	0.0021524590829712	0.0050454086781029	0.0022171444084975	0.0023362402582348	0.0021008403361344	0.0032510535821794	0.0029101491451436	0.0030234315948601
Lentisphaerota	0.0013995609220636	0.0018392997036683	0.0013452366393542	0.0012834616795012	0.0008096587526492	0.0014525419484097	0.0014692763813821	0.0017710741776979	0.0019378379078957	0.0016926483026469	0.0017719875759566	0.001852946974177	0.0015515903801396	0.0017450404114621	0.0014158743654685	0.0016894144845062	0.001327261493398	0.0013836608989332	0.0011907707534331	0.0008587376556462	0.00109998900011	0.0015222777474488	0.0011340648562496	0.001491409075122	0.0006195604071396	0.0004107917406695	0.0011371481947772	0.0010090817356205	0.0017872898803194	0.0014267116080823	0.0013322402131584	0.0012040939193257	0.0019400994300957	0.0008398421096833
Chlamydiota	0.0001372118551042	0.0001021833168704	0.0001834413599119	0.0002200220022002	0.0002143214345248	0.0002003506135737	0.0001967780867922	0.0002699426409367	0.0003344286899871	0.0003635340965889	0.0003775732338515	0.0006307904592943	0.0003580593184937	0.0005051432770022	0.0002882187003498	0.0005334993108967	0.0002746058262202	0.0002678053352774	0.0003402202152666	0.0002862458852154	0.000219997800022	0.0002729601478184	0.0001839024091215	0.0003268841808486	0.0002360230122436	0.0002174779803544	0.0004467367908053	0.0020181634712411	0.0003846066831067	0.0004815151677277	0.000512400081984	0.0002408187838651	0.0001212562143809	8.39842109683379e-05
Kiritimatiellota	0.0003567508232711	0.0005109165843523	0.0004586033997798	0.0004767143381004	0.0001666944490748	0.0004257450538442	0.0004329117909429	0.0003498407241411	0.0004111305686945	0.000405732358702	0.0004206728442774	0.0012615809185886	0.0007161186369875	0.0007347538574577	0.0006016565369802	0.0003112079313564	0.0003890249204787	0.0006100010414651	0.0009433378696028	0.001431229426077	0.0007149928500714	0.0021311888464284	0.000950162447128	0.0004494657486669	0.0002802773270393	0.000157067430256	0.0008122487105551	0.0030272452068617	0.0009728286690346	0.0010165320207586	0.0013322402131584	0.0009632751354605	0.0010913059294288	0.0008398421096833
Thermodesulfobacteriota	0.0364160263446762	0.0528968970332777	0.0386755533814357	0.0472313898056472	0.0404829376324626	0.0363135487102429	0.0361153381959385	0.0427363911781934	0.0504674990130742	0.0383734221191758	0.0421645811530823	0.204730928444707	0.269141254401146	0.276037839823659	0.142902434367198	0.30711776997288	0.136845236733106	0.170294437088063	0.0871736978844488	0.0784313725490196	0.0816191838081619	0.12195019527149	0.15806412063998	0.0941222138231148	0.0767959876087919	0.0305073277997269	0.14295577305771	0.210898082744702	0.467138752516911	0.306511155101386	0.29422012707522	0.234918723660446	0.24202740390445	0.0923826320651717
Nitrospirota	0.0031833150384193	0.0040192104635716	0.0034242387183563	0.0034836817015034	0.0030481270687971	0.0037064863511144	0.0037256651099333	0.003993934095193	0.0044138637902116	0.0043010775234495	0.0041089155544429	0.0035087719298245	0.0021483559109625	0.0028012490815576	0.0026516120432183	0.002267372071311	0.0017849378704318	0.0022168330531296	0.0016083137448967	0.0007156147130385	0.002419975800242	0.0013018099357493	0.0024213817201005	0.0017570024720616	0.0010473521168313	0.0009665688015755	0.0016244974211103	0.0040363269424823	0.0038234429085314	0.0028890910063667	0.0035355605656896	0.0030102347983142	0.0023038680732387	0.0021835894851767
Campylobacterota	0.0074643249176728	0.0048366769985353	0.0059312706371529	0.0048038137147048	0.0909596043785075	0.0145003756574005	0.011229469486278	0.0022755079921893	0.0037987614665059	0.0035711262191956	0.0051107879357222	0.0099349497338852	0.0068628036044638	0.0052810433504775	0.0109090778082409	0.0058240341439559	0.0183528227190554	0.0104592861500007	0.0412285042682172	0.0220409331615858	0.014189858101419	0.0172594801159031	0.0089499172439159	0.0545692279404254	0.0290160790677091	0.0046274481375427	0.0280631929496812	0.0090817356205852	0.0096604149227393	0.0111818522283452	0.0117339618774339	0.0156532209512342	0.0147932581544804	0.0089863105736121
Bacteroidota	0.0354555433589462	0.0458803092748391	0.0358016387428152	0.0415108177484415	0.0233054715468451	0.0227773603806662	0.023246051319725	0.0298085991149832	0.0418003991897222	0.043843994335473	0.0525730080302059	0.193810368618175	0.148057528197171	0.10387582659809	0.0820738776583672	0.0853154314675677	0.0930684912698231	0.102762858375612	0.204673388593344	0.087304994990697	0.12979870201298	0.125593163398144	0.0654999080487954	0.200482154166752	0.0882873580174067	0.121473534138002	0.148357226982902	0.0887991927346115	0.0794099681002692	0.0991029550764182	0.235294117647059	0.0745334136062613	0.0883957802837395	0.0285546317292349
Ignavibacteriota	0.0034577387486278	0.0059947545897339	0.0036076800782683	0.0038503850385038	0.0021749656688813	0.002266466316053	0.002335099963268	0.002168271712745	0.0029189208024418	0.0028333118847342	0.0031537559245834	0.0046126552335895	0.0033418869726084	0.0020205731080088	0.0040422672724063	0.0023562886231272	0.0019451246023936	0.003645128174609	0.0038506742546084	0.0018605982539001	0.003959960400396	0.0019842103052954	0.0015938208790535	0.0048011114062148	0.0011358607464227	0.0014860995324223	0.0041424684238313	0.0070635721493441	0.0029184860071039	0.0030317621671749	0.0043554006968641	0.0018061408789885	0.0021826118588577	0.00050390526581
Chlorobiota	0.0010428100987925	0.0082768486665077	0.0013452366393542	0.0013201320132013	0.0004048293763246	0.0012021036814425	0.0012462612163509	0.0009511928536896	0.0011502094747429	0.0011632042686818	0.0012336295678812	0.0075300611078257	0.0018499731455511	0.0011480529022777	0.0083079040375837	0.0023562886231272	0.0011670747614361	0.0220641840120215	0.0012216998639119	0.0002862458852154	0.0008799912000879	0.0011548313946163	0.0011034144547293	0.0014096880299099	0.0005015489010178	0.0005195307308468	0.0011371481947772	0.0010090817356205	0.0039139385986742	0.0043871381948531	0.0014347202295552	0.0010836845273931	0.0016975870013338	0.000755857898715
Balneolota	0.0001372118551042	6.81222112469771e-05	6.11471199706494e-05	7.33406674000733e-05	2.3813492724978e-05	3.75657400450789e-05	2.62370782389673e-05	7.67233249313943e-05	7.61707022620043e-05	8.59691302676078e-05	8.25860798581584e-05	0.0001182732111176	0.0002983827654114	9.1844232182219e-05	5.76437400699651e-05	0.0	0.0	2.97561483641557e-05	4.63936657181739e-05	0.0	0.0	7.34892705664973e-05	6.13008030405198e-05	6.12907839091262e-05	1.47514382652309e-05	1.20821100196938e-05	4.06124355277586e-05	0.0	6.78717676070677e-05	5.3501685303087e-05	5.12400081984013e-05	0.0001204093919325	0.0	0.0001679684219366
Gemmatimonadota	0.0023874862788144	0.0023502162880207	0.0023847376788553	0.0034836817015034	0.0010795450035323	0.0018156774355121	0.0018759510940861	0.0024801917130695	0.0021384101336567	0.0028131301072019	0.0024076423093648	0.0002365464222353	0.0005967655308229	0.0005051432770022	0.0010880255938205	0.0004001244831725	0.0005034440147371	0.0010712213411096	0.0004330075467029	0.0011449835408616	0.0009899901000989	0.0004094402217276	0.0011953656592901	0.0003268841808486	0.0003097802035698	0.0007611729312407	0.0004467367908053	0.0010090817356205	0.0004524784507137	0.0009808642305565	0.000512400081984	0.0014449127031908	0.0008487935006669	0.0013437473754934
candidate.division.Zixibacteria	0.0002195389681668	0.0003746721618583	0.0001528677999266	0.0004767143381004	0.0002540105890664	0.0004758327072376	0.0004722674083014	0.0004514329888779	0.0005868437368135	0.0004489790248427	0.0005153887546148	0.0002365464222353	0.0001790296592468	0.0002296105804555	0.0002341776940342	0.0001778331036322	0.0001373029131101	0.000208293038549	0.000201039218112	0.0002862458852154	0.0003849961500385	0.0001889724100281	0.000245203212162	0.0001430118291212	4.42543147956926e-05	8.45747701378569e-05	0.0002842870486943	0.0010090817356205	0.0002941109929639	0.0004636812726267	5.12400081984013e-05	0.0006020469596628	0.0003637686431429	8.39842109683379e-05
Candidatus.Marinimicrobia	5.48847420417124e-05	0.0003065499506113	6.11471199706494e-05	0.0001466813348001	0.0001111296327165	0.0002880040070122	0.0002886078606286	0.0002207338877049	0.0002764242221558	0.0002453265424709	0.0002539521955638	0.0003942440370589	0.0002387062123291	9.1844232182219e-05	0.0002017530902448	8.89165518161206e-05	0.0002517220073685	0.0002529272610953	0.0001391809971545	0.0	0.0001649983500165	0.0001259816066854	0.0001839024091215	0.0001430118291212	8.85086295913852e-05	0.0001329032102166	0.0004873492263331	0.0	0.0004751023732494	0.0003388440069195	0.0005636400901824	0.0	0.0002425124287619	0.0
Candidatus.Hydrogenedentes	2.74423710208562e-05	3.40611056234885e-05	0.0	0.0	1.5875661816652e-05	0.0	0.0	2.90137631062399e-05	3.66511747285795e-05	3.06658178088723e-05	3.56152469388308e-05	3.9424403705894e-05	0.0	0.0	1.80136687718641e-05	0.0	0.0	0.0	0.0	0.0	0.0	4.19938688951413e-05	3.06504015202599e-05	0.0	0.0	1.20821100196938e-05	0.0	0.0	6.78717676070677e-05	0.0	5.12400081984013e-05	0.0	0.0	0.0
Fibrobacterota	0.0	3.40611056234885e-05	0.0	0.0	0.0	1.25219133483596e-05	1.31185391194837e-05	4.68276845270924e-05	5.95979971673423e-05	5.21581003757742e-05	6.2713804392289e-05	0.0001182732111176	0.0001193531061645	0.0010102865540044	5.04382725612195e-05	0.0021784555194949	0.0002288381885169	0.0001339026676387	1.54645552393913e-05	0.0002862458852154	0.000109998900011	7.34892705664973e-05	3.06504015202599e-05	0.0001225815678182	8.85086295913852e-05	0.0	4.06124355277586e-05	0.0	0.0001357435352141	7.13355804041161e-05	5.12400081984013e-05	0.0001204093919325	0.0002425124287619	0.0001679684219366
Candidatus.Cloacimonetes	0.0	0.0	3.05735599853247e-05	3.66703337000367e-05	0.0	5.00876533934385e-05	5.24741564779346e-05	2.94547017552709e-05	4.18567038929284e-05	2.9879514788132e-05	3.7421817435728e-05	0.0	5.9676553082294e-05	0.0	5.04382725612195e-05	0.0	0.0	2.97561483641557e-05	6.18582209575653e-05	0.0	5.49994500054999e-05	2.09969344475707e-05	9.19512045607797e-05	0.0001021513065152	0.0	2.41642200393877e-05	0.000162449742111	0.0	2.26239225356892e-05	0.0001605050559092	0.0	0.0	0.0	0.0
Elusimicrobiota	0.0025521405049396	0.0033379883511018	0.0025681790387672	0.0035203520352035	0.0014843743798569	0.0027548209366391	0.00279424883245	0.0028328544445645	0.0031782411430577	0.0035097945835778	0.0035924944738298	0.002956830277942	0.0029241511010324	0.0023879500367376	0.0023994206804123	0.0031120793135642	0.0018764731458385	0.0019490277178522	0.0015309909686997	0.0017174753112924	0.0020349796502035	0.0012178221979591	0.0022987801140194	0.0015935603816372	0.00095884348724	0.000749090821221	0.0017463347276936	0.0030272452068617	0.0020814008732834	0.002496745314144	0.0017421602787456	0.0024081878386514	0.0016975870013338	0.0020156210632401
Acidobacteriota	0.0110867178924259	0.0099117817364351	0.011862541274306	0.012027869453612	0.0066915914557188	0.0087778612572001	0.0089861992968463	0.0100805630186872	0.0093657030842654	0.0113017954181075	0.0099611716383916	0.003311649911295	0.0042967118219251	0.0035819250551065	0.0051338955999812	0.0041790779353576	0.0032266184580882	0.0043890318837129	0.0022114313992329	0.0035780735651925	0.0039049609503905	0.0019632133708478	0.0052718690614847	0.0025946431854863	0.0019619412892757	0.0025734894341947	0.0040612435527758	0.0040363269424823	0.0028506142394968	0.0038342874467212	0.0026132404181184	0.0039735099337748	0.0052140172183824	0.0071386579323087
Myxococcota	0.0151481888035126	0.0135903811437719	0.0145530145530146	0.0121378804547121	0.0067392184411687	0.0108439769596794	0.0109933357821273	0.0137989104582358	0.0131086910240105	0.0180907356991793	0.016016279780992	0.0070963926670609	0.0065644208390523	0.0045462894930198	0.0118565967856409	0.0088027386297959	0.0066591912858417	0.0092541621412524	0.0031547692688358	0.0097323600973236	0.0081399186008139	0.0037059589299962	0.006252681910133	0.0054344495066091	0.0036878595663077	0.0111517875481774	0.005888803151525	0.0151362260343088	0.004072306056424	0.006152693809855	0.003330600532896	0.0079470198675496	0.0065478355765733	0.018392542202066
Nitrospinota	0.0002744237102085	0.0005449776899758	0.0001222942399412	0.0004767143381004	0.0002143214345248	0.0004382669671925	0.0004591488691819	0.0006473861245073	0.0007429033764549	0.0006804142139472	0.0006617209648634	0.0006307904592943	0.0006564420839052	0.0004132990448199	0.0003854925117178	0.0003556662072644	0.0001830705508135	0.0003273176320057	0.0002474328838302	0.0004293688278231	0.0003849961500385	0.0001889724100281	0.0003065040152025	0.0003268841808486	0.000191768697448	0.0001329032102166	0.0002436746131665	0.0	0.0007013415986063	0.0006955219089401	0.0003074400491904	0.0002408187838651	0.0006062810719049	0.0003359368438733
Candidatus.Tectomicrobia	0.0002195389681668	0.0001703055281174	0.0001834413599119	0.0002566923359002	7.93783090832599e-05	0.0002003506135737	0.0002098966259117	0.0003404928247817	0.0003061701030949	0.0004059944597089	0.000350474676398	7.88488074117879e-05	0.0	9.1844232182219e-05	0.0001513148176836	4.44582759080603e-05	0.0001601867319618	7.43903709103894e-05	3.09291104787826e-05	0.0001431229426077	0.0	6.2990803342712e-05	9.19512045607797e-05	0.0	1.47514382652309e-05	7.2492660118163e-05	0.000162449742111	0.0	6.78717676070677e-05	0.0001070033706061	0.0001024800163968	0.0001204093919325	0.0001212562143809	0.0001679684219366
Spirochaetota	0.0025795828759604	0.004462004836677	0.0024764583588113	0.0045837917125045	0.0025004167361226	0.0044202354119709	0.0045127774571023	0.0033543084909086	0.0044708059051522	0.0041393612021839	0.0046841792169549	0.0087127932190025	0.0119353106164588	0.0124448934606907	0.0057823876757683	0.0111145689770151	0.0113046065127348	0.0066653772335708	0.0075467029568229	0.0045799341634464	0.0059949400505994	0.0128816192835846	0.006957641145099	0.0061495086522156	0.0060628411270098	0.0021506155835055	0.0071884010884132	0.0060544904137235	0.0074885183593131	0.0096124694594546	0.0125538020086083	0.0045755568934376	0.0076391415060021	0.0035273368606701
Bdellovibrionota	0.0006037321624588	0.0007493443237167	0.0006420447596918	0.0007700770077007	0.0003810158835996	0.0006135737540696	0.0006165713386157	0.0008749104674073	0.0010387686565102	0.0010287464521352	0.0011172348115811	0.0013404297260003	0.0016112669332219	0.001285819250551	0.0010772173925574	0.0010225403458853	0.0007551660221057	0.0012943924538407	0.0010979834219967	0.0002862458852154	0.001429985700143	0.0010078528534833	0.000827560841047	0.0013483972460007	0.0005310517775483	0.0008578298113982	0.0010153108881939	0.0	0.0018551616479265	0.0014088777129812	0.0012297601967616	0.0007224563515954	0.0008487935006669	0.000755857898715
Synergistota	0.0005214050493962	0.0006471610068462	0.0007949125596184	0.0006600660066006	0.0004207050381412	0.0007513148009015	0.00076087526893	0.0006686393673906	0.0007534206700727	0.000808319505321	0.0007912778776409	0.000709639266706	0.0008951482962344	0.0004132990448199	0.0005476155306646	0.0012448317254256	0.0005492116524405	0.0006546352640114	0.0003092911047878	0.0004293688278231	0.000439995600044	0.0003989417545038	0.0005823576288849	0.0004290354873638	0.0002212715739784	0.0002053958703347	0.0005279616618608	0.0	0.0004524784507137	0.0006063524334349	0.0006148800983808	0.0004816375677302	0.0007275372862859	0.000251952632905
Caldisericota	0.0	6.81222112469771e-05	0.0	3.66703337000367e-05	1.5875661816652e-05	1.25219133483596e-05	1.31185391194837e-05	2.40752502370927e-05	4.05818804241083e-05	2.9879514788132e-05	3.9486469432182e-05	7.88488074117879e-05	0.0	4.59221160911095e-05	2.88218700349825e-05	0.0	0.0	0.0	3.09291104787826e-05	0.0	0.0	1.04984672237853e-05	0.0	2.04302613030421e-05	0.0	0.0	0.0	0.0010090817356205	4.52478450713785e-05	5.3501685303087e-05	0.0001024800163968	0.0	0.0001212562143809	0.0
Fusobacteriota	2.74423710208562e-05	0.0004087332674818	0.0003057355998532	0.0002566923359002	0.0003730780526913	0.0003756574004507	0.000380437634465	0.0003833520614675	0.000575157855016	0.0006030944169078	0.0007474040227163	0.0011433077074709	0.0013725607208927	0.0011939750183688	0.0007025330821027	0.0009780820699773	0.0006865145655506	0.0008778063767425	0.0014691327477421	0.0001431229426077	0.0010449895501045	0.0008713727795741	0.0003678048182431	0.0008172104521216	0.000516300339283	0.0005920233909649	0.0015432725500548	0.0010090817356205	0.0008823329788918	0.0008738608599504	0.0022033203525312	0.0008428657435279	0.0008487935006669	0.0001679684219366
Thermotogota	0.0003567508232711	0.0004768554787288	0.0002751620398679	0.0003300330033003	0.000269886250883	0.0004633107938893	0.0004460303300624	0.0004233892907995	0.000579832207735	0.0005467427004214	0.0006433971783949	0.0007490636704119	0.0010741779554812	0.0005051432770022	0.000493574524349	0.0003556662072644	0.000366141101627	0.0005951229672831	0.0008196214276877	0.0	0.0003849961500385	0.0005039264267416	0.0004597560228038	0.0006741986230003	0.000383537394896	0.0003745454106105	0.0004873492263331	0.0010090817356205	0.0006108459084636	0.0011235353913648	0.0010760401721664	0.0002408187838651	0.0007275372862859	0.0001679684219366
Atribacterota	8.23271130625686e-05	0.0005109165843523	6.11471199706494e-05	0.0002933626696002	7.93783090832599e-05	0.0001878287002253	0.0001836595476727	0.0001768163982614	0.0002561332819437	0.00018766432095	0.0002413062020855	7.88488074117879e-05	0.0002983827654114	0.0001377663482733	0.0001296984151574	4.44582759080603e-05	6.86514565550699e-05	0.0001487807418207	0.0002474328838302	0.0001431229426077	5.49994500054999e-05	0.0001259816066854	9.19512045607797e-05	0.0001225815678182	0.0001180115061218	2.41642200393877e-05	0.0002030621776387	0.0	0.0003846066831067	0.0002853423216164	0.0002049600327936	0.0001204093919325	0.0001212562143809	8.39842109683379e-05
Chrysiogenota	0.0001372118551042	0.0001021833168704	0.0008254861196037	3.66703337000367e-05	7.14404781749339e-05	0.0001252191334835	0.0001311853911948	0.0001097937236087	0.0001253576411006	0.0001260705843253	0.0001336862167703	0.0002759708259412	0.0001193531061645	4.59221160911095e-05	0.0001585202851924	0.0003112079313564	0.0001144190942584	0.0001339026676387	7.73227761969566e-05	0.0	0.0	0.0001469785411329	9.19512045607797e-05	8.17210452121683e-05	5.90057530609234e-05	4.83284400787754e-05	8.12248710555172e-05	0.0	0.0001809913802855	0.0002675084265154	0.0002049600327936	0.0006020469596628	0.0004850248575239	0.000251952632905
Aquificota	0.0001920965971459	0.0002384277393644	6.11471199706494e-05	3.66703337000367e-05	6.35026472666079e-05	0.0002003506135737	0.0002098966259117	0.0002035372803927	0.0002766366927339	0.0002427055324018	0.000275372960027	0.0001971220185294	0.0001193531061645	0.0	0.0001981503564905	0.0001333748277241	0.0001144190942584	0.0003124395578236	0.0002165037733514	0.0001431229426077	0.0002749972500275	0.0001259816066854	0.0004291056212836	0.0001838723517273	0.000132762944387	9.66568801575507e-05	0.000162449742111	0.0	0.0004751023732494	0.0004101795873236	0.0003074400491904	0.0003612281757977	0.0001212562143809	0.000251952632905
Calditrichota	0.0002195389681668	0.0003406110562348	0.0001222942399412	0.0002566923359002	0.0001825701108914	0.0004007012271475	0.000380437634465	0.0003437557707845	0.0004573429194392	0.000329985167704	0.0003558943878887	0.000354819633353	0.0001193531061645	0.0003214548126377	0.0002882187003498	0.0004445827590806	9.15352754067599e-05	0.0003273176320057	0.0002474328838302	0.0	0.000109998900011	0.0001469785411329	0.0003065040152025	0.0002247328743334	7.37571913261543e-05	7.2492660118163e-05	0.0005279616618608	0.0	0.0002036153028212	0.0005885185383339	0.000512400081984	0.0002408187838651	0.0003637686431429	0.0
Deferribacterota	0.0001097694840834	0.0002384277393644	0.0001528677999266	3.66703337000367e-05	0.0001905079417998	0.000175306786877	0.0001836595476727	0.0002262897146827	0.0003058513972277	0.0002537137746922	0.0002898255240022	0.0007490636704119	0.0005370889777406	0.0002296105804555	0.0002882187003498	0.0002222913795403	0.0002517220073685	0.000193414964367	0.0004175429914635	0.0007156147130385	0.000219997800022	0.0002834586150422	0.0001532520076013	0.000490326271273	0.0002360230122436	0.0001208211001969	0.0004467367908053	0.0	0.0004524784507137	0.0004280134824246	0.0004611600737856	0.0001204093919325	0.0002425124287619	8.39842109683379e-05
Dictyoglomota	5.48847420417124e-05	6.81222112469771e-05	0.0	0.0	3.1751323633304e-05	7.51314800901578e-05	7.87112347169019e-05	3.05129545129453e-05	5.12054093309429e-05	3.90530500301023e-05	5.39390334073597e-05	0.0	0.0	4.59221160911095e-05	2.52191362806097e-05	0.0	6.86514565550699e-05	5.95122967283115e-05	6.18582209575653e-05	0.0	0.0	2.09969344475707e-05	0.0	4.08605226060841e-05	0.0	3.62463300590815e-05	4.06124355277586e-05	0.0	0.0	1.7833895101029e-05	0.0001537200245952	0.0	0.0002425124287619	0.0
Coprothermobacterota	0.0	0.0	0.0	0.0	1.5875661816652e-05	1.25219133483596e-05	1.31185391194837e-05	1.55210404458913e-05	2.08221166573959e-05	1.31050503456719e-05	1.72914604703019e-05	3.9424403705894e-05	0.0	0.0	7.20546750874564e-06	0.0	0.0	1.48780741820779e-05	1.54645552393913e-05	0.0	0.0	0.0	0.0	0.0	0.0	0.0	0.0	0.0	4.52478450713785e-05	1.7833895101029e-05	0.0	0.0	0.0	0.0
Nitrososphaerota	0.0003841931942919	0.0002043666337409	0.0009172067995597	0.0005500550055005	0.0001428809563498	0.0002880040070122	0.0002886078606286	0.0083134572888305	0.0058953148962697	0.0060623962899078	0.0041179484069274	0.0006307904592943	0.0003580593184937	0.0001836884643644	0.0003818897779635	0.0001778331036322	0.0002517220073685	0.0002826834094594	0.0003092911047878	0.0001431229426077	0.0005499945000549	0.0001574770083567	0.0002145528106418	0.0006537683616973	0.0001622658209175	0.0001812316502954	0.000324899484222	0.0	0.0001583674577498	0.0003031762167174	0.0008710801393728	0.0004816375677302	0.0002425124287619	0.0
Candidatus.Bathyarchaeota	0.0005214050493962	0.0006812221124697	0.0001834413599119	0.0007700770077007	0.0005159590090411	0.0015276734284998	0.0015611061552185	0.0004561951262874	0.0010424868916276	0.0005118832665019	0.000629976940418	0.0	5.9676553082294e-05	0.0001377663482733	6.12464738243379e-05	0.0	6.86514565550699e-05	2.97561483641557e-05	7.73227761969566e-05	0.0	0.0001649983500165	1.04984672237853e-05	3.06504015202599e-05	0.0001838723517273	4.42543147956926e-05	2.41642200393877e-05	8.12248710555172e-05	0.0	2.26239225356892e-05	0.0001248372657072	5.12400081984013e-05	0.0	0.0004850248575239	8.39842109683379e-05
Thermoproteota	0.0001920965971459	0.0003406110562348	0.0001222942399412	0.0001833516685001	9.52539708999119e-05	0.0003631354871024	0.000327963477987	0.0002952525193911	0.0004552182136578	0.000405470257695	0.0004818381596724	0.0003153952296471	0.0002387062123291	0.0003673769287288	0.0001765339539642	0.0002222913795403	9.15352754067599e-05	0.0001339026676387	0.0002628974390696	0.0	0.0001649983500165	0.0002099693444757	0.000122601606081	0.0002451631356365	0.0001180115061218	0.0001449853202363	0.000324899484222	0.0	9.0495690142757e-05	0.0002675084265154	0.0004099200655872	0.0001204093919325	0.0002425124287619	0.0001679684219366
Candidatus.Korarchaeota	0.0	0.0	0.0	0.0	0.0	0.0	0.0	4.23301103069762e-06	7.54270552385258e-06	5.5041211451822e-06	6.19395598936188e-06	0.0	0.0	0.0	0.0	0.0	0.0	0.0	0.0	0.0	0.0	0.0	0.0	0.0	0.0	0.0	0.0	0.0	0.0	1.7833895101029e-05	0.0	0.0	0.0	0.0
Euryarchaeota	0.006860592755214	0.0114785925951156	0.0068179038767274	0.009094242757609	0.0073583692520181	0.0121587778612572	0.0125282048591069	0.0073415403186363	0.0081980710221152	0.0114079463259074	0.0113979113464241	0.0060319337670017	0.0486960673151519	0.0426616458486407	0.007306344053868	0.0283643800293425	0.0056523032563674	0.0079300135390475	0.0125881479648645	0.0055817947617003	0.0047849521504785	0.0168080460252803	0.0098387788880034	0.0086624307924898	0.0026995132025372	0.0039025215363611	0.0183162084230191	0.0141271442986882	0.0080541164227053	0.0168173630802704	0.0136810821889732	0.0093919325707405	0.0110343155086698	0.0048710842361636
Candidatus.Woesearchaeota	2.74423710208562e-05	0.0003406110562348	0.0001834413599119	0.0001466813348001	1.5875661816652e-05	0.0005634861006761	0.0005903342603767	0.0001861642976208	0.0002809923395857	0.0002890974106255	0.0003419579869126	0.0003153952296471	0.0003580593184937	0.0001836884643644	0.0002593968303148	0.0001333748277241	0.0002288381885169	0.0004760983738264	0.0001855746628726	0.0	5.49994500054999e-05	0.0001259816066854	3.06504015202599e-05	0.0001634420904243	7.37571913261543e-05	4.83284400787754e-05	0.000324899484222	0.0	0.0001809913802855	0.0003566779020205	0.000512400081984	0.0	0.0	0.0003359368438733
Nanoarchaeota	0.0	0.0	0.0	0.0	0.0	3.75657400450789e-05	3.9355617358451e-05	1.39336613093797e-05	2.30530577278311e-05	2.48995956567766e-05	2.65823944543447e-05	3.9424403705894e-05	0.0	0.0	1.08082012631185e-05	4.44582759080603e-05	4.57676377033799e-05	1.48780741820779e-05	0.0	0.0	0.0	0.0	3.06504015202599e-05	2.04302613030421e-05	1.47514382652309e-05	0.0	0.0	0.0	0.0	1.7833895101029e-05	0.0	0.0	0.0	0.0
Candidatus.Micrarchaeota	5.48847420417124e-05	6.81222112469771e-05	3.05735599853247e-05	0.0001100110011001	1.5875661816652e-05	2.50438266967193e-05	2.62370782389673e-05	7.12556856834099e-05	0.000110484700631	8.99006453713093e-05	0.0001166528377996	7.88488074117879e-05	0.0001193531061645	4.59221160911095e-05	5.04382725612195e-05	4.44582759080603e-05	4.57676377033799e-05	4.46342225462336e-05	3.09291104787826e-05	0.0	0.0	2.09969344475707e-05	6.13008030405198e-05	2.04302613030421e-05	2.95028765304617e-05	1.20821100196938e-05	4.06124355277586e-05	0.0	2.26239225356892e-05	1.7833895101029e-05	0.0001024800163968	0.0	0.0001212562143809	8.39842109683379e-05
Candidatus.Diapherotrites	0.0	0.0	3.05735599853247e-05	3.66703337000367e-05	2.3813492724978e-05	3.75657400450789e-05	3.9355617358451e-05	2.53980661841857e-05	3.67574100176478e-05	4.50813731891114e-05	5.00678109140085e-05	7.88488074117879e-05	0.0	0.0	2.52191362806097e-05	0.0001333748277241	4.57676377033799e-05	0.0	3.09291104787826e-05	0.0	0.0	4.19938688951413e-05	0.0	8.17210452121683e-05	1.47514382652309e-05	1.20821100196938e-05	0.0	0.0	6.78717676070677e-05	3.5667790202058e-05	0.0002049600327936	0.0	0.0	0.0
Candidatus.Altiarchaeota	0.0	0.0	0.0	3.66703337000367e-05	0.0	2.50438266967193e-05	2.62370782389673e-05	7.58414476333324e-06	1.33856464226116e-05	1.17945453111047e-05	1.47106454747345e-05	0.0	0.0	0.0	1.44109350174913e-05	0.0	0.0	2.97561483641557e-05	0.0	0.0	0.0	2.09969344475707e-05	0.0	0.0	1.47514382652309e-05	2.41642200393877e-05	0.0	0.0	0.0	0.0	0.0	0.0	0.0	0.0
Candidatus.Aenigmarchaeota	0.0	0.0	0.0	0.0	7.93783090832599e-06	2.50438266967193e-05	2.62370782389673e-05	5.82039016720923e-06	1.14734112193814e-05	7.60092920048971e-06	1.39364009760642e-05	0.0	0.0	0.0	3.60273375437282e-06	0.0	0.0	0.0	0.0	0.0	0.0	0.0	0.0	0.0	0.0	1.20821100196938e-05	4.06124355277586e-05	0.0	0.0	1.7833895101029e-05	0.0	0.0	0.0	0.0
Candidatus.Huberarchaea	0.0	0.0	0.0	0.0	0.0	0.0	0.0	1.0582527576744e-06	1.27482346882016e-06	2.09680805530751e-06	1.54848899734047e-06	0.0	0.0	0.0	0.0	0.0	0.0	0.0	0.0	0.0	0.0	0.0	0.0	0.0	0.0	0.0	0.0	0.0	0.0	0.0	0.0	0.0	0.0	0.0
Candidatus.Nanohaloarchaeota	0.0	0.0	0.0	0.0	0.0	0.0	0.0	2.91019508360461e-06	5.63047032062235e-06	3.66941409678814e-06	5.93587448980514e-06	0.0	0.0	0.0	1.08082012631185e-05	0.0	2.288381885169e-05	0.0	0.0	0.0	0.0	0.0	0.0	0.0	0.0	0.0	0.0	0.0	0.0	0.0	5.12400081984013e-05	0.0	0.0	0.0
Candidatus.Thermoplasmatota	5.48847420417124e-05	0.0001021833168704	0.0	3.66703337000367e-05	3.968915454163e-05	0.0001377410468319	0.0001311853911948	8.76586034273632e-05	0.000147667051805	9.43563624888378e-05	0.0001161366748005	0.0001182732111176	0.0001193531061645	0.0001377663482733	3.60273375437282e-05	0.0002222913795403	4.57676377033799e-05	0.0001190245934566	9.27873314363479e-05	0.0002862458852154	0.0	0.0002099693444757	0.0001532520076013	0.0001021513065152	0.0	2.41642200393877e-05	0.000162449742111	0.0	0.0001131196126784	0.0001248372657072	0.0002049600327936	0.0	0.0	0.0001679684219366
Candidatus.Heimdallarchaeota	0.0	6.81222112469771e-05	0.0	7.33406674000733e-05	2.3813492724978e-05	0.0001126972201352	0.0001180668520753	0.0001449806278013	0.0001637085804543	0.0002563347847613	0.0002250470676134	7.88488074117879e-05	5.9676553082294e-05	0.0	4.32328050524738e-05	8.89165518161206e-05	6.86514565550699e-05	4.46342225462336e-05	4.63936657181739e-05	0.0001431229426077	0.0001649983500165	1.04984672237853e-05	3.06504015202599e-05	2.04302613030421e-05	4.42543147956926e-05	1.20821100196938e-05	4.06124355277586e-05	0.0010090817356205	0.0001357435352141	7.13355804041161e-05	0.0001537200245952	0.0	0.0001212562143809	0.0
Candidatus.Lokiarchaeota	2.74423710208562e-05	0.0001362444224939	0.0	7.33406674000733e-05	2.3813492724978e-05	0.0001126972201352	7.87112347169019e-05	6.68462991930999e-05	0.0001046417597323	8.9114342350569e-05	0.0001145881858031	0.0	0.0	4.59221160911095e-05	3.60273375437282e-05	8.89165518161206e-05	6.86514565550699e-05	8.92684450924672e-05	4.63936657181739e-05	0.0	0.0	7.34892705664973e-05	6.13008030405198e-05	4.08605226060841e-05	0.0	1.20821100196938e-05	8.12248710555172e-05	0.0	0.0	7.13355804041161e-05	0.0003074400491904	0.0	0.0	0.0
Candidatus.Odinarchaeota	2.74423710208562e-05	0.0	0.0	0.0	1.5875661816652e-05	0.0	0.0	1.56092281756975e-05	2.63463516889499e-05	1.28429493387585e-05	1.18717489796103e-05	0.0	0.0	0.0	0.0	0.0	0.0	1.48780741820779e-05	0.0	0.0	0.0	0.0	3.06504015202599e-05	0.0	0.0	0.0	0.0	0.0	0.0	0.0	0.0	0.0	0.0	0.0
Candidatus.Thorarchaeota	0.0004665203073545	3.40611056234885e-05	0.0	0.0002566923359002	3.1751323633304e-05	0.0005384422739794	0.0005640971821377	0.0004502865483904	0.0005526359737335	0.0005876304574999	0.0006005556494685	0.0	0.0	0.0	1.80136687718641e-05	0.0	0.0	1.48780741820779e-05	7.73227761969566e-05	0.0001431229426077	0.0001649983500165	2.09969344475707e-05	0.0002145528106418	8.17210452121683e-05	0.0	1.20821100196938e-05	0.0001218373065832	0.0010090817356205	9.0495690142757e-05	0.0001248372657072	0.0	0.0	0.0	0.0
