#OTU ID	mgm4518019	mgm4533948	mgm4533949	mgm4533950	mgm4543715	mgm4543716	mgm4543717	mgm4553173	mgm4553174	mgm4553178	mgm4553179	mgm4553184	mgm4553185	mgm4553189	mgm4553190	mgm4553191	mgm4518020	mgm4533951	mgm4533952	mgm4533953	mgm4543718	mgm4543719	mgm4543720	mgm4553180	mgm4553181	mgm4553183	mgm4553186	mgm4553187	mgm4553188	mgm4553192	mgm4553193	mgm4553194	mgm4518021
Pseudomonadota	0.761790348046955	0.365644914092119	0.442359025110989	0.356627558970723	0.465165852136841	0.460234680573664	0.471100774117402	0.373013431764585	0.494082840236686	0.361419068736142	0.463735818476499	0.449786126092617	0.35766065830721	0.472222222222222	0.466053748231966	0.472789115646259	0.863422684536907	0.34196151821744	0.460672728428817	0.419872741733894	0.305173099102739	0.501894819634622	0.409558583106267	0.622768434670116	0.757272515708634	0.581991455800197	0.348098822621116	0.471468662301216	0.40998787344284	0.297129495242703	0.509461426491994	0.419567644372272	0.79476550991744
Actinomycetota	0.138395002402691	0.514455110107284	0.431061519483144	0.536281113703634	0.218519288759488	0.263545677814499	0.282153643211719	0.519019788782939	0.282248520710059	0.31729490022173	0.36871961102107	0.437046680305003	0.544083072100313	0.238738738738739	0.275106082036775	0.291761148904006	0.0564612922584517	0.55517866541903	0.375	0.452198613793887	0.621260596740667	0.244950126917164	0.484261580381471	0.204657179818887	0.100069816150803	0.177127834373973	0.561281605867593	0.383302151543499	0.475802006394003	0.635381390098371	0.248908296943231	0.488074698061504	0.125038539275804
Chloroflexota	0.0006864831468387	0.0029281277728482	0.0013172292187924	0.0034050903214636	0.0015857335967557	0.0029410872926836	0.0031242406359565	0.0030759766225776	0.0005917159763313	0.0004434589800443	0.0022285251215559	0.0006509205876883	0.002840909090909	0.0026276276276276	0.0024752475247524	0.0034013605442176	0.0014502900580116	0.001426984034154	0.0015101417943663	0.0022270196568571	0.0014595971772433	0.0023238354009509	0.0011662125340599	0.0	0.0013963230160577	0.0006572461386789	0.0012545840571318	0.0008185219831618	0.002535552860765	0.0013707466537655	0.0017467248908296	0.0004059677255658	0.0004110856085779
Bacillota	0.0028832292167227	0.0078164071952891	0.0082100318504631	0.0093660595767134	0.0249948008734533	0.0175252418058882	0.0249244975179644	0.009125397313647	0.0023668639053254	0.0039911308203991	0.002836304700162	0.0079040357076436	0.0083268025078369	0.0165165165165165	0.0137906647807638	0.0272108843537415	0.0019003800760152	0.0072167963038774	0.0091880206015133	0.0091921372571298	0.0050499455909088	0.0174287655071324	0.0061035422343324	0.0031047865459249	0.0041889690481731	0.0006572461386789	0.0069484655471916	0.0085360149672591	0.0076066585822952	0.0039509756490888	0.0168850072780204	0.005379072363747	0.0015758281662156
Cyanobacteriota	0.0078945561886455	0.0025732031943212	0.0017005498909278	0.0023332701234242	0.0053421025267755	0.0070646735999514	0.0060054847780053	0.0016405208653747	0.0053254437869822	0.0053215077605321	0.0081037277147487	0.0011158638646085	0.0018612852664576	0.0037537537537537	0.0091937765205091	0.0049130763416477	0.000250050010002	0.0017778817474706	0.0026626184269091	0.0028633109873878	0.0015182417066861	0.0062743555825676	0.0020272479564032	0.0007761966364812	0.0002327205026762	0.0009858692080184	0.0015441034549314	0.0025724976613657	0.0030867600044096	0.0018545395903886	0.0046579330422125	0.0015223789708718	0.0008906854852523
Candidatus Melainabacteria	0.0	1.61329353875938e-05	4.87862673626841e-05	1.64895415082984e-05	7.79868982011022e-05	3.03204875534399e-05	6.94275696879231e-05	0.0	0.0	0.0	0.0	0.0	0.0	0.0	0.0	0.0	0.0	0.0	5.56368029503402e-05	2.27246903760936e-05	6.51605882697909e-06	5.36269707911766e-05	0.0	0.0	0.0	0.0	0.0	0.0	0.0	0.0	0.0	0.0	0.0
Candidatus Margulisbacteria	0.0	8.06646769379689e-06	0.0	0.0	2.59956327337007e-05	0.0	0.0	0.0	0.0	0.0	0.0	0.0	0.0	0.0	0.0	0.0	0.0	0.0	7.94811470719145e-06	1.13623451880468e-05	0.0	0.0	0.0	0.0	0.0	0.0	0.0	0.0	0.0	0.0	0.0	0.0	0.0
Deinococcota	0.0027459325873549	0.0016213600064531	0.0009130001463588	0.0016159750678132	0.0012347925548507	0.0014857038901185	0.001770403027042	0.0009227929867733	0.0015779092702169	0.0028824833702882	0.0026337115072933	0.0013018411753766	0.0015673981191222	0.0011261261261261	0.0014144271570014	0.0022675736961451	0.0003500700140028	0.001122872682613	0.0012240096649074	0.0014998295648221	0.0011989548241641	0.0014479282113617	0.001275204359673	0.0	0.0006981615080288	0.0	0.0006755452615325	0.0012862488306828	0.0019843457171204	0.0012094823415578	0.0011644832605531	0.0014208870394803	0.003528484806961
Armatimonadota	0.0004118898881032	0.000395256916996	0.0002787786706439	0.000387504225445	0.000519912654674	0.0003638458506412	0.0005901343423473	0.0	0.0001972386587771	0.0	0.002836304700162	9.29886553840431e-05	0.0008816614420062	0.0007507507507507	0.0014144271570014	0.000755857898715	0.0001000200040008	0.0002105386279899	0.0003020283588732	0.0004317691171457	0.0002150299412903	0.0006256479925637	0.0002942779291553	0.0	0.0006981615080288	0.0	0.0002895193977996	0.0001169317118802	0.0006614485723734	0.0003225286244154	0.0	0.0005074596569572	0.0001712856702408
Mycoplasmatota	0.0	0.0001290634831007	0.0001393893353219	0.0001484058735746	0.0053291047104086	0.0013341014523513	0.0005554205575033	0.0003075976622577	0.0	0.0002217294900221	0.0	0.0	0.0001959247648902	0.0	0.0	0.0	0.0	0.0001403590853266	0.0002622877853373	0.0001817975230087	6.51605882697909e-05	0.0005898966787029	0.0001307901907356	0.0	0.0	0.0	0.0	0.0001169317118802	0.0005512071436445	0.0	0.0005822416302765	0.0001014919313914	0.0
Thermomicrobiota	6.86483146838745e-05	0.000274259901589	0.0001393893353219	0.0003545251424284	0.0001169803473016	0.0004548073133015	0.0004512792029715	0.0003075976622577	0.0	0.0011086474501108	0.0040518638573743	0.000185977310768	0.0006857366771159	0.0	0.0	0.0003779289493575	0.0	0.0001286624948827	0.0002066509823869	0.0001590728326326	0.0001368372353665	0.0001430052554431	0.0001307901907356	0.0	0.0	0.0	9.65064659332175e-05	0.0002338634237605	0.0	0.0002418964683115	0.0005822416302765	0.0	3.42571340481655e-05
Candidatus Kaiserbacteria	0.0010983730349419	0.0001209970154069	7.6664134427075e-05	8.24477075414918e-05	7.79868982011022e-05	0.0001819229253206	0.0001735689242198	0.0003075976622577	0.0001972386587771	0.0008869179600886	0.0030388978930307	9.29886553840431e-05	9.79623824451411e-05	0.0	0.0003536067892503	0.000755857898715	0.0	0.0001520556757705	0.0002384434412157	0.0002272469037609	5.21284706158327e-05	0.0003396374816774	0.0001525885558583	0.001293661060802	0.0002327205026762	0.0	0.0	0.0001169317118802	0.0002204828574578	8.06321561038542e-05	0.0005822416302765	0.0002029838627829	3.42571340481655e-05
Candidatus Nomurabacteria	0.0	4.03323384689844e-05	9.06030679592704e-05	4.12238537707459e-05	5.19912654674015e-05	0.0001516024377671	0.0	0.0	0.0	0.0	0.0	0.0	0.0	0.0	0.0	0.0	0.0	7.01795426633136e-05	9.53773764862975e-05	4.54493807521873e-05	1.30321176539582e-05	3.57513138607844e-05	5.44959128065395e-05	0.0	0.0	0.0	0.0	0.0001169317118802	0.0	0.0	0.0	0.0	0.0
Candidatus Yanofskybacteria	0.0	2.41994030813907e-05	3.48473338304886e-05	6.59581660331934e-05	9.09847145679526e-05	0.0	6.94275696879231e-05	0.0	0.0	0.0	0.0	0.0	9.79623824451411e-05	0.0	0.0	0.000755857898715	0.0	0.0	9.53773764862975e-05	3.40870355641404e-05	1.30321176539582e-05	7.15026277215688e-05	2.17983651226158e-05	0.0	0.0	0.0	9.65064659332175e-05	0.0001169317118802	0.0	0.0	0.0	0.0	0.0
Candidatus Azambacteria	0.0	8.06646769379689e-06	1.39389335321955e-05	1.64895415082984e-05	1.29978163668504e-05	3.03204875534399e-05	3.47137848439615e-05	0.0	0.0	0.0	0.0	0.0	0.0	0.0	0.0	0.0	0.0	0.0	7.94811470719145e-06	1.13623451880468e-05	2.60642353079164e-05	1.78756569303922e-05	1.08991825613079e-05	0.0	0.0	0.0	0.0	0.0	0.0	8.06321561038542e-05	0.0	0.0	0.0
Candidatus Falkowbacteria	0.0004118898881032	2.41994030813907e-05	6.96946676609773e-05	4.94686245248951e-05	6.49890818342518e-05	0.0001516024377671	0.0004859929878154	0.0	0.0	0.0	0.0	0.0002789659661521	0.0	0.0	0.0003536067892503	0.0011337868480725	0.0	0.0	6.35849176575316e-05	2.27246903760936e-05	1.95481764809373e-05	0.0001251295985127	5.44959128065395e-05	0.0	0.0	0.0	0.0	0.0001169317118802	0.0	0.0	0.0002911208151382	0.0	0.0
Candidatus Magasanikbacteria	0.0	6.45317415503751e-05	0.0001184809350236	5.77133952790443e-05	0.0002079650618696	9.09614626603196e-05	0.0001735689242198	0.0	0.0	0.0	0.0	0.0	9.79623824451411e-05	0.0007507507507507	0.0	0.0	5.00100020004001e-05	5.8482952219428e-05	6.35849176575316e-05	2.27246903760936e-05	5.21284706158327e-05	0.0002502591970254	7.62942779291553e-05	0.0	0.0	0.0	0.0	0.0001169317118802	0.0001102414287289	8.06321561038542e-05	0.0002911208151382	0.0	0.0
Candidatus Nealsonbacteria	0.0	8.06646769379689e-06	1.39389335321955e-05	8.24477075414918e-06	2.59956327337007e-05	0.0001212819502137	6.94275696879231e-05	0.0	0.0	0.0	0.0	0.0	9.79623824451411e-05	0.0	0.0003536067892503	0.0	0.0	0.0	1.58962294143829e-05	5.68117259402341e-05	1.30321176539582e-05	5.36269707911766e-05	1.08991825613079e-05	0.0	0.0	0.0	0.0	0.0	0.0	8.06321561038542e-05	0.0	0.0	0.0
Candidatus Uhrbacteria	0.0	8.87311446317658e-05	4.87862673626841e-05	8.24477075414918e-05	0.0001559737964022	0.0001212819502137	3.47137848439615e-05	0.0	0.0001972386587771	0.0	0.0	0.0	0.0	0.0	0.0003536067892503	0.0	0.0007001400280056	4.67863617755424e-05	0.000127169835315	0.0001363481422565	7.167664709677e-05	0.0001072539415823	8.71934604904632e-05	0.0	0.0	0.0	0.0	0.0	0.0002204828574578	8.06321561038542e-05	0.0	0.0	0.0
Candidatus Giovannonibacteria	0.0	8.06646769379689e-06	6.96946676609773e-06	0.0	0.0008578558802121	0.0003638458506412	3.47137848439615e-05	0.0001025325540859	0.0	0.0	0.0	0.0	0.0	0.0	0.0003536067892503	0.0	0.0	1.16965904438856e-05	3.17924588287658e-05	1.13623451880468e-05	1.95481764809373e-05	8.9378284651961e-05	4.35967302452316e-05	0.0	0.0	0.0	0.0	0.0	0.0	0.0	0.0	0.0001014919313914	0.0
Candidatus Moranbacteria	0.0	4.03323384689844e-05	6.27252008948795e-05	4.12238537707459e-05	7.79868982011022e-05	0.0001819229253206	0.0001041413545318	0.0	0.0	0.0	0.0004051863857374	0.0	9.79623824451411e-05	0.0	0.0	0.0	0.0	2.33931808877712e-05	0.0001033254911934	6.81740711282809e-05	4.56124117888536e-05	0.0001966322262343	3.26975476839237e-05	0.0	0.0	0.0	0.0	0.0	0.0001102414287289	0.0	0.0002911208151382	0.0	0.0
Candidatus Zambryskibacteria	0.0	4.83988061627813e-05	3.48473338304886e-05	8.24477075414918e-06	2.59956327337007e-05	6.06409751068797e-05	3.47137848439615e-05	0.0001025325540859	0.0	0.0	0.0	9.29886553840431e-05	0.0	0.0	0.0	0.0	0.0	1.16965904438856e-05	7.94811470719145e-06	0.0	1.30321176539582e-05	0.0001072539415823	2.17983651226158e-05	0.0002587322121604	0.0002327205026762	0.0	0.0	0.0	0.0	0.0	0.0	0.0	3.42571340481655e-05
Candidatus Staskawiczbacteria	0.0	8.06646769379689e-06	2.09084002982932e-05	0.0	0.0011178122075491	3.03204875534399e-05	3.47137848439615e-05	0.0	0.0	0.0	0.0010129659643436	9.29886553840431e-05	0.0	0.0003753753753753	0.0	0.0	0.0	0.0	7.94811470719145e-06	1.13623451880468e-05	1.30321176539582e-05	1.78756569303922e-05	2.17983651226158e-05	0.0	0.0	0.0	0.0	0.0	0.0	8.06321561038542e-05	0.0	0.0002029838627829	0.0
Candidatus Wolfebacteria	0.0	2.41994030813907e-05	4.18168005965864e-05	1.64895415082984e-05	5.19912654674015e-05	0.0	3.47137848439615e-05	0.0	0.0	0.0	0.0	0.0	0.0	0.0	0.0	0.0	0.0	1.16965904438856e-05	5.56368029503402e-05	2.27246903760936e-05	2.60642353079164e-05	3.57513138607844e-05	1.08991825613079e-05	0.0	0.0	0.0	0.0	0.0	0.0	0.0	0.0	0.0	0.0
Candidatus Harrisonbacteria	0.0	8.06646769379689e-06	0.0	8.24477075414918e-06	1.29978163668504e-05	6.06409751068797e-05	3.47137848439615e-05	0.0	0.0	0.0	0.0	0.0	0.0	0.0	0.0	0.0	0.0	1.16965904438856e-05	7.94811470719145e-06	1.13623451880468e-05	6.51605882697909e-06	0.0	1.08991825613079e-05	0.0	0.0	0.0	0.0	0.0	0.0	0.0	0.0	0.0	0.0
Candidatus Taylorbacteria	0.0	0.0	6.96946676609773e-06	8.24477075414918e-06	3.89934491005511e-05	0.0	0.0001041413545318	0.0001025325540859	0.0	0.0	0.0	0.0	0.0	0.0	0.0	0.0	0.0	2.33931808877712e-05	4.76886882431487e-05	2.27246903760936e-05	6.51605882697909e-06	8.9378284651961e-05	0.0	0.0	0.0	0.0	0.0	0.0	0.0	8.06321561038542e-05	0.0002911208151382	0.0	0.0
Candidatus Buchananbacteria	0.0	2.41994030813907e-05	3.48473338304886e-05	4.94686245248951e-05	3.89934491005511e-05	6.06409751068797e-05	3.47137848439615e-05	0.0	0.0	0.0	0.0002025931928687	0.0	0.0001959247648902	0.0	0.0	0.0	0.0	1.16965904438856e-05	2.38443441215744e-05	5.68117259402341e-05	0.0	7.15026277215688e-05	1.08991825613079e-05	0.0	0.0	0.0	0.0	0.0	0.0	0.0	0.0002911208151382	0.0	0.0
Candidatus Portnoybacteria	0.0	4.83988061627813e-05	0.0	8.24477075414918e-06	5.19912654674015e-05	9.09614626603196e-05	0.0001041413545318	0.0001025325540859	0.0	0.0	0.0	0.0	0.0	0.0	0.0	0.0	0.0	0.0	0.0	0.0	6.51605882697909e-06	0.0	0.0	0.0	0.0	0.0	0.0	0.0	0.0	0.0	0.0	0.0	0.0
Candidatus Adlerbacteria	0.0	3.22658707751875e-05	1.39389335321955e-05	1.64895415082984e-05	1.29978163668504e-05	3.03204875534399e-05	0.0	0.0002050651081718	0.0	0.0	0.0	0.0	0.0	0.0003753753753753	0.0	0.0	0.0	2.33931808877712e-05	2.38443441215744e-05	0.0	0.0	3.57513138607844e-05	0.0	0.0	0.0	0.0	0.0	0.0	0.0	0.0	0.0	0.0	3.42571340481655e-05
Candidatus Sungbacteria	0.0	1.61329353875938e-05	4.18168005965864e-05	8.24477075414918e-06	2.59956327337007e-05	6.06409751068797e-05	0.0001388551393758	0.0	0.0	0.0	0.0002025931928687	0.0	0.0	0.0	0.0	0.0	0.0	1.16965904438856e-05	2.38443441215744e-05	2.27246903760936e-05	6.51605882697909e-06	0.0009295341603803	5.44959128065395e-05	0.0	0.0	0.0	0.0	0.0	0.0	8.06321561038542e-05	0.0008733624454148	0.0001014919313914	0.0
Candidatus Jorgensenbacteria	0.0	8.06646769379689e-06	6.96946676609773e-06	0.0	3.89934491005511e-05	0.0	3.47137848439615e-05	0.0	0.0	0.0	0.0	0.0	0.0	0.0	0.0	0.0	0.0	0.0	7.94811470719145e-06	1.13623451880468e-05	0.0	3.57513138607844e-05	1.08991825613079e-05	0.0	0.0	0.0	0.0	0.0	0.0	0.0	0.0	0.0	0.0
Candidatus Liptonbacteria	0.0	0.0	1.39389335321955e-05	8.24477075414918e-06	1.29978163668504e-05	6.06409751068797e-05	0.0001041413545318	0.0	0.0	0.0	0.0	0.0	9.79623824451411e-05	0.0	0.0	0.0	0.0	1.16965904438856e-05	2.38443441215744e-05	0.0	1.30321176539582e-05	1.78756569303922e-05	0.0	0.0	0.0	0.0	9.65064659332175e-05	0.0	0.0	0.0	0.0	0.0	0.0001370285361926
Candidatus Tagabacteria	0.0	8.06646769379689e-06	0.0	0.0	0.0	6.06409751068797e-05	0.0	0.0	0.0	0.0	0.0	0.0	0.0	0.0	0.0	0.0	0.0	0.0	7.94811470719145e-06	1.13623451880468e-05	6.51605882697909e-06	1.78756569303922e-05	0.0	0.0	0.0	0.0	0.0	0.0	0.0	0.0	0.0	0.0	0.0
Candidatus Ryanbacteria	0.0	3.22658707751875e-05	6.96946676609773e-06	1.64895415082984e-05	3.89934491005511e-05	9.09614626603196e-05	0.0	0.0	0.0	0.0	0.0	0.0	0.0	0.0	0.0003536067892503	0.0	0.0	0.0	7.94811470719145e-06	1.13623451880468e-05	1.30321176539582e-05	0.0	1.08991825613079e-05	0.0	0.0	0.0	0.0	0.0	0.0	8.06321561038542e-05	0.0	0.0	0.0
Candidatus Wildermuthbacteria	0.0	3.22658707751875e-05	1.39389335321955e-05	0.0	3.89934491005511e-05	0.0	0.0	0.0	0.0	0.0	0.0	0.0	0.0	0.0	0.0	0.0	0.0	0.0	1.58962294143829e-05	5.68117259402341e-05	0.0	0.0	1.08991825613079e-05	0.0	0.0	0.0	0.0	0.0001169317118802	0.0001102414287289	0.0	0.0	0.0	0.0
Candidatus Komeilibacteria	0.0	0.0	1.39389335321955e-05	4.12238537707459e-05	6.49890818342518e-05	0.0	3.47137848439615e-05	0.0	0.0	0.0	0.0	0.0	0.0001959247648902	0.0	0.0	0.0	0.0	3.50897713316568e-05	1.58962294143829e-05	1.13623451880468e-05	0.0	5.36269707911766e-05	2.17983651226158e-05	0.0	0.0	0.0	0.0	0.0	0.0001102414287289	0.0	0.0	0.0001014919313914	0.0
Candidatus Kuenenbacteria	0.0	2.41994030813907e-05	6.96946676609773e-06	8.24477075414918e-06	3.89934491005511e-05	6.06409751068797e-05	0.0	0.0	0.0	0.0	0.0	0.0	0.0	0.0	0.0	0.0	0.0	1.16965904438856e-05	0.0	0.0	0.0	1.78756569303922e-05	1.08991825613079e-05	0.0	0.0	0.0	0.0	0.0	0.0	0.0	0.0	0.0	0.0
Candidatus Lloydbacteria	0.0	0.0	2.09084002982932e-05	8.24477075414918e-06	1.29978163668504e-05	0.0	6.94275696879231e-05	0.0	0.0	0.0	0.0	0.0	0.0	0.0	0.0	0.0	0.0	2.33931808877712e-05	1.58962294143829e-05	2.27246903760936e-05	6.51605882697909e-06	7.15026277215688e-05	1.08991825613079e-05	0.0	0.0	0.0	0.0	0.0	0.0	0.0	0.0	0.0	0.0
Candidatus Kerfeldbacteria	0.0	2.41994030813907e-05	1.39389335321955e-05	2.47343122624475e-05	5.19912654674015e-05	0.0001212819502137	3.47137848439615e-05	0.0	0.0	0.0	0.0	9.29886553840431e-05	0.0	0.0	0.0	0.0	0.0	0.0	2.38443441215744e-05	2.27246903760936e-05	6.51605882697909e-06	3.57513138607844e-05	2.17983651226158e-05	0.0	0.0	0.0	0.0	0.0	0.0	0.0	0.0	0.0001014919313914	0.0
Candidatus Terrybacteria	0.0	0.0	1.39389335321955e-05	8.24477075414918e-06	5.19912654674015e-05	0.0	0.0	0.0	0.0	0.0	0.0	0.0	0.0	0.0	0.0	0.0	0.0	1.16965904438856e-05	0.0	0.0	0.0	0.0001072539415823	1.08991825613079e-05	0.0	0.0	0.0	0.0	0.0	0.0	0.0	0.0	0.0	0.0
Candidatus Yonathbacteria	0.0	0.0	6.96946676609773e-06	0.0	1.29978163668504e-05	6.06409751068797e-05	3.47137848439615e-05	0.0	0.0	0.0	0.0002025931928687	0.0	0.0	0.0	0.0	0.0	0.0	0.0	7.94811470719145e-06	0.0	0.0	3.57513138607844e-05	1.08991825613079e-05	0.0	0.0004654410053525	0.0	0.0	0.0	0.0	0.0	0.0	0.0	0.0
Candidatus Niyogibacteria	0.0	0.0	6.96946676609773e-06	0.0	0.0	3.03204875534399e-05	3.47137848439615e-05	0.0	0.0	0.0	0.0	0.0	0.0	0.0	0.0	0.0	0.0	2.33931808877712e-05	2.38443441215744e-05	0.0	0.0	1.78756569303922e-05	0.0	0.0	0.0	0.0	0.0	0.0	0.0	0.0	0.0	0.0	0.0
Candidatus Campbellbacteria	0.0	0.0	0.0	0.0	2.59956327337007e-05	0.0	0.0	0.0	0.0	0.0	0.0	0.0	0.0	0.0	0.0	0.0	0.0	0.0	0.0	0.0	0.0	0.0	3.26975476839237e-05	0.0	0.0	0.0	0.0	0.0	0.0	0.0	0.0	0.0	0.0
Candidatus Colwellbacteria	0.0	0.0	2.09084002982932e-05	0.0	0.0	0.0	0.0	0.0	0.0	0.0	0.0	0.0	0.0	0.0	0.0	0.0	0.0	0.0	7.94811470719145e-06	1.13623451880468e-05	0.0	0.0	0.0	0.0	0.0	0.0	0.0	0.0001169317118802	0.0	0.0	0.0	0.0	0.0
Candidatus Vogelbacteria	0.0	0.0	0.0	8.24477075414918e-06	3.89934491005511e-05	0.0	3.47137848439615e-05	0.0	0.0	0.0	0.0	0.0	0.0	0.0	0.0	0.0	0.0	1.16965904438856e-05	7.94811470719145e-06	1.13623451880468e-05	0.0	0.0	1.08991825613079e-05	0.0	0.0	0.0	0.0	0.0	0.0	0.0	0.0	0.0	0.0
Candidatus Spechtbacteria	0.0	8.06646769379689e-06	0.0	0.0	0.0	6.06409751068797e-05	0.0	0.0	0.0	0.0	0.0	0.0	0.0	0.0	0.0	0.0	0.0	0.0	0.0	0.0	0.0	1.78756569303922e-05	0.0	0.0	0.0	0.0	0.0	0.0	0.0	0.0	0.0	0.0	0.0
Candidatus Brennerbacteria	0.0	0.0	0.0	0.0	0.0	0.0	0.0	0.0	0.0	0.0	0.0	0.0	0.0	0.0003753753753753	0.0	0.0	0.0	0.0	0.0	0.0	0.0	1.78756569303922e-05	0.0	0.0	0.0	0.0	0.0	0.0	0.0	0.0	0.0	0.0	0.0
Candidatus Andersenbacteria	0.0	8.06646769379689e-06	6.96946676609773e-06	0.0	2.59956327337007e-05	0.0	0.0	0.0	0.0	0.0	0.0	9.29886553840431e-05	0.0	0.0	0.0	0.0	0.0	0.0	0.0	0.0	0.0	5.36269707911766e-05	1.08991825613079e-05	0.0	0.0	0.0	0.0	0.0	0.0	0.0	0.0	0.0001014919313914	0.0
Candidatus Parcubacteria	0.0	0.0	6.96946676609773e-06	0.0	2.59956327337007e-05	0.0	0.0	0.0	0.0	0.0	0.0	0.0	0.0	0.0	0.0	0.0	0.0	1.16965904438856e-05	0.0	0.0	0.0	0.0	0.0	0.0	0.0	0.0	0.0	0.0	0.0	0.0	0.0	0.0	0.0
Candidatus Woesebacteria	0.0	4.03323384689844e-05	6.27252008948795e-05	3.29790830165967e-05	5.19912654674015e-05	3.03204875534399e-05	0.0001388551393758	0.0001025325540859	0.0	0.0	0.0	0.0	0.0	0.0	0.0	0.0	0.0	3.50897713316568e-05	4.76886882431487e-05	6.81740711282809e-05	6.51605882697909e-06	1.78756569303922e-05	1.08991825613079e-05	0.0	0.0	0.0	0.0	0.0001169317118802	0.0	0.0	0.0002911208151382	0.0	0.0
Candidatus Gottesmanbacteria	0.0	4.83988061627813e-05	6.96946676609773e-05	4.94686245248951e-05	7.79868982011022e-05	0.0001819229253206	0.0002429964939077	0.0001025325540859	0.0	0.0	0.0	0.0	9.79623824451411e-05	0.0	0.0	0.0	0.0	3.50897713316568e-05	7.94811470719145e-05	4.54493807521873e-05	1.95481764809373e-05	0.0001251295985127	4.35967302452316e-05	0.0	0.0	0.0	0.0	0.0	0.0	0.0	0.0002911208151382	0.0	0.0
Candidatus Roizmanbacteria	0.0	5.64652738565782e-05	2.78778670643909e-05	4.12238537707459e-05	0.0012217947384839	0.0005154482884084	0.0002429964939077	0.0	0.0001972386587771	0.0	0.0	9.29886553840431e-05	0.0	0.0	0.0	0.0	0.0	8.18761331071993e-05	8.7429261779106e-05	5.68117259402341e-05	0.0	8.9378284651961e-05	2.17983651226158e-05	0.0	0.0	0.0	9.65064659332175e-05	0.0	0.0	0.0	0.0	0.0	0.0
Candidatus Levybacteria	0.0	4.03323384689844e-05	4.87862673626841e-05	4.94686245248951e-05	3.89934491005511e-05	0.0001516024377671	0.0002777102787516	0.0	0.0	0.0	0.0	9.29886553840431e-05	0.0001959247648902	0.0	0.0003536067892503	0.0	0.0	4.67863617755424e-05	4.76886882431487e-05	3.40870355641404e-05	1.95481764809373e-05	1.78756569303922e-05	2.17983651226158e-05	0.0	0.0	0.0	9.65064659332175e-05	0.0	0.0	0.0	0.0	0.0	0.0
Candidatus Daviesbacteria	0.0	1.61329353875938e-05	6.96946676609773e-06	6.59581660331934e-05	0.0022746178641988	0.000212243412874	0.0004165654181275	0.0	0.0	0.0	0.0	0.0	0.0	0.0	0.0	0.0	0.0	1.16965904438856e-05	1.58962294143829e-05	2.27246903760936e-05	6.51605882697909e-06	7.15026277215688e-05	3.26975476839237e-05	0.0	0.0	0.0	0.0	0.0	0.0	0.0	0.0	0.0	0.0
Candidatus Curtissbacteria	0.0	3.22658707751875e-05	6.96946676609773e-06	2.47343122624475e-05	9.09847145679526e-05	0.0004548073133015	0.0021522546603256	0.0002050651081718	0.0	0.0	0.0	0.0	0.0	0.0	0.0007072135785007	0.000755857898715	5.00100020004001e-05	2.33931808877712e-05	0.0	2.27246903760936e-05	6.51605882697909e-06	3.57513138607844e-05	0.0	0.0	0.0	0.0	0.0	0.0	0.0	0.0	0.0	0.0	0.0
Candidatus Shapirobacteria	0.0	8.06646769379689e-06	1.39389335321955e-05	1.64895415082984e-05	0.0	9.09614626603196e-05	0.0	0.0	0.0	0.0	0.0	9.29886553840431e-05	9.79623824451411e-05	0.0	0.0	0.0	0.0	1.16965904438856e-05	7.94811470719145e-06	1.13623451880468e-05	6.51605882697909e-06	3.57513138607844e-05	2.17983651226158e-05	0.0	0.0	0.0	0.0	0.0	0.0	0.0	0.0	0.0	0.0
Candidatus Beckwithbacteria	0.0	8.06646769379689e-06	1.39389335321955e-05	0.0	1.29978163668504e-05	0.0	3.47137848439615e-05	0.0001025325540859	0.0	0.0	0.0	0.0	0.0	0.0	0.0	0.0	0.0	0.0	0.0	1.13623451880468e-05	6.51605882697909e-06	3.57513138607844e-05	1.08991825613079e-05	0.0	0.0	0.0	0.0	0.0	0.0	0.0	0.0	0.0	0.0
Candidatus Amesbacteria	0.0	0.0	1.39389335321955e-05	8.24477075414918e-06	2.59956327337007e-05	0.0	0.0	0.0	0.0	0.0	0.0	0.0	0.0	0.0	0.0	0.0	0.0	0.0	0.0	1.13623451880468e-05	6.51605882697909e-06	5.36269707911766e-05	0.0	0.0	0.0	0.0	0.0	0.0	0.0001102414287289	0.0	0.0	0.0	0.0002397999383371
Candidatus Chisholmbacteria	0.0	0.0	0.0	0.0	1.29978163668504e-05	0.0	0.0	0.0	0.0	0.0	0.0	0.0	0.0	0.0	0.0	0.0	0.0	0.0	0.0	0.0	6.51605882697909e-06	0.0	2.17983651226158e-05	0.0	0.0	0.0	0.0	0.0	0.0	0.0	0.0	0.0	0.0
Candidatus Collierbacteria	0.0	8.06646769379689e-06	2.09084002982932e-05	0.0	0.0	0.0	3.47137848439615e-05	0.0	0.0001972386587771	0.0	0.0	0.0	0.0	0.0003753753753753	0.0	0.0	0.0	3.50897713316568e-05	0.0	1.13623451880468e-05	0.0	3.57513138607844e-05	0.0	0.0	0.0	0.0	0.0	0.0	0.0	0.0	0.0	0.0	0.0
Candidatus Woykebacteria	0.0	1.61329353875938e-05	6.96946676609773e-06	4.94686245248951e-05	1.29978163668504e-05	3.03204875534399e-05	3.47137848439615e-05	0.0	0.0	0.0	0.0	0.0	0.0	0.0	0.0	0.0	0.0	1.16965904438856e-05	7.94811470719145e-06	1.13623451880468e-05	6.51605882697909e-06	1.78756569303922e-05	1.08991825613079e-05	0.0	0.0	0.0	0.0	0.0	0.0	0.0	0.0	0.0	0.0
Candidatus Pacebacteria	0.0	0.0	1.39389335321955e-05	8.24477075414918e-06	5.19912654674015e-05	3.03204875534399e-05	0.0001041413545318	0.0	0.0	0.0	0.0	0.0	0.0	0.0	0.0	0.0	0.0	0.0	4.76886882431487e-05	3.40870355641404e-05	6.51605882697909e-06	0.0	1.08991825613079e-05	0.0	0.0	0.0	0.0	0.0	0.0001102414287289	8.06321561038542e-05	0.0	0.0001014919313914	0.0
Candidatus Blackburnbacteria	0.0	8.06646769379689e-06	6.96946676609773e-06	0.0	0.0	0.0	0.0	0.0	0.0	0.0	0.0	0.0	0.0	0.0	0.0	0.0	0.0	1.16965904438856e-05	0.0	0.0	0.0	1.78756569303922e-05	0.0	0.0	0.0	0.0	9.65064659332175e-05	0.0	0.0	0.0	0.0	0.0	0.0
Candidatus Microgenomates	0.0	0.0	0.0	0.0	0.0	0.0	0.0	0.0	0.0	0.0	0.0	0.0	0.0	0.0	0.0	0.0	0.0	0.0	0.0	0.0	0.0	0.0	1.08991825613079e-05	0.0	0.0	0.0	0.0	0.0	0.0	0.0	0.0	0.0	0.0
Candidatus Gracilibacteria	0.0	0.0	6.96946676609773e-06	0.0	0.0	0.0	3.47137848439615e-05	0.0	0.0	0.0	0.0	0.0	0.0	0.0	0.0	0.0	0.0	0.0	0.0	1.13623451880468e-05	0.0	3.57513138607844e-05	0.0	0.0	0.0	0.0	0.0	0.0	0.0	0.0	0.0	0.0	0.0
candidate division NC10	0.0	0.0001209970154069	0.0001254504017897	9.0692478295641e-05	0.0001169803473016	0.0001819229253206	6.94275696879231e-05	0.0001025325540859	0.0	0.0004434589800443	0.0	9.29886553840431e-05	9.79623824451411e-05	0.0	0.0	0.0	0.0003500700140028	0.0001403590853266	0.0001112736059006	9.08987615043745e-05	0.0001107730000586	0.0001072539415823	0.0001634877384196	0.0	0.0	0.0	0.0003860258637328	0.0001169317118802	0.0001102414287289	0.0	0.0002911208151382	0.0002029838627829	3.42571340481655e-05
Candidatus Rokubacteria	0.0004118898881032	0.000790513833992	0.0004530153397963	0.0007420293678734	0.0002859519600707	0.0003638458506412	0.0007984170514111	0.0009227929867733	0.0003944773175542	0.0011086474501108	0.0004051863857374	0.0011158638646085	0.0005877742946708	0.0007507507507507	0.0007072135785007	0.00151171579743	0.0003000600120024	0.0005965261126381	0.0005722642589177	0.0006476536757186	0.000605993470909	0.0006792749633549	0.0004359673024523	0.0	0.0	0.0	0.0008685581933989	0.0007015902712815	0.0008819314298313	0.0004837929366231	0.0008733624454148	0.0006089515883487	0.0002397999383371
Candidatus Handelsmanbacteria	0.0	9.67976123255626e-05	7.6664134427075e-05	9.89372490497902e-05	7.79868982011022e-05	0.0001516024377671	0.0002082827090637	0.0002050651081718	0.0	0.0	0.0008103727714748	9.29886553840431e-05	0.0	0.0	0.0	0.0	0.0	0.0001286624948827	5.56368029503402e-05	0.0001136234518804	5.86445294428118e-05	8.9378284651961e-05	0.0001307901907356	0.0	0.0	0.0	0.0001930129318664	0.0001169317118802	0.0002204828574578	8.06321561038542e-05	0.0	0.0002029838627829	0.0
Candidatus Schekmanbacteria	0.0	0.0	1.39389335321955e-05	0.0	3.89934491005511e-05	0.0	0.0001735689242198	0.0	0.0	0.0	0.0	0.0	0.0	0.0003753753753753	0.0	0.0003779289493575	0.0	0.0	1.58962294143829e-05	0.0	6.51605882697909e-06	3.57513138607844e-05	1.08991825613079e-05	0.0	0.0	0.0	0.0	0.0	0.0	0.0	0.0	0.0001014919313914	0.0
Candidatus Aminicenantes	0.0	0.0001774622892635	0.0001254504017897	0.0002143640396078	0.0001949672455027	0.0001212819502137	0.0002777102787516	0.0001025325540859	0.0	0.0002217294900221	0.0004051863857374	9.29886553840431e-05	0.0003918495297805	0.0	0.0	0.000755857898715	5.00100020004001e-05	0.000198842037546	0.0001351179500222	0.0002726962845131	0.0001563854118474	0.0003038861678166	0.0002615803814713	0.0	0.0	0.0	0.0001930129318664	0.0003507951356407	0.0	0.0002418964683115	0.0	0.0005074596569572	3.42571340481655e-05
Candidatus Glassbacteria	0.0	1.61329353875938e-05	2.78778670643909e-05	2.47343122624475e-05	2.59956327337007e-05	6.06409751068797e-05	0.0001735689242198	0.0	0.0	0.0	0.0	9.29886553840431e-05	0.0	0.0	0.0	0.0003779289493575	0.0	2.33931808877712e-05	3.97405735359573e-05	3.40870355641404e-05	1.95481764809373e-05	3.57513138607844e-05	0.0	0.0	0.0	0.0	0.0	0.0	0.0	8.06321561038542e-05	0.0002911208151382	0.0	0.0
candidate division WWE3	0.0	1.61329353875938e-05	2.78778670643909e-05	3.29790830165967e-05	0.0002339606946033	0.000212243412874	0.0	0.0	0.0	0.0	0.0	0.0	9.79623824451411e-05	0.0	0.0007072135785007	0.0	0.0	1.16965904438856e-05	2.38443441215744e-05	4.54493807521873e-05	5.86445294428118e-05	0.0001072539415823	0.0	0.0	0.0	0.0	0.0	0.0	0.0001102414287289	0.0001612643122077	0.0	0.0	0.0
Candidatus Peregrinibacteria	0.0	7.2598209244172e-05	8.36336011931727e-05	7.42029367873426e-05	0.0001299781636685	0.0003032048755343	0.0003124240635956	0.0	0.0	0.0	0.0	0.0	9.79623824451411e-05	0.0	0.0	0.0	5.00100020004001e-05	0.0001286624948827	0.0001430660647294	0.0001931598681967	6.51605882697909e-05	0.0003575131386078	8.71934604904632e-05	0.0	0.0	0.0	0.0	0.0003507951356407	0.0001102414287289	8.06321561038542e-05	0.0005822416302765	0.0	3.42571340481655e-05
Candidatus Doudnabacteria	0.0	2.41994030813907e-05	2.09084002982932e-05	6.59581660331934e-05	3.89934491005511e-05	6.06409751068797e-05	6.94275696879231e-05	0.0001025325540859	0.0	0.0	0.0002025931928687	0.0	0.0	0.0003753753753753	0.0	0.0	0.0	1.16965904438856e-05	1.58962294143829e-05	4.54493807521873e-05	1.30321176539582e-05	5.36269707911766e-05	5.44959128065395e-05	0.0	0.0	0.0	0.0	0.0	0.0	0.0	0.0	0.0	0.0
Candidatus Berkelbacteria	0.0	1.61329353875938e-05	2.78778670643909e-05	3.29790830165967e-05	6.49890818342518e-05	9.09614626603196e-05	3.47137848439615e-05	0.0	0.0001972386587771	0.0	0.0	0.0	0.0	0.0	0.0	0.0	0.0	1.16965904438856e-05	4.76886882431487e-05	2.27246903760936e-05	1.95481764809373e-05	3.57513138607844e-05	1.08991825613079e-05	0.0	0.0	0.0	0.0001930129318664	0.0	0.0	0.0	0.0	0.0	0.0
Candidatus Gribaldobacteria	0.0	8.06646769379689e-06	0.0	0.0	1.29978163668504e-05	0.0	0.0	0.0	0.0	0.0	0.0	0.0	0.0	0.0	0.0	0.0	0.0	1.16965904438856e-05	0.0	0.0	0.0	0.0	0.0	0.0	0.0	0.0	0.0	0.0	0.0	0.0	0.0	0.0	0.0
Candidatus Saccharibacteria	0.0	0.000435589255465	0.0007736108110368	0.0003380356009201	0.0008318602474784	0.0005760892635153	0.0004512792029715	0.0004101302163436	0.0	0.0	0.0	0.0003719546215361	9.79623824451411e-05	0.0	0.0003536067892503	0.0003779289493575	0.0	0.0004210772559798	0.0003894576206523	0.0004544938075218	0.0001694175295014	0.0005183940509813	8.71934604904632e-05	0.0	0.0	0.0	0.0001930129318664	0.0001169317118802	0.0002204828574578	0.0	0.0002911208151382	0.0	0.0
Candidatus Eisenbacteria	0.0	0.0001129305477131	2.09084002982932e-05	0.0001566506443288	3.89934491005511e-05	9.09614626603196e-05	0.0001041413545318	0.0	0.0	0.0002217294900221	0.0	0.0	9.79623824451411e-05	0.0	0.0003536067892503	0.0	0.0003000600120024	4.67863617755424e-05	3.97405735359573e-05	5.68117259402341e-05	5.21284706158327e-05	0.0001072539415823	0.000108991825613	0.0005174644243208	0.0009308820107051	0.0003286230693394	0.0001930129318664	0.0	0.0	0.0	0.0	0.0	0.0
Candidatus Desantisbacteria	0.0	8.06646769379689e-06	2.78778670643909e-05	3.29790830165967e-05	2.59956327337007e-05	9.09614626603196e-05	0.0	0.0	0.0	0.0	0.0	0.0	0.0	0.0	0.0	0.0	0.0	2.33931808877712e-05	3.17924588287658e-05	0.0	1.30321176539582e-05	1.78756569303922e-05	2.17983651226158e-05	0.0	0.0	0.0	0.0	0.0	0.0	0.0	0.0	0.0	0.0
Candidatus Edwardsbacteria	0.0	8.06646769379689e-06	1.39389335321955e-05	8.24477075414918e-06	1.29978163668504e-05	0.0	0.0	0.0	0.0	0.0	0.0	0.0	0.0	0.0	0.0	0.0	0.0	1.16965904438856e-05	3.17924588287658e-05	3.40870355641404e-05	6.51605882697909e-06	3.57513138607844e-05	1.08991825613079e-05	0.0	0.0	0.0	0.0	0.0001169317118802	0.0	8.06321561038542e-05	0.0	0.0	0.0
Candidatus Lindowbacteria	0.0	4.03323384689844e-05	4.87862673626841e-05	1.64895415082984e-05	5.19912654674015e-05	0.0	6.94275696879231e-05	0.0	0.0	0.0	0.0	0.0002789659661521	0.0	0.0003753753753753	0.0	0.0	0.0	1.16965904438856e-05	4.76886882431487e-05	6.81740711282809e-05	1.95481764809373e-05	1.78756569303922e-05	5.44959128065395e-05	0.0	0.0	0.0	0.0	0.0	0.0	0.0	0.0	0.0001014919313914	0.0
Candidatus Ratteibacteria	0.0	8.06646769379689e-06	6.96946676609773e-06	0.0	0.0	3.03204875534399e-05	3.47137848439615e-05	0.0	0.0	0.0	0.0	0.0	0.0	0.0	0.0	0.0	0.0	0.0	1.58962294143829e-05	0.0	0.0	0.0	0.0	0.0	0.0	0.0	0.0	0.0	0.0	0.0	0.0	0.0	0.0
Candidatus Dadabacteria	0.0	1.61329353875938e-05	2.09084002982932e-05	8.24477075414918e-06	0.0	0.0	0.0	0.0001025325540859	0.0	0.0	0.0	0.0	0.0	0.0	0.0	0.0	0.0	2.33931808877712e-05	2.38443441215744e-05	1.13623451880468e-05	1.95481764809373e-05	1.78756569303922e-05	0.0	0.0	0.0	0.0	0.0	0.0	0.0	0.0	0.0	0.0	0.0
Candidatus Firestonebacteria	0.0	0.0	6.96946676609773e-06	1.64895415082984e-05	0.0	0.0	0.0	0.0	0.0	0.0	0.0	9.29886553840431e-05	0.0	0.0	0.0	0.0	0.0006501300260052	1.16965904438856e-05	0.0	2.27246903760936e-05	0.0	0.0	0.0	0.0	0.0	0.0	0.0	0.0	0.0	0.0	0.0	0.0	3.42571340481655e-05
Candidatus Raymondbacteria	0.0	0.0	6.96946676609773e-06	8.24477075414918e-06	0.0	0.0	0.0	0.0	0.0	0.0	0.0	0.0	0.0	0.0	0.0	0.0	0.0	0.0	3.97405735359573e-05	0.0	0.0	1.78756569303922e-05	3.26975476839237e-05	0.0	0.0	0.0	0.0	0.0001169317118802	0.0	0.0	0.0002911208151382	0.0	0.0
Candidatus Riflebacteria	0.0	0.0	2.09084002982932e-05	1.64895415082984e-05	1.29978163668504e-05	3.03204875534399e-05	0.0	0.0	0.0	0.0	0.0	0.0	0.0	0.0	0.0	0.0	0.0	0.0	3.97405735359573e-05	1.13623451880468e-05	1.30321176539582e-05	1.78756569303922e-05	0.0	0.0	0.0	0.0	0.0	0.0	0.0	0.0	0.0	0.0	0.0
Candidatus Wallbacteria	0.0	2.41994030813907e-05	3.48473338304886e-05	0.0	0.0	0.0	3.47137848439615e-05	0.0	0.0	0.0	0.0	0.0	0.0	0.0	0.0	0.0	0.0	0.0	3.17924588287658e-05	1.13623451880468e-05	1.30321176539582e-05	1.78756569303922e-05	0.0	0.0	0.0	0.0	0.0	0.0001169317118802	0.0	0.0	0.0	0.0	0.0
candidate division CPR1	0.0	7.2598209244172e-05	0.0	0.0	0.0	3.03204875534399e-05	0.0	0.0001025325540859	0.0	0.0	0.0	0.0	0.0	0.0	0.0	0.0	0.0	0.0	0.0	1.13623451880468e-05	0.0	0.0	0.0	0.0	0.0	0.0	0.0	0.0	0.0	0.0	0.0	0.0	0.0
Candidatus Coatesbacteria	0.0	8.06646769379689e-06	2.09084002982932e-05	1.64895415082984e-05	1.29978163668504e-05	3.03204875534399e-05	0.0	0.0001025325540859	0.0	0.0	0.0	0.0	0.0	0.0	0.0003536067892503	0.0	0.0	1.16965904438856e-05	0.0	2.27246903760936e-05	1.30321176539582e-05	0.0	1.08991825613079e-05	0.0015523932729624	0.0	0.0006572461386789	9.65064659332175e-05	0.0	0.0	0.0	0.0	0.0001014919313914	0.0
Candidatus Bipolaricaulota	0.0001372966293677	0.0	0.0	4.12238537707459e-05	1.29978163668504e-05	3.03204875534399e-05	0.0	0.0	0.0	0.0002217294900221	0.0006077795786061	0.0	0.0	0.0	0.0	0.0	0.0	2.33931808877712e-05	7.94811470719145e-06	0.0	0.0	0.0	1.08991825613079e-05	0.0	0.0	0.0	0.0	0.0	0.0	0.0	0.0	0.0001014919313914	0.0002397999383371
Candidatus Blackallbacteria	0.0	1.61329353875938e-05	2.09084002982932e-05	0.0	2.59956327337007e-05	3.03204875534399e-05	0.0	0.0	0.0	0.0	0.0	0.0	0.0	0.0	0.0	0.0	0.0	0.0	7.94811470719145e-06	2.27246903760936e-05	6.51605882697909e-06	0.0	0.0	0.0	0.0	0.0	0.0	0.0	0.0	0.0	0.0	0.0	0.0
candidate division CPR2	0.0	0.0	6.96946676609773e-06	0.0	0.0	0.0	0.0	0.0	0.0	0.0	0.0	0.0	0.0	0.0	0.0	0.0	0.0	0.0	2.38443441215744e-05	0.0	6.51605882697909e-06	0.0	0.0	0.0	0.0	0.0	0.0	0.0001169317118802	0.0	0.0	0.0	0.0	0.0
Candidatus Fraserbacteria	0.0	8.06646769379689e-06	0.0	0.0	1.29978163668504e-05	3.03204875534399e-05	6.94275696879231e-05	0.0	0.0	0.0	0.0	0.0	0.0	0.0	0.0	0.0003779289493575	0.0	2.33931808877712e-05	0.0	0.0	6.51605882697909e-06	0.0	0.0	0.0	0.0	0.0	0.0	0.0	0.0	0.0	0.0	0.0	0.0
Candidatus Fischerbacteria	0.0	8.06646769379689e-06	0.0	0.0	0.0	0.0	0.0	0.0	0.0	0.0	0.0	0.0	0.0	0.0	0.0	0.0	0.0	1.16965904438856e-05	0.0	1.13623451880468e-05	6.51605882697909e-06	1.78756569303922e-05	1.08991825613079e-05	0.0	0.0	0.0	0.0	0.0	0.0	0.0	0.0	0.0	0.0
Candidatus Sumerlaeota	0.0	3.22658707751875e-05	0.0	8.24477075414918e-06	1.29978163668504e-05	0.0	3.47137848439615e-05	0.0001025325540859	0.0	0.0	0.0	0.0	0.0	0.0	0.0	0.0	0.0	1.16965904438856e-05	0.0	1.13623451880468e-05	0.0	0.0	1.08991825613079e-05	0.0	0.0	0.0	0.0	0.0	0.0	0.0	0.0	0.0	0.0
candidate division WOR-3	0.0	8.06646769379689e-06	0.0	8.24477075414918e-06	1.29978163668504e-05	0.0	0.0	0.0	0.0	0.0	0.0	0.0	0.0	0.0	0.0	0.0	0.0	1.16965904438856e-05	0.0	0.0	0.0	0.0	0.0	0.0	0.0	0.0	0.0	0.0	0.0	0.0	0.0	0.0	0.0
Candidatus Wirthbacteria	0.0	0.0	0.0	0.0	0.0	0.0	0.0	0.0	0.0	0.0	0.0	0.0	0.0	0.0	0.0	0.0	0.0	1.16965904438856e-05	0.0	0.0	0.0	1.78756569303922e-05	0.0	0.0	0.0	0.0	0.0	0.0	0.0	0.0	0.0	0.0	0.0
Candidatus Abawacabacteria	0.0	8.06646769379689e-06	0.0	0.0	1.29978163668504e-05	0.0	3.47137848439615e-05	0.0	0.0	0.0	0.0	0.0	0.0	0.0	0.0	0.0	0.0	1.16965904438856e-05	0.0	0.0	6.51605882697909e-06	0.0	0.0	0.0	0.0	0.0	0.0	0.0	0.0	0.0	0.0	0.0	0.0
Candidatus Absconditabacteria	0.0	8.06646769379689e-06	6.96946676609773e-06	0.0	0.0	0.0	0.0	0.0	0.0	0.0	0.0	0.0	0.0	0.0	0.0	0.0	0.0	0.0	0.0	0.0	6.51605882697909e-06	3.57513138607844e-05	0.0	0.0	0.0	0.0	0.0	0.0	0.0	0.0	0.0	0.0	0.0
candidate division CPR3	0.0	0.0	0.0	0.0	1.29978163668504e-05	3.03204875534399e-05	0.0	0.0	0.0	0.0	0.0	0.0	0.0	0.0	0.0	0.0	0.0	0.0	0.0	0.0	0.0	0.0	0.0	0.0	0.0	0.0	0.0	0.0	0.0	0.0	0.0	0.0	0.0
Candidatus Delongbacteria	0.0	8.06646769379689e-06	0.0	8.24477075414918e-06	0.0	3.03204875534399e-05	3.47137848439615e-05	0.0	0.0	0.0	0.0	0.0	0.0	0.0	0.0	0.0	0.0	0.0	0.0	0.0	0.0	0.0	0.0	0.0	0.0	0.0	0.0	0.0	0.0	0.0	0.0	0.0	0.0
Candidatus Calescamantes	0.0	0.0	0.0	0.0	0.0	0.0	0.0	0.0	0.0	0.0	0.0	0.0	0.0	0.0	0.0	0.0	0.0	1.16965904438856e-05	0.0	0.0	0.0	0.0	0.0	0.0	0.0	0.0	0.0	0.0	0.0	0.0	0.0	0.0	0.0
Planctomycetota	0.0365209034118212	0.0198677099298217	0.0103635970811873	0.0194081903552672	0.0104632421753145	0.0245292744307328	0.022563960148575	0.0185583922895519	0.0258382642998028	0.0678492239467849	0.044773095623987	0.0090198995722521	0.0181230407523511	0.0097597597597597	0.0233380480905233	0.0211640211640212	0.0167033406681336	0.0161295982221183	0.0214122210211738	0.0205203954096125	0.0144786827135475	0.0274212577312216	0.0181798365122616	0.0282018111254851	0.0346753548987666	0.030233322379231	0.0149585022196487	0.0184752104770814	0.0199536985999339	0.0133849379132398	0.0259097525473071	0.0177610879935045	0.0389846185468124
Candidatus Omnitrophica	0.0	0.0002339275631201	0.0003205954712404	0.0003462803716742	0.0004029323073723	0.0003638458506412	0.0002082827090637	0.0006151953245155	0.0	0.0	0.0	0.0005579319323042	9.79623824451411e-05	0.0007507507507507	0.0003536067892503	0.0003779289493575	0.0007001400280056	0.0002807181706532	0.0004609906530171	0.0005226678786501	0.0001889657059823	0.0006971506202852	0.00025068119891	0.0007761966364812	0.0002327205026762	0.0013144922773578	0.000482532329666	0.0001169317118802	0.0004409657149156	0.0001612643122077	0.0005822416302765	0.0002029838627829	6.85142680963311e-05
Verrucomicrobiota	0.0007551314615226	0.0034443817052512	0.0024323439013681	0.0026300818705735	0.0038083601954871	0.0072465965252721	0.0038185163328357	0.0031785091766635	0.0015779092702169	0.0084257206208425	0.0016207455429497	0.0020457504184489	0.0021551724137931	0.0078828828828828	0.0088401697312588	0.0034013605442176	0.0043508701740348	0.0037546055324872	0.0063664398804603	0.0047835473241677	0.0035447360018766	0.0102785027349755	0.0054822888283378	0.0054333764553686	0.0030253665347917	0.0131449227735787	0.003570739239529	0.005378858746492	0.0042994157204277	0.0033865505563618	0.0098981077147016	0.004262661118441	0.0008906854852523
Lentisphaerota	0.0	0.0002258610954263	0.0001602977356202	0.0002143640396078	0.0002469585109701	0.0004548073133015	0.0004165654181275	0.0001025325540859	0.0001972386587771	0.0002217294900221	0.0004051863857374	9.29886553840431e-05	0.0004898119122257	0.0	0.0	0.0003779289493575	0.0	0.0002105386279899	0.0002304953265085	0.0003181456652653	0.0001563854118474	0.000411140109399	0.0003160762942779	0.0002587322121604	0.0002327205026762	0.0	0.0001930129318664	0.0003507951356407	0.0002204828574578	8.06321561038542e-05	0.0002911208151382	0.0003044757941743	6.85142680963311e-05
Chlamydiota	0.0	4.03323384689844e-05	0.0001045420014914	4.12238537707459e-05	0.0001949672455027	9.09614626603196e-05	0.0002429964939077	0.0001025325540859	0.0	0.0	0.0	0.000185977310768	0.0	0.0	0.0003536067892503	0.0	5.00100020004001e-05	3.50897713316568e-05	0.0001192217206078	7.95364163163277e-05	4.56124117888536e-05	0.0001608809123735	6.53950953678474e-05	0.0	0.0	0.0	9.65064659332175e-05	0.0001169317118802	0.0	0.0	0.0	0.0	0.0
Kiritimatiellota	0.0	6.45317415503751e-05	6.96946676609773e-06	2.47343122624475e-05	5.19912654674015e-05	3.03204875534399e-05	6.94275696879231e-05	0.0	0.0	0.0	0.0	9.29886553840431e-05	0.0	0.0	0.0	0.0003779289493575	0.0	5.8482952219428e-05	7.15330323647231e-05	7.95364163163277e-05	5.21284706158327e-05	0.0001251295985127	1.08991825613079e-05	0.0	0.0	0.0	9.65064659332175e-05	0.0001169317118802	0.0002204828574578	0.0	0.0002911208151382	0.0001014919313914	0.0
Thermodesulfobacteriota	0.0015102629230452	0.0024764055819956	0.0018120613591854	0.0023909835187032	0.002950504315275	0.0038810224068403	0.0041656541812753	0.0021531836358043	0.0023668639053254	0.0044345898004434	0.0018233387358184	0.0013018411753766	0.002840909090909	0.0015015015015015	0.0045968882602546	0.0034013605442176	0.0011502300460092	0.0022106555938943	0.0028136326063457	0.0025338029769344	0.0019026891774778	0.003968395838547	0.0022888283378746	0.0041397153945666	0.003258087037468	0.010515938218863	0.0020266357845975	0.0030402245088868	0.0026457942894939	0.001612643122077	0.0040756914119359	0.0017253628336547	0.0039738275495872
Nitrospirota	0.0001372966293677	0.0006695168185851	0.0004251374727319	0.000667826431086	0.0006628886347093	0.0014250629150116	0.0012496962543826	0.0005126627704296	0.0001972386587771	0.0002217294900221	0.0002025931928687	0.0002789659661521	0.0010775862068965	0.0007507507507507	0.0017680339462517	0.0011337868480725	0.0003500700140028	0.0007017954266331	0.0008107077001335	0.00098852403136	0.0004756722943694	0.0028422294519323	0.0006103542234332	0.0010349288486416	0.0013963230160577	0.0003286230693394	0.0002895193977996	0.0003507951356407	0.0006614485723734	8.06321561038542e-05	0.0037845705967976	0.0006089515883487	0.0004110856085779
Campylobacterota	0.0	0.0003710575139146	0.0003902901389014	0.0003297908301659	0.0027685348861391	0.0014857038901185	0.0013538376089145	0.0002050651081718	0.0	0.0	0.0	0.0006509205876883	0.0	0.0011261261261261	0.0014144271570014	0.00151171579743	0.0	0.0003742908942043	0.0006040567177465	0.0004544938075218	0.0001889657059823	0.0009831611311715	0.0002397820163487	0.0	0.0002327205026762	0.0	0.0	0.0007015902712815	0.0005512071436445	0.0001612643122077	0.0011644832605531	0.0002029838627829	3.42571340481655e-05
Bacteroidota	0.0296560719434338	0.0411631846414455	0.0757650732142484	0.0319072628185573	0.223198502651555	0.159394803068433	0.132224806470649	0.0371167845791039	0.16094674556213	0.202439024390244	0.070097244732577	0.0663009112888228	0.0281152037617555	0.213213213213213	0.148514851485149	0.119425547996977	0.0306561312262452	0.0386221416457103	0.0833280345901952	0.0414384729008067	0.0205777137756	0.125093847198885	0.0399782016348774	0.0998706338939198	0.0588782871771003	0.137693066053237	0.0322331596216947	0.0741347053320861	0.0325212214750303	0.0198355104015481	0.114992721979622	0.0331878615650056	0.0044191702922133
Ignavibacteriota	0.0	0.0002177946277325	0.000216053469749	0.0001978744980995	0.0005719039201414	0.0004244868257481	0.0004512792029715	0.0001025325540859	0.0	0.0002217294900221	0.0	0.0	0.0	0.0011261261261261	0.0003536067892503	0.0	5.00100020004001e-05	0.000198842037546	0.0002702359000445	0.0002954209748892	0.0001042569412316	0.0007507775910764	0.0001852861035422	0.0	0.0	0.0	0.0001930129318664	0.0001169317118802	0.0001102414287289	0.0	0.0011644832605531	0.0001014919313914	0.0
Chlorobiota	6.86483146838745e-05	0.0002581269662015	0.0001533282688541	0.0001319163320663	0.0002859519600707	0.0002728843879809	0.0003471378484396	0.0002050651081718	0.0	0.0	0.0	0.0002789659661521	0.0002938871473354	0.0	0.0	0.000755857898715	0.0	0.0001169659044388	0.0002145990970941	0.000261333939325	9.12248235777073e-05	0.0004647670801901	0.0002179836512261	0.0	0.0	0.0	0.0	0.0003507951356407	0.0003307242861867	8.06321561038542e-05	0.0	0.0002029838627829	0.0
Balneolota	0.0	0.0	2.09084002982932e-05	2.47343122624475e-05	1.29978163668504e-05	9.09614626603196e-05	0.0	0.0	0.0	0.0	0.0	0.0	0.0	0.0	0.0003536067892503	0.0	0.0	1.16965904438856e-05	7.94811470719145e-06	1.13623451880468e-05	1.95481764809373e-05	1.78756569303922e-05	4.35967302452316e-05	0.0	0.0	0.0	0.0	0.0	0.0	0.0	0.0002911208151382	0.0001014919313914	0.0
Gemmatimonadota	6.86483146838745e-05	0.0016374929418407	0.0012196566840671	0.0022838014988993	0.0006238951856088	0.0010308965768169	0.0012149824695386	0.0011278580949451	0.0001972386587771	0.0015521064301552	0.0002025931928687	0.0013018411753766	0.0016653605015674	0.0007507507507507	0.001060820367751	0.0018896447467876	0.0003500700140028	0.0018831510614655	0.0017724295797036	0.0028519486421997	0.0019743658245746	0.0018054413499696	0.0017438692098092	0.0010349288486416	0.0030253665347917	0.0032862306933946	0.0017371163867979	0.0014031805425631	0.0027560357182229	0.0015320109659732	0.0020378457059679	0.001116411245306	0.0004453427426261
candidate division Zixibacteria	0.0	3.22658707751875e-05	2.78778670643909e-05	1.64895415082984e-05	0.0004679213892066	9.09614626603196e-05	3.47137848439615e-05	0.0	0.0	0.0	0.0	0.0	0.0	0.0	0.0	0.0	0.0	5.8482952219428e-05	7.15330323647231e-05	1.13623451880468e-05	2.60642353079164e-05	7.15026277215688e-05	1.08991825613079e-05	0.0	0.0	0.0	0.0	0.0001169317118802	0.0	8.06321561038542e-05	0.0	0.0	0.0
Candidatus Marinimicrobia	0.0	8.06646769379689e-06	1.39389335321955e-05	2.47343122624475e-05	6.49890818342518e-05	0.0001516024377671	0.0	0.0	0.0	0.0	0.0	9.29886553840431e-05	9.79623824451411e-05	0.0003753753753753	0.0	0.0	5.00100020004001e-05	3.50897713316568e-05	3.17924588287658e-05	3.40870355641404e-05	1.30321176539582e-05	3.57513138607844e-05	5.44959128065395e-05	0.0	0.0	0.0	9.65064659332175e-05	0.0	0.0	0.0	0.0002911208151382	0.0	0.0
Candidatus Hydrogenedentes	0.0	0.0	0.0	0.0	0.0	0.0	0.0	0.0	0.0	0.0	0.0	0.0	0.0	0.0	0.0	0.0	0.0	0.0	0.0	0.0	0.0	0.0	0.0	0.0	0.0	0.0	0.0	0.0	0.0	0.0	0.0	0.0	0.0002397999383371
Fibrobacterota	0.0	8.06646769379689e-06	2.09084002982932e-05	1.64895415082984e-05	1.29978163668504e-05	3.03204875534399e-05	3.47137848439615e-05	0.0	0.0	0.0	0.0	9.29886553840431e-05	0.0	0.0	0.0003536067892503	0.0	0.0	2.33931808877712e-05	2.38443441215744e-05	1.13623451880468e-05	1.30321176539582e-05	3.57513138607844e-05	1.08991825613079e-05	0.0	0.0	0.0	0.0	0.0	0.0	0.0	0.0	0.0	0.0
Candidatus Cloacimonetes	0.0	8.06646769379689e-06	0.0	0.0	0.0	0.0	0.0	0.0	0.0	0.0	0.0	0.0	0.0	0.0	0.0	0.0	0.0	0.0	0.0	0.0	0.0	0.0	0.0	0.0	0.0	0.0	0.0	0.0	0.0	0.0	0.0	0.0	0.0
Elusimicrobiota	0.0004118898881032	0.0006533838831975	0.0005366489409895	0.0005194205575113	0.0005978995528751	0.0009399351141566	0.0011108411150067	0.0007177278786014	0.0001972386587771	0.0002217294900221	0.0002025931928687	0.0007439092430723	0.0006857366771159	0.0007507507507507	0.001060820367751	0.0011337868480725	5.00100020004001e-05	0.0006316158839698	0.000540471800089	0.000749914782411	0.0004756722943694	0.0007865289049372	0.0007629427792915	0.0	0.0	0.0	0.000482532329666	0.0003507951356407	0.0007716900011024	8.06321561038542e-05	0.0005822416302765	0.0007104435197401	0.0001027714021444
Acidobacteriota	0.0074140179858584	0.0070339598289908	0.0047183290006481	0.0062412914608909	0.0042762815846937	0.0060640975106879	0.0058666296386295	0.0070747462319286	0.0037475345167652	0.0075388026607538	0.010129659643436	0.0042774781476659	0.0064655172413793	0.0048798798798798	0.006011315417256	0.0071806500377928	0.0136027205441088	0.0048540850342125	0.0081786100337	0.008510396545847	0.0038835710608795	0.0091880876622215	0.0068991825613079	0.0183699870633894	0.0239702117756574	0.0197173841603681	0.0048253232966608	0.0067820392890551	0.0080476242972108	0.0034671827124657	0.0116448326055313	0.0067999594032274	0.0064745983351032
Myxococcota	0.0039129539369808	0.0086311204323626	0.0058473826167559	0.0074285384494884	0.0055760632213788	0.0068221096995239	0.0072551810323879	0.0086127345432174	0.0096646942800789	0.0031042128603104	0.0062803889789303	0.0058582852891947	0.0072492163009404	0.0056306306306306	0.0088401697312588	0.0090702947845805	0.0044008801760352	0.0061874963448154	0.0100384688751828	0.0081808885353937	0.0066072836505568	0.0069715062028529	0.0096239782016348	0.0036222509702458	0.0034908075401442	0.0184028918830102	0.0053078556263269	0.009822263797942	0.0093705214419578	0.0067731011127237	0.009315866084425	0.0092357657566223	0.0138056250214107
Nitrospinota	0.0	3.22658707751875e-05	2.09084002982932e-05	0.0001071820198039	9.09847145679526e-05	0.0003032048755343	0.0002082827090637	0.0	0.0	0.0	0.0	0.0	0.0	0.0	0.0	0.0011337868480725	0.0	3.50897713316568e-05	4.76886882431487e-05	7.95364163163277e-05	3.90963529618745e-05	0.000232383540095	5.44959128065395e-05	0.0	0.0	0.0	0.0	0.0001169317118802	0.0	0.0	0.0	0.0	3.42571340481655e-05
Candidatus Tectomicrobia	0.0	4.03323384689844e-05	4.18168005965864e-05	4.12238537707459e-05	9.09847145679526e-05	3.03204875534399e-05	6.94275696879231e-05	0.0002050651081718	0.0	0.0	0.0	0.0	0.0	0.0	0.0	0.0	0.0	4.67863617755424e-05	4.76886882431487e-05	5.68117259402341e-05	2.60642353079164e-05	1.78756569303922e-05	3.26975476839237e-05	0.0010349288486416	0.0009308820107051	0.0	0.0	0.0001169317118802	0.0002204828574578	0.0	0.0	0.0	0.0
Spirochaetota	6.86483146838745e-05	0.0004194563200774	0.0004460458730302	0.0005111757867572	0.0010788187584485	0.0015160243776719	0.0007637032665671	0.0004101302163436	0.0	0.0044345898004434	0.0	0.0003719546215361	0.0006857366771159	0.0007507507507507	0.0014144271570014	0.0011337868480725	0.0	0.0005146499795309	0.0007232784383544	0.0006362913305306	0.0003779314119647	0.0011261663866147	0.0004032697547683	0.0	0.0	0.0	0.0001930129318664	0.0007015902712815	0.0002204828574578	0.0003225286244154	0.0008733624454148	0.0001014919313914	0.0001027714021444
Bdellovibrionota	0.0	0.0007663144309107	0.000432106939498	0.0002473431226244	0.0005589061037745	0.0009399351141566	0.0005901343423473	0.0001025325540859	0.0001972386587771	0.0	0.0002025931928687	0.000185977310768	9.79623824451411e-05	0.0003753753753753	0.0003536067892503	0.0003779289493575	5.00100020004001e-05	0.0004327738464237	0.0005166274559674	0.0007612771275991	0.000299738706041	0.0019305709484823	0.0001961852861035	0.0	0.0	0.0	0.0005790387955993	0.000467726847521	0.0004409657149156	0.0001612643122077	0.0020378457059679	0.0001014919313914	0.0004453427426261
Synergistota	0.0	0.0001048640800193	7.6664134427075e-05	0.0001566506443288	7.79868982011022e-05	0.0	6.94275696879231e-05	0.0	0.0	0.0004434589800443	0.0	0.000185977310768	0.0	0.0	0.0	0.0003779289493575	0.0	8.18761331071993e-05	0.0001192217206078	6.81740711282809e-05	0.0001107730000586	0.0001251295985127	0.0001307901907356	0.0	0.0002327205026762	0.0	9.65064659332175e-05	0.0002338634237605	0.0	8.06321561038542e-05	0.0	0.0002029838627829	0.0
Caldisericota	0.0	0.0	0.0	0.0	0.0	0.0	0.0	0.0	0.0	0.0	0.0	0.0	0.0	0.0	0.0	0.0	0.0	0.0	1.58962294143829e-05	0.0	0.0	0.0	1.08991825613079e-05	0.0	0.0	0.0	0.0	0.0	0.0	0.0	0.0	0.0	0.0
Fusobacteriota	0.0	0.0001371299507945	0.0001045420014914	6.59581660331934e-05	0.0002859519600707	9.09614626603196e-05	0.0002429964939077	0.0001025325540859	0.0	0.0	0.0	9.29886553840431e-05	9.79623824451411e-05	0.0007507507507507	0.0	0.0003779289493575	0.0	5.8482952219428e-05	6.35849176575316e-05	7.95364163163277e-05	3.25802941348955e-05	0.0002681348539558	3.26975476839237e-05	0.0	0.0	0.0	9.65064659332175e-05	0.0	0.0001102414287289	8.06321561038542e-05	0.0005822416302765	0.0001014919313914	0.0
Thermotogota	0.0	0.0001129305477131	0.0001254504017897	6.59581660331934e-05	0.0003119475928044	6.06409751068797e-05	0.0001735689242198	0.0	0.0	0.0	0.0	0.000185977310768	9.79623824451411e-05	0.0	0.0003536067892503	0.0	0.0	3.50897713316568e-05	3.17924588287658e-05	6.81740711282809e-05	2.60642353079164e-05	8.9378284651961e-05	5.44959128065395e-05	0.0	0.0	0.0	0.0	0.0	0.0	0.0	0.0	0.0001014919313914	0.0
Atribacterota	0.0	1.61329353875938e-05	3.48473338304886e-05	0.0	2.59956327337007e-05	0.0	6.94275696879231e-05	0.0	0.0	0.0	0.0	0.0	0.0	0.0	0.0	0.0	0.0	0.0	7.94811470719145e-06	3.40870355641404e-05	0.0	0.0001072539415823	0.0	0.0	0.0	0.0	0.0	0.0	0.0	0.0	0.0	0.0	0.0
Chrysiogenota	0.0	3.22658707751875e-05	1.39389335321955e-05	0.0	1.29978163668504e-05	3.03204875534399e-05	0.0	0.0	0.0	0.0	0.0	0.0	0.0	0.0	0.0	0.0	0.0	2.33931808877712e-05	0.0	2.27246903760936e-05	1.30321176539582e-05	1.78756569303922e-05	1.08991825613079e-05	0.0	0.0	0.0	0.0	0.0001169317118802	0.0	0.0	0.0	0.0	3.42571340481655e-05
Aquificota	0.0	8.06646769379689e-06	6.96946676609773e-06	4.12238537707459e-05	7.79868982011022e-05	9.09614626603196e-05	6.94275696879231e-05	0.0	0.0	0.0	0.0	0.0	0.0	0.0	0.0003536067892503	0.0	0.0	1.16965904438856e-05	3.17924588287658e-05	3.40870355641404e-05	3.90963529618745e-05	8.9378284651961e-05	1.08991825613079e-05	0.0	0.0	0.0	0.0	0.0	0.0	8.06321561038542e-05	0.0	0.0	0.0
Calditrichota	0.0003432415734193	2.41994030813907e-05	0.0	3.29790830165967e-05	1.29978163668504e-05	3.03204875534399e-05	3.47137848439615e-05	0.0	0.0	0.0	0.0	0.0	0.0	0.0	0.0	0.0	0.0	0.0	3.17924588287658e-05	2.27246903760936e-05	3.25802941348955e-05	7.15026277215688e-05	4.35967302452316e-05	0.0	0.0	0.0	0.0	0.0001169317118802	0.0002204828574578	0.0	0.0	0.0	0.0
Deferribacterota	0.0	1.61329353875938e-05	4.18168005965864e-05	8.24477075414918e-06	5.19912654674015e-05	0.0001212819502137	6.94275696879231e-05	0.0	0.0	0.0	0.0	0.0	0.0	0.0	0.0003536067892503	0.0	0.0	1.16965904438856e-05	2.38443441215744e-05	3.40870355641404e-05	1.30321176539582e-05	8.9378284651961e-05	1.08991825613079e-05	0.0	0.0	0.0	9.65064659332175e-05	0.0001169317118802	0.0	0.0	0.0002911208151382	0.0	0.0
Dictyoglomota	0.0	0.0	0.0	1.64895415082984e-05	2.59956327337007e-05	0.0	0.0	0.0	0.0	0.0	0.0	0.0	0.0	0.0	0.0	0.0	0.0	1.16965904438856e-05	0.0	0.0	0.0	0.0	0.0	0.0	0.0	0.0	0.0	0.0	0.0	0.0	0.0	0.0	0.0
Coprothermobacterota	0.0	0.0	0.0	0.0	1.29978163668504e-05	0.0	0.0	0.0	0.0	0.0	0.0	0.0	0.0	0.0	0.0	0.0	0.0	0.0	0.0	0.0	0.0	0.0	0.0	0.0	0.0	0.0	0.0	0.0	0.0	0.0	0.0	0.0	0.0
Nitrososphaerota	6.86483146838745e-05	0.0082519964507542	0.0019793285615717	0.0060928855873162	0.0037823645627534	0.0159182559655559	0.0104488492380324	0.0058443555828975	0.0	0.0	0.0	0.0021387390738329	0.0054858934169279	0.0037537537537537	0.0123762376237624	0.0086923658352229	0.0	0.0074039417509795	0.003155401538755	0.009953414384729	0.0022610724129617	0.0181795430982089	0.0006866485013623	0.0	0.0	0.0	0.0064659332175255	0.0018709073900841	0.0073861757248373	0.0012901144976616	0.0165938864628821	0.0004059677255658	0.0
Candidatus Bathyarchaeota	0.0	8.06646769379689e-06	1.39389335321955e-05	8.24477075414918e-06	0.0	0.0	3.47137848439615e-05	0.0	0.0	0.0	0.0	0.0	0.0	0.0	0.0	0.0	0.0	1.16965904438856e-05	0.0	2.27246903760936e-05	0.0	5.36269707911766e-05	1.08991825613079e-05	0.0	0.0	0.0	0.0	0.0	0.0001102414287289	8.06321561038542e-05	0.0	0.0	0.0
Thermoproteota	0.0	8.87311446317658e-05	2.78778670643909e-05	0.0001401611028205	0.0002339606946033	0.0003335253630878	0.0001735689242198	0.0	0.0	0.0	0.0	9.29886553840431e-05	0.0001959247648902	0.0	0.0	0.0	0.0	0.0001169659044388	4.76886882431487e-05	9.08987615043745e-05	3.90963529618745e-05	0.0001072539415823	3.26975476839237e-05	0.0	0.0	0.0	0.0	0.0	0.0001102414287289	0.0	0.0	0.0	0.0
Candidatus Korarchaeota	0.0	0.0	0.0	0.0	0.0	0.0	0.0	0.0	0.0	0.0	0.0	0.0	0.0	0.0	0.0	0.0	0.0	0.0	0.0	0.0	6.51605882697909e-06	0.0	0.0	0.0	0.0	0.0	0.0	0.0	0.0	0.0	0.0	0.0	0.0
Euryarchaeota	0.0021280977552001	0.0037347745422279	0.0026483973711171	0.0039410004204833	0.0029764999480087	0.004002304357054	0.0047905023084666	0.0018455859735466	0.0071005917159763	0.0031042128603104	0.001418152350081	0.002231727729217	0.0030368338557993	0.006006006006006	0.0024752475247524	0.0060468631897203	0.0010502100420084	0.0027253055734253	0.0031395053093406	0.0031814566526531	0.0037532498843399	0.003056737335097	0.0037602179836512	0.001293661060802	0.0	0.0026289845547157	0.0028951939779965	0.0028063610851262	0.0033072428618674	0.0037090791807772	0.0032023289665211	0.0024358063533949	0.0018841423726491
Candidatus Woesearchaeota	0.0	8.06646769379689e-06	6.96946676609773e-06	0.0	2.59956327337007e-05	0.0	3.47137848439615e-05	0.0	0.0	0.0	0.0	0.0	0.0	0.0	0.0	0.0	0.0	1.16965904438856e-05	2.38443441215744e-05	0.0	0.0	5.36269707911766e-05	0.0	0.0	0.0	0.0	0.0	0.0	0.0	0.0	0.0	0.0	0.0
Nanoarchaeota	0.0	0.0	0.0	0.0	0.0	0.0	0.0	0.0	0.0	0.0	0.0	0.0	0.0	0.0	0.0	0.0	0.0	1.16965904438856e-05	7.94811470719145e-06	0.0	0.0	0.0	0.0	0.0	0.0	0.0	0.0	0.0	0.0	0.0	0.0	0.0	0.0
Candidatus Micrarchaeota	0.0	1.61329353875938e-05	0.0	0.0	6.49890818342518e-05	3.03204875534399e-05	0.0	0.0	0.0	0.0	0.0	0.0	0.0	0.0	0.0	0.0	0.0	1.16965904438856e-05	3.97405735359573e-05	0.0	0.0	0.0	0.0	0.0	0.0	0.0003286230693394	0.0	0.0	0.0	0.0	0.0	0.0	6.85142680963311e-05
Candidatus Diapherotrites	0.0	0.0	6.96946676609773e-06	0.0	0.0001169803473016	3.03204875534399e-05	0.0	0.0	0.0	0.0	0.0	0.0	0.0	0.0	0.0	0.0	0.0	1.16965904438856e-05	0.0	1.13623451880468e-05	0.0	5.36269707911766e-05	0.0	0.0	0.0	0.0	0.0	0.0	0.0	0.0	0.0	0.0	0.0
Candidatus Altiarchaeota	0.0	0.0	0.0	0.0	7.79868982011022e-05	3.03204875534399e-05	0.0	0.0	0.0	0.0	0.0	0.0	0.0	0.0	0.0	0.0	0.0	0.0	0.0	0.0	0.0	1.78756569303922e-05	0.0	0.0	0.0	0.0	0.0	0.0	0.0	0.0	0.0	0.0	0.0
Candidatus Aenigmarchaeota	0.0	0.0	0.0	0.0	0.0	0.0	0.0	0.0	0.0	0.0	0.0	0.0	0.0	0.0	0.0	0.0	0.0	0.0	7.94811470719145e-06	0.0	0.0	0.0	0.0	0.0	0.0	0.0	0.0	0.0	0.0	0.0	0.0	0.0	0.0
Candidatus Nanohaloarchaeota	0.0	0.0	0.0	0.0	1.29978163668504e-05	0.0	0.0	0.0	0.0	0.0	0.0	0.0	0.0	0.0	0.0	0.0	0.0	0.0	0.0	0.0	0.0	0.0	0.0	0.0	0.0	0.0	0.0	0.0	0.0	0.0	0.0	0.0	0.0
Candidatus Thermoplasmatota	0.0	8.06646769379689e-06	0.0	2.47343122624475e-05	9.09847145679526e-05	0.0	0.0	0.0	0.0	0.0	0.0	0.0	0.0	0.0	0.0	0.0	0.0	2.33931808877712e-05	7.94811470719145e-06	0.0	0.0	1.78756569303922e-05	1.08991825613079e-05	0.0	0.0	0.0	0.0	0.0	0.0	0.0	0.0	0.0	0.0
Candidatus Heimdallarchaeota	0.0	8.06646769379689e-06	1.39389335321955e-05	8.24477075414918e-06	6.49890818342518e-05	3.03204875534399e-05	0.0	0.0	0.0	0.0	0.0	0.0	0.0	0.0	0.0	0.0	0.0	1.16965904438856e-05	7.94811470719145e-06	1.13623451880468e-05	0.0	0.0001430052554431	0.0	0.0	0.0	0.0	0.0	0.0	0.0	0.0	0.0	0.0	0.0
Candidatus Lokiarchaeota	0.0	1.61329353875938e-05	0.0	8.24477075414918e-06	0.0	0.0	0.0	0.0	0.0	0.0	0.0	0.0	0.0	0.0	0.0	0.0	0.0	0.0	0.0	0.0	6.51605882697909e-06	0.0	0.0	0.0	0.0	0.0	0.0	0.0	0.0	0.0	0.0	0.0	0.0
Candidatus Odinarchaeota	0.0	8.06646769379689e-06	0.0	0.0	1.29978163668504e-05	0.0	0.0	0.0	0.0	0.0	0.0	0.0	0.0	0.0	0.0	0.0	0.0	0.0	0.0	1.13623451880468e-05	0.0	0.0	0.0	0.0	0.0	0.0	0.0	0.0	0.0	0.0	0.0	0.0	0.0
