#OTU ID	SRR1556897	SRR5435972	SRR5435975	SRR5468912	SRR5468955	SRR5468956	SRR5468957	SRR5487649	SRR5487652	SRR5487656	SRR5487657	SRR6050920	SRR6050958	SRR6050961	SRR6051235	SRR6051236	SRR6051345	SRR6051694	SRR6051698	SRR6240743	SRR6240745	SRR6240752	SRR6240782	SRR6240785
Pseudomonadota	0.629425253177948	0.332051848266702	0.152809022086542	0.573488131967577	0.553484298794528	0.553623141019181	0.602593612329884	0.115471187199174	0.439697306082439	0.383313347480068	0.187475512732331	0.564412388337633	0.626929099774451	0.57422352554214	0.287523635063154	0.214091017898784	0.243460073065575	0.26628524952813	0.245577920205057	0.0718154472834118	0.0926425758270733	0.062654338892064	0.0278793803827763	0.0821131079473713
Actinomycetota	0.0052779953910462	0.0109384930014933	0.0173073290466738	0.212753849302779	0.230314165261323	0.221767594254231	0.194356423883524	0.0416470666160542	0.0031712622070345	0.0116247142483086	0.0019842112691689	0.0064556243550244	0.0050726809827672	0.0061950118861195	0.0212160457185084	0.0215150112477761	0.0184818447827963	0.0147817612881795	0.0084325154097008	0.0155800117316444	0.0220060127668605	0.0307594252845152	0.0026250459864788	0.0289810777541563
Chloroflexota	0.0048662774407154	0.0163855727811403	0.0596044601679284	0.0088715523850266	0.0086332898938432	0.0099262375278815	0.0084729551480641	0.0616625253019286	0.0029327402016896	0.0174092766852613	0.0003383541283499	0.0251198085145586	0.0164171284372558	0.0243731675437723	0.0489895821867468	0.0582851283863039	0.0425152995858318	0.0403411250295827	0.0378118311905812	0.0910314440316971	0.0638511732621607	0.0281579917746457	0.0013068289859044	0.0014126687133572
Bacillota	0.000737661327676	0.0024544537589643	0.0017650740140879	0.0119323858184029	0.010450355649798	0.0115625944722099	0.0107057729798857	0.0014135825831618	0.0013621317391781	0.0010760125628634	0.0012807738746376	0.0012038419750863	0.0013823214789676	0.0012650380806135	0.0016536457728976	0.0015205599691781	0.001741132335458	0.0011910165479489	0.0011433074571874	0.001409899914309	0.0024582856964022	0.0051533312785921	0.0052705407513433	0.0074268569135064
Cyanobacteriota	0.0029048988717784	0.0004877053396314	0.0003691172235333	0.0040505774414981	0.0037518168893161	0.0041257778435286	0.0038678241859127	0.0014459021695635	0.0002900490262841	0.0003020970410764	0.0002038217669491	0.0009821806375901	0.0016681768970632	0.0013948256710844	0.0009459075552816	0.0006766302936349	0.0012449080512244	0.0005902185196359	0.0027555004933193	0.0003335287073529	0.0005356526365513	0.0019006692369427	0.0011351709555109	0.000874517558983
Candidatus Melainabacteria	5.71830486570561e-06	2.46588376730826e-05	1.16500684637801e-05	3.09345090797593e-05	2.22314206195368e-05	2.73366394586702e-05	2.42911147210407e-05	9.17590781121752e-06	1.76919156053719e-05	8.16874755736121e-06	7.49641079105915e-06	6.5899316552946e-06	6.84937706632977e-06	6.81329003332388e-06	8.83800995527871e-06	7.83050598828002e-06	9.49019980007835e-06	6.60929918440785e-06	6.13756539295685e-06	7.25639533110781e-06	2.17605827337356e-05	7.2336306318531e-05	5.59781429555169e-05	0.0001081115063028
Candidatus Margulisbacteria	0.0	5.64629920376563e-06	3.34306312438906e-06	1.01779343345322e-05	8.91021223243338e-06	9.02287772982252e-06	9.10916802039025e-06	2.17502999969601e-06	2.96990962273493e-06	1.80131356393093e-06	2.17637732643653e-06	1.77853269105962e-06	2.00026055919365e-06	2.04771011930499e-06	2.22453311799532e-06	1.97627055894686e-06	2.14005686164695e-06	1.90986754015288e-06	1.54271535193671e-06	1.64596284339763e-06	5.45237072991352e-06	6.07846925479985e-06	1.16672847845201e-05	7.34446356288801e-06
Deinococcota	2.85915243285281e-05	2.67074949063073e-05	5.06524715816524e-05	0.0026481061749287	0.0023948180322934	0.0028303248736261	0.0024857312027406	5.37980076487309e-05	2.36317348508418e-05	4.12835934245101e-05	1.18008015033447e-05	4.79080542781218e-05	4.0894215876848e-05	4.66877907201538e-05	0.0001152308155121	8.60609896235728e-05	6.38991847223694e-05	4.12299889577246e-05	3.63370508074877e-05	5.51486045164194e-05	4.75309807127887e-05	0.0001834133959373	3.49087643153861e-05	0.0001275129219945
Armatimonadota	0.0039113205281426	0.0052015282233451	0.0671344059407853	0.0008329877911269	0.0008122408319209	0.0009108639735967	0.0008051790085474	0.0327522134626099	0.0006625813707408	0.0174133401135334	0.0002063044492326	0.008692456838475	0.0059649588293844	0.007764451383741	0.031268205849589	0.0365558347206898	0.0243105193374586	0.0273696172206436	0.0228961932477613	0.0152639691671869	0.0492158610687038	0.0038609377388195	0.0003781627650769	0.0006308969399806
Mycoplasmatota	4.00281340599393e-05	0.0002143220253075	0.0001012542906917	0.0002204684831047	0.0001491798899509	0.000169379962136	0.000162893357541	8.12917462386382e-05	0.0001093036062993	6.72769670621646e-05	9.39872578749997e-05	9.10234309887567e-05	0.0001108831307965	0.0001017525773829	0.0001055029923096	9.24869762837962e-05	0.0001135798764739	7.72049484413316e-05	6.11647791692318e-05	5.59981337259149e-05	0.0001950872917218	0.0004067025590607	0.0006220896951065	0.0002960345210843
Thermomicrobiota	0.0	2.17357535720181e-06	4.58404867813954e-06	0.0002811353830357	0.000283450612899	0.0003145500246208	0.0002438042028986	4.35005999939201e-06	2.09533500990501e-06	3.07898946392845e-06	5.64245973520581e-07	2.93925928943538e-06	2.22251173243739e-06	3.07156517895749e-06	4.70158080614146e-06	4.5740098471223e-06	3.96638811006817e-06	2.96318842593417e-06	2.68587852639341e-06	5.92900594127102e-06	4.84111840593218e-06	1.96730540196842e-06	1.33429054716587e-06	7.51992856268397e-08
Candidatus Kaiserbacteria	0.0110306100859461	0.0015829499752256	0.0047625479879932	0.0007674322770667	0.0002207262475796	0.000675911810929	0.0007819595606523	0.0019316135563706	0.0119064041181532	0.0071177648748337	0.0124296294588631	0.0044825763517531	0.0040647112981505	0.004024122695365	0.0042562773739321	0.0038470405864198	0.0036175252281611	0.0032977856440141	0.0006758203108642	0.0013740604007834	0.0031051618058251	0.0042731638861242	0.0021902224181664	0.0302755081240796
Candidatus Nomurabacteria	0.004563207282833	0.001817433785743	0.0008525950647802	0.0004895826838555	0.0001479448110276	0.0005218082061375	0.0007999992855554	0.0006302319348337	0.0024470962073069	0.0011129185454175	0.0043620082868387	0.0004157460575827	0.0003955464744175	0.0003941841979662	0.0008349093649453	0.0007416483520867	0.0006202467418334	0.0005439881502094	0.0002230943977646	0.0003472981599568	0.0015073482309379	0.003264037102371	0.0036100627104145	0.0062204097077665
Candidatus Yanofskybacteria	0.0002058589751654	0.0007404271962495	0.0002407511974275	0.0003163173765228	8.55733254005979e-05	0.0003157113851207	0.0006112073130544	0.0001854043150522	0.0005261295108349	0.000217372467052	0.0003007592251999	6.67792222001019e-05	5.05116302826679e-05	6.07052972641234e-05	0.0001278084460063	0.0001248157795782	0.0001049524221101	0.0001048227905674	8.60258035457659e-05	8.08114660532641e-05	0.0006409102867409	0.001161239846308	0.002114043736927	0.0089476371331666
Candidatus Azambacteria	0.0001486759265083	0.0006216675357845	0.0001713953007144	4.95272710137078e-05	2.91125746208219e-05	4.21663196878835e-05	4.48313955513324e-05	0.0001555826146657	0.0002642490752056	0.0001054606255161	0.0002373702204033	2.85688514374419e-05	2.64882989202311e-05	2.80350130879392e-05	9.23722346618381e-05	8.79999720587659e-05	7.33109531191413e-05	8.22284788196732e-05	9.75462246631062e-05	5.11310392965134e-05	0.0007519381588688	0.0012342319210939	0.0031755184122165	0.0014452049376051
Candidatus Falkowbacteria	0.0087261332250667	0.0269843009772282	0.0101168181490034	0.0001336755470078	9.00725414783612e-05	0.0001272136424481	0.0001286000191113	0.0067423211203076	0.0060370792305383	0.0036337102595929	0.0119634171929134	0.0040569641180842	0.0029886519359127	0.0034992573606941	0.005135064151567	0.0052568548280494	0.0045836992765207	0.0039423948762027	0.002543815529956	0.0035709606350641	0.0171526693144487	0.0346966591623214	0.022493376954084	0.0127687885665803
Candidatus Magasanikbacteria	0.005243685561852	0.0014021434825811	0.0005325600862094	0.0002604589495057	0.0001462686324888	0.0002465657676664	0.0002309442009875	0.0007529172207541	0.0115809348200494	0.0068696862951686	0.0168839000230293	0.0023866223788312	0.0018643236597769	0.0020806782522258	0.0023198633804789	0.0019199903508279	0.0015809193874753	0.0010855802847776	0.000363392705418	0.0002662389145508	0.0010787870015481	0.0012046718963361	0.0026975010661912	0.0199562861539365
Candidatus Nealsonbacteria	0.0146617336756692	0.114479578291404	0.028397991614306	6.77193268714937e-05	2.97301140824757e-05	5.35119184174623e-05	6.25138981791488e-05	0.022699479690343	0.0277155063445378	0.0122664845692254	0.0290128508632601	0.0031056550637315	0.0027793923539777	0.0029215797204916	0.0110643347242718	0.0108608745176206	0.0096094491465626	0.0101244046045818	0.0101797459831494	0.0085154861122062	0.0772278924704472	0.169309606957603	0.258933850963594	0.0875756843210191
Candidatus Uhrbacteria	0.0032079690296608	0.0010796173782846	0.0005293943067356	0.0003033344996551	0.0002096105372699	0.0002990949964301	0.0002920292100654	0.0008810060968299	0.0116228779608564	0.0068808711956702	0.0050953023540261	0.0030851738556892	0.0020926968426109	0.0027713336443743	0.0028079860690838	0.002381194724163	0.0017792163840064	0.0014169480904716	0.0002687765300564	0.0002276738281448	0.000846071016762	0.0025196894482313	0.0017679970350202	0.0280869081151961
Candidatus Giovannonibacteria	0.0001258027070455	0.0004771872335925	0.0001613534482233	8.57511002988145e-05	3.24649316983711e-05	6.96816299926888e-05	8.94841799650101e-05	0.000139133950293	0.0001939551406994	9.53858368621101e-05	0.0002116567253243	3.39980564943608e-05	3.00241130400178e-05	3.28005930019581e-05	9.08691717442737e-05	9.17660725578911e-05	7.65714585994516e-05	7.72859731248533e-05	6.7324541905382e-05	7.46700778096192e-05	0.0004429867842357	0.000985594784522	0.001514668011135	0.0007535219084094
Candidatus Moranbacteria	0.0024417161776563	0.0218115663814599	0.0158454733905915	0.000161644831124	0.0001106277835591	0.0001628584762521	0.0001684303028083	0.0063868226623104	0.0045978027223867	0.0112487424056044	0.0007288445846532	0.0134862951325604	0.0079499446715806	0.0115852178487126	0.0114467019059968	0.0118959058274017	0.0097825136402014	0.0103992287561324	0.0019405139393044	0.0044939210256054	0.0160518527791443	0.0233869987343669	0.0204655035624937	0.0132246717024787
Candidatus Zambryskibacteria	8.57745729855842e-05	0.0002547580220389	9.68601887820148e-05	0.0003274570054401	4.87856174706501e-05	0.0002386149150134	0.0003391825504062	7.35262094428486e-05	0.0042020212694723	0.001212493483591	0.0003633905282607	0.0002331001109092	0.0001943485486755	0.0001982741861883	0.0001081483830445	8.59988427506499e-05	7.60784612072397e-05	6.26436553170145e-05	3.19641741984009e-05	3.3574102300272e-05	0.0002298553239099	0.0004893798296717	0.0007322152102668	0.0506892064660557
Candidatus Staskawiczbacteria	0.0001429576216426	0.0011665603925726	0.0003332299474177	0.0003354711269634	2.54073378508992e-05	0.0001146173477956	0.0001584280790997	0.0002453026021532	0.0004089365127157	0.0001769476393963	0.000360198508182	4.7383855169178e-05	4.00254158359861e-05	4.50682381712489e-05	0.0001303095427011	0.0001306327268838	0.000112089679811	0.0001221852227506	0.000113783581209	9.82445133731207e-05	0.0009166339850424	0.0017820003662214	0.003260819917197	0.0010303806116589
Candidatus Wolfebacteria	0.0050263899769552	0.0289579323851923	0.0110747830177914	7.01235633284698e-05	3.38764504678655e-05	5.96760626091232e-05	7.2873344163122e-05	0.008447578624913	0.0107065424102639	0.0045726135365321	0.0073870599213908	0.0008861773150663	0.0009566902775537	0.0009443294448373	0.0031847257832454	0.0033314328405281	0.0027652335774025	0.0033499771151568	0.0033996562941182	0.0025130489898894	0.0363253319589121	0.0725777804456905	0.155548085597159	0.079574229666038
Candidatus Harrisonbacteria	0.0001143660973141	0.0003254741720223	9.36057674828937e-05	4.91265649375451e-05	1.94966030036414e-05	3.99329341111947e-05	6.26925093168035e-05	7.86239360046361e-05	0.0010210111995656	0.0003293052540944	0.0002222645496265	0.0001496026814132	0.000113125847181	0.0001296945127381	9.08451227375927e-05	7.10711638745796e-05	5.83753730323592e-05	5.05015277435577e-05	3.73470299227844e-05	2.86362137700791e-05	0.0002936945166265	0.0007479543807099	0.0010874778259529	0.0114331991209905
Candidatus Taylorbacteria	0.0001143660973141	0.0003371040493646	0.0001186914040337	0.0001654916094551	5.43434726255343e-05	0.0001577663571372	0.000162893357541	9.10284039716524e-05	0.0004450309357993	0.0001424294445898	0.0002323081279551	0.0001480675268799	0.0001905500740783	0.000163909887277	0.0001357686672177	0.000102293752831	0.0001148011654682	9.73337948190641e-05	4.52381854280147e-05	4.27596368779426e-05	0.00027298528789	0.0005769501419234	0.0008172374451327	0.0029248010151703
Candidatus Buchananbacteria	0.0001486759265083	0.0005614944754647	0.0001618346467033	7.78972612060259e-05	5.36377132407871e-05	8.29926080297537e-05	8.48402903859876e-05	0.0001268144444354	0.000293110037429	0.0001222379762686	0.0002554099702424	0.0005542656721211	0.0004456136023536	0.0004558388881038	0.0003017068133168	0.0002327773272198	0.0002402577972999	0.0001545487963401	6.43389992458786e-05	5.94316476142928e-05	0.0003894655307479	0.0007470968373295	0.0010156743765077	0.0037401868692221
Candidatus Portnoybacteria	0.0052894320007776	0.0151605132311091	0.0044703212163208	4.4478374454058e-05	2.30253999273774e-05	4.07369529188027e-05	4.28666730371306e-05	0.0034870488773251	0.0041863153670503	0.0021010856537795	0.0070071611680762	0.0005642254551911	0.0004921045068658	0.0005379148327948	0.0021631600529453	0.0021547190898575	0.0017874740903259	0.0019158054919595	0.0015923819073318	0.0012488964305844	0.0120249713689411	0.0193828260291656	0.0383092503198574	0.0110034602700617
Candidatus Adlerbacteria	0.0	2.72571346518067e-05	1.20806144722241e-05	0.000127184108574	2.92890144670087e-05	8.37966268373616e-05	0.000109131405107	9.94056679548565e-06	2.36499551552757e-05	1.07659903704709e-05	1.7491625179138e-05	4.58674220325903e-06	4.10154437895264e-06	4.37465343669702e-06	8.54942187510634e-06	7.58191849658859e-06	6.57703339155371e-06	5.42865379594971e-06	3.87343638723678e-06	5.4688442861276e-06	2.60393490016049e-05	2.50705329430334e-05	7.5092630793986e-05	0.0001631072505246
Candidatus Sungbacteria	4.57464389256449e-05	0.0002172825848457	7.24836868333446e-05	8.02213564477695e-05	4.94913768553973e-05	8.13845704145378e-05	8.19825121835122e-05	5.46306363204895e-05	8.37222988740307e-05	4.0278209109758e-05	9.77435239272938e-05	1.30862563268492e-05	1.27087261791193e-05	1.33287313220216e-05	3.96928855270408e-05	3.7387558750391e-05	3.06442697204419e-05	3.19584501718916e-05	2.36845651872874e-05	2.27603034044016e-05	0.0001777766259067	0.000396891253915	0.0005319785381537	0.0004175565666572
Candidatus Jorgensenbacteria	0.0015839704478004	0.0078171513458647	0.0019972522807003	5.44158851428926e-05	3.39646703909589e-05	4.77944513411391e-05	5.23330633328302e-05	0.0014238969832384	0.0026797512746241	0.0009307554748883	0.0025499404035342	0.000186240454849	0.0001929342230276	0.0001897854969664	0.0005708031735742	0.0005300258204098	0.0004823755393069	0.0005863061849173	0.0006255211311881	0.0004857714211046	0.0075777195104895	0.0151568270289602	0.030358771489525	0.0160673550977445
Candidatus Liptonbacteria	6.86196583884673e-05	0.0001415447262784	4.76513126404395e-05	6.48342431231224e-05	3.63466083144807e-05	6.4678846300906e-05	7.35877887137408e-05	3.7434305385393e-05	0.0004866096705176	0.0001616993106226	0.0001891836142646	7.14034071968569e-05	5.5057677008108e-05	5.51764799419999e-05	5.10199676738062e-05	4.50813416182407e-05	3.4733907178563e-05	3.01064574056827e-05	1.74138157351705e-05	1.61233564552176e-05	0.0001375562229887	0.0003463214163388	0.0005521480464248	0.0020229861155047
Candidatus Tagabacteria	0.000503210828182	0.0031503101685788	0.0009536847349393	1.27424532219734e-05	5.46963523179079e-06	1.1702940421849e-05	1.39316687370674e-05	0.0007783888611412	0.0010473759800815	0.000384873682991	0.0012188357880585	0.0001241415818359	0.0001206621824192	0.000132040071602	0.000463833191857	0.0004875422180798	0.0004036640238458	0.0004585534089133	0.0004274986325604	0.0003662355819185	0.002926456076386	0.0066054044401578	0.0118014275295294	0.0055555226906825
Candidatus Ryanbacteria	8.57745729855842e-05	0.0001600076250022	6.41007027865811e-05	4.50393629606858e-05	1.88790635419876e-05	4.17196425725457e-05	5.34047301587585e-05	4.57945769467245e-05	0.000182895415908	5.97575302080808e-05	9.65183040990777e-05	2.52551642130466e-05	2.24473684976176e-05	2.25992734985114e-05	3.82138716161575e-05	3.63186325361178e-05	2.99271826044974e-05	2.85669884187716e-05	2.17090016430806e-05	2.09904508846192e-05	0.0001475318609161	0.0001841196081329	0.0005008554353907	0.0024106885657681
Candidatus Wildermuthbacteria	4.00281340599393e-05	0.0003323946360907	0.0001019760884117	3.02132381426664e-05	1.71146650801196e-05	2.78726519970755e-05	2.91136154377179e-05	8.0034307020064e-05	0.000109504029648	5.08347444146555e-05	0.0001186528675746	1.50707243821368e-05	1.49110332594436e-05	1.45573573936046e-05	4.80138418386774e-05	4.59513978391607e-05	3.90140209018569e-05	4.02808426650426e-05	3.25524037930243e-05	3.13794851757418e-05	0.0002560169233763	0.0007876031511188	0.0008162134547128	0.0003987567452505
Candidatus Komeilibacteria	0.0007433796325417	0.0004651201428163	0.0001662034223772	4.7764164278592e-05	2.84068152360747e-05	4.46677115337749e-05	3.67938943568704e-05	0.0001955827757539	0.0019035480854331	0.001117673175406	0.0017977199142636	0.0004864942158934	0.0003172332428272	0.0004166717781854	0.0008759850683565	0.0008193195138657	0.0005712159102807	0.0003360788122929	8.22522552028991e-05	7.47231733852127e-05	0.0003628882797012	0.0007190753462835	0.0011210212697084	0.0103280202865614
Candidatus Kuenenbacteria	0.0024531527873877	0.0127093947860549	0.0030705021748081	2.10771396061572e-05	1.53502666182516e-05	2.17978432284821e-05	2.17905587938747e-05	0.0028026111167176	0.0028842559715909	0.0014239802633005	0.0040834158677413	0.0005312570755178	0.0004305207272252	0.0004871502373826	0.0019077115039794	0.002095642272457	0.0016183199623663	0.0014710378541996	0.0009274049986174	0.0011478732487552	0.0076780626919943	0.0152041936897923	0.0199168619075067	0.0042754303178854
Candidatus Lloydbacteria	1.14366097314112e-05	5.16536442645374e-05	2.11347437674445e-05	7.61341544709101e-05	3.66994880068543e-05	6.18201127627444e-05	7.94819562563463e-05	1.73832475756954e-05	0.0001208917199193	3.5921543745832e-05	3.45963388335762e-05	2.17168202276754e-05	1.4749396042539e-05	1.86900087252928e-05	2.14998119728413e-05	1.97627055894686e-05	1.60112107606989e-05	1.40056952944545e-05	1.0232975212127e-05	1.19465045085312e-05	5.05627922397361e-05	6.89313546612779e-05	0.0001652968777849	0.0044557582048185
Candidatus Kerfeldbacteria	0.0002058589751654	0.0031468999037943	0.0012575235857218	3.97500427553383e-05	2.205498077335e-05	3.64488526115603e-05	3.46505607050139e-05	0.0009616181461937	0.0017190492827349	0.0015763588235051	0.0012330225439642	0.0006101677628106	0.0003451156627433	0.000526112576289	0.0015976115873308	0.0013530990054002	0.0010498043332566	0.0009973675543322	0.0004458225393665	0.0003268386648282	0.0019670344286649	0.0027724629705201	0.0025520633965501	0.0032636991290619
Candidatus Terrybacteria	3.43098291942337e-05	9.18273129355778e-05	3.25188867554209e-05	2.94118259903411e-05	1.2791888848543e-05	2.84979999585484e-05	2.55413926846236e-05	2.60663751526068e-05	9.46909221432726e-05	3.02034204556791e-05	5.36033674844552e-05	1.61004012032766e-05	1.46079634777476e-05	1.45201263005263e-05	2.03454596521518e-05	1.80598812713823e-05	1.60112107606989e-05	1.53368150951671e-05	1.1764591892467e-05	1.15040413785856e-05	8.1712210669825e-05	0.0001129939512925	0.0002818456055792	0.0003801323888436
Candidatus Yonathbacteria	0.004854840830984	0.0010358085922058	0.0007903558403243	5.51371560799854e-05	1.9849482696015e-05	4.35063510338967e-05	5.60838972235792e-05	0.0006805295035767	0.0018725189069821	0.0012151326174173	0.0084673652622933	0.0004221300538738	0.0004871745717502	0.0004069916939851	0.0005684583954228	0.0005111331710413	0.0004268349012797	0.0004184577655248	0.0001383449414524	0.0002258862770998	0.0008318899628456	0.0016258265835421	0.0004684290720933	0.0022047678552933
Candidatus Niyogibacteria	0.0004117179503308	0.0001414947590288	4.74866921077991e-05	1.70700788445304e-05	7.49869346293899e-06	1.43830031138755e-05	1.89327805913993e-05	3.98472292913057e-05	0.0002429859799312	6.87640980277355e-05	0.0001589077874569	2.96921352423217e-05	2.48315174469596e-05	2.52426811070688e-05	7.86643008536508e-05	5.52361406538356e-05	4.77311111550576e-05	3.3000196102884e-05	1.75691971375239e-05	1.73976502694609e-05	0.0001262113798556	0.0001583176411302	0.0004484457438986	0.0037194819992462
Candidatus Campbellbacteria	0.0001143660973141	0.0001738985203885	8.0588082286409e-05	3.84677833116177e-05	1.26154490023562e-05	2.92126833430888e-05	3.75083389074893e-05	6.39764683504333e-05	0.0011114385704713	0.0003514656000321	0.000279221150325	0.0001463638797758	0.0001168030938656	0.0001323193048001	8.56505372944901e-05	7.83174892573848e-05	6.39664116394892e-05	4.83601611076287e-05	3.17422007664676e-05	3.78394468729476e-05	0.000165013677382	0.0002611724030433	0.0004751315548419	0.0106884755289994
Candidatus Colwellbacteria	0.0006633233644218	0.001116817995605	0.0003183507838906	2.23593990498778e-05	1.03217310019278e-05	1.94751222287258e-05	2.26836144821483e-05	0.0005147854206311	0.0008168526883831	0.0002876236960453	0.0004215562274739	6.5992923536686e-05	7.16052870887101e-05	6.92870642186652e-05	0.0002644068039545	0.0002736948283522	0.0002143642297226	0.0002587581143037	0.0002601306648826	0.0001718349811456	0.0018535859973339	0.0040606696808475	0.0093401269201992	0.0087696905569449
Candidatus Vogelbacteria	4.57464389256449e-05	9.39759046679842e-05	4.68155468593423e-05	4.64017636196389e-05	1.94966030036414e-05	4.04689466496e-05	4.89394517173907e-05	4.92100537431221e-05	0.0011760477699941	0.0004363996291221	0.0002618746169676	7.25641337952326e-05	6.21293052476816e-05	6.48751796888899e-05	0.0001028816505814	8.20338722581716e-05	6.4705907727807e-05	5.60922309065507e-05	1.39288328538171e-05	1.55216065984916e-05	0.0001239619713034	0.0004374984551608	0.0004827028779467	0.0025035596835172
Candidatus Spechtbacteria	3.43098291942337e-05	7.69120889327102e-05	2.43765019486702e-05	1.48261248180193e-05	6.52827430891159e-06	1.08989216142411e-05	1.25027796358298e-05	1.9983088122207e-05	3.28329885899899e-05	1.5562511372101e-05	3.21942631177315e-05	7.0766879707425e-06	5.1723909409452e-06	6.72021230062819e-06	1.46217960620665e-05	1.39581876584737e-05	1.24593886395362e-05	1.15865297435941e-05	9.25629211162027e-06	7.94663781382295e-06	7.67243917061373e-05	0.0001652788756294	0.0002854450870553	0.0001495964455403
Candidatus Brennerbacteria	0.0003602532065394	0.0012709169933431	0.0004214032373235	2.96522496360387e-06	1.0586390771208e-06	1.87604388441854e-06	4.10805616605835e-06	0.0004445727334534	0.0004599169245219	0.0001860589347488	0.0004994544144468	5.44043789496765e-05	5.0531834934781e-05	5.32218475553906e-05	0.0002107775190558	0.0002061660362342	0.0001729748577492	0.0002032793560009	0.0002396425171152	0.0001519418388233	0.0014804286785898	0.0040217019007701	0.0071262906623492	0.0030296789521912
Candidatus Andersenbacteria	5.71830486570561e-06	1.87127349717719e-05	5.52111940240011e-06	3.95897603248733e-05	1.15568099252354e-05	2.47459121897113e-05	2.30408367574577e-05	3.99321914006688e-06	7.71265486689384e-05	4.81746650818738e-05	1.50250642091766e-05	1.46588536536809e-05	6.38467006772923e-06	1.14299455750297e-05	8.52537286842531e-06	6.72429165025316e-06	5.47899374526365e-06	4.09753399523709e-06	1.84237948504672e-06	1.80524957017804e-06	1.22983967585045e-05	1.83362952209107e-05	3.92839961095811e-05	0.0046163838789175
Candidatus Jacksonbacteria	5.71830486570561e-06	3.88245529320876e-05	1.21565931795966e-05	2.32409524174357e-06	1.5879586156812e-06	1.78670846135099e-06	2.50055592716595e-06	9.19290023309015e-06	1.73457298211267e-05	8.1059110376892e-06	1.8394418736771e-05	3.80044353984319e-06	3.37417690288222e-06	3.16464291165317e-06	8.23678478825295e-06	8.10395222914059e-06	5.91596870654235e-06	6.74819864187352e-06	4.58375136942347e-06	3.75208734193867e-06	3.06359664779446e-05	2.44147644757106e-05	9.54483191414467e-05	8.34712070457921e-05
Candidatus Parcubacteria	0.0	1.48777485656745e-05	5.81237111399462e-06	8.49496881464892e-06	1.6761785387746e-06	7.59351096074173e-06	8.39472346977141e-06	4.36705242126464e-06	1.12601481401852e-05	6.70256209834766e-06	6.43240409813463e-06	3.23880163740331e-06	3.23274433809075e-06	2.7737164343313e-06	3.90796358566746e-06	2.97062052571258e-06	3.02521127039097e-06	2.89373869720134e-06	1.58711003832338e-06	1.6990584189911e-06	1.38387526149374e-05	1.26109320639001e-07	5.12615810213491e-05	2.73725399681696e-05
Candidatus Veblenbacteria	0.0	1.59895198690708e-05	4.76133232867533e-06	8.01412152325369e-07	3.52879692373599e-07	1.78670846135099e-07	8.93055688273554e-07	3.60239343699651e-06	4.33643245528168e-06	2.0107686295043e-06	5.15882032933103e-06	7.67577266667837e-07	3.63683738035209e-07	6.14313035791497e-07	2.17643510463326e-06	2.13785242854629e-06	1.49019666282222e-06	1.71309330874319e-06	1.90897151462672e-06	1.45127906622156e-06	1.30318995472821e-05	3.81102366971061e-05	3.40088939463672e-05	0.0
Candidatus Woesebacteria	0.0009263653882443	0.0038987820920125	0.0012749860252996	0.0001703000823691	7.61337936296041e-05	0.0001796535357888	0.0001544986340713	0.0013205150885654	0.0024472784103513	0.0009291217253768	0.001928157462028	0.0003461586258704	0.0002556090538824	0.0003162036735137	0.0014740958890171	0.0012307193832405	0.0012307343761983	0.0015371539959533	0.0016272539334885	0.0003491388065774	0.0061173399081263	0.0104119638399178	0.03137475616616	0.0174175332047459
Candidatus Gottesmanbacteria	0.001669745020786	0.0052075492769208	0.0018366839457865	0.000121333799862	7.11934779363737e-05	0.0001323950969861	0.000104487515528	0.0014819430963553	0.0013929604942804	0.0008188436333525	0.0017953339598613	0.0003965379045193	0.0002956344697183	0.0003787519098852	0.0017888132149484	0.0017251723335893	0.0013562134170024	0.0016729745154451	0.0014181771579505	0.0004489938857435	0.0034353114110539	0.0049682280177582	0.0086523156581416	0.0033142330490031
Candidatus Roizmanbacteria	0.0172120976457739	0.0372926694859438	0.0160182742973923	0.0001793560396904	8.96314418628942e-05	0.0001631264825213	0.0001318150195891	0.0118568871721709	0.0259285499871775	0.0138504466116108	0.0487036005422243	0.0049331254858904	0.0031589165392696	0.0044635240558748	0.0171129845661411	0.0144249976797465	0.0120585481462094	0.0120088072441993	0.0084442245082353	0.0041297738696602	0.0287954857304367	0.0525101303617269	0.0797168474102848	0.0789720087203097
Candidatus Levybacteria	0.0076796834346426	0.0005585464077388	0.0001835645570119	0.0001666937276836	7.20756771673077e-05	0.0001917138179029	0.0001068094603175	0.0001732377409914	0.0042410856021787	0.0013548810371678	0.0031694986037733	0.0005480501684008	0.0002792687015068	0.0004025611939088	0.0018599141032008	0.0012818041127831	0.0010668127432879	0.0008642902991253	0.000116480558407	6.15731691632295e-05	0.0004574123390817	0.0007240188316526	0.0018443618963359	0.0191563412198668
Candidatus Daviesbacteria	4.57464389256449e-05	0.0001873646941532	6.56835925235078e-05	9.3284374530673e-05	5.36377132407871e-05	0.0001359685139088	0.0001068094603175	5.13171140553276e-05	9.88815921630827e-05	4.88449212917086e-05	9.52769629573324e-05	2.10990141349915e-05	1.63253589073583e-05	1.91740129353104e-05	5.19338299276854e-05	4.58146747187304e-05	4.0571444481799e-05	3.88223983616531e-05	2.93337890299909e-05	1.98577452719585e-05	0.0001611261126014	0.0002876553603775	0.0005521170164121	0.000513134858689
Candidatus Curtissbacteria	6.29013535227617e-05	0.0001135255910704	3.96102327768522e-05	5.01684007355681e-05	2.90243546977285e-05	6.32494795318252e-05	4.94752851303549e-05	3.15379349955921e-05	7.27901162136568e-05	3.03290934950231e-05	7.03695335547811e-05	1.4134654544737e-05	1.06478516635864e-05	1.36265800666478e-05	3.8670802743097e-05	3.24158089165624e-05	3.07002921513751e-05	2.79419408601761e-05	2.16535082850973e-05	1.33800850495549e-05	0.0001050620494459	0.000272169135803	0.0003790005754205	0.0003642402731478
Candidatus Shapirobacteria	0.0039284754427397	0.0155439119372196	0.0064324586710972	4.25549852884771e-05	2.67306366973002e-05	3.84142319190464e-05	3.82227834581081e-05	0.0058984604576912	0.0065804815899766	0.0034365292608621	0.0093195217741312	0.001393751823698	0.0009754199900625	0.0012868368856108	0.0060508743749873	0.0053514920861364	0.005166354967198	0.0056800502390077	0.0051590510116367	0.0017168631353401	0.0161507534051644	0.0287867980692159	0.0701734118467127	0.0487288613554782
Candidatus Beckwithbacteria	0.0030993212372124	0.0061308191312356	0.0023184902554711	3.50217110566186e-05	2.52308980047124e-05	3.58235046500874e-05	3.32216716037762e-05	0.002127672119937	0.00310767334456	0.0015212930867659	0.0051458587932535	0.0006787442390985	0.0004626663287371	0.0006070157415481	0.0031325153897409	0.0026535471800601	0.0025770990498427	0.0023908069116277	0.0013337051684282	0.0006927202762428	0.0046647354353241	0.0104061880330326	0.013583698370403	0.0189666134222303
Candidatus Amesbacteria	2.28732194628224e-05	9.24643953678611e-05	2.90112030983914e-05	2.98926732817363e-05	2.02023623883886e-05	3.28754356888583e-05	3.19713936401932e-05	2.53357010120839e-05	3.8645265704422e-05	1.89975744475041e-05	4.20282643705187e-05	7.37623031871044e-06	6.44528402406843e-06	7.33452533641969e-06	2.31712179371729e-05	2.08067730545726e-05	1.96526687713547e-05	1.93764743164601e-05	1.70031648860938e-05	1.07961003706726e-05	7.80935969118555e-05	0.0001610668243201	0.0002766635934542	0.0002488845689962
Candidatus Chisholmbacteria	1.14366097314112e-05	2.98929070677238e-05	9.91522131210846e-06	1.64289491226701e-05	1.12039302328618e-05	1.48296802292133e-05	1.32172241864486e-05	8.56418062380302e-06	1.21165024485812e-05	6.99579919015037e-06	1.60084643344553e-05	2.60227414797145e-06	1.69719077749764e-06	1.99186347968758e-06	8.62156889514943e-06	8.12881097830974e-06	7.21568910419181e-06	6.87552314455037e-06	5.53823712673683e-06	2.83176403165183e-06	2.53058462128273e-05	2.0707150448924e-05	8.35948542805779e-05	5.39178877944441e-05
Candidatus Collierbacteria	0.0032079690296608	0.00249558929719	0.0017829163472025	3.790679480499e-05	2.52308980047124e-05	4.00222695342623e-05	3.16141713648838e-05	0.0014895387089324	0.0048739314360834	0.0028151389178256	0.0086353654705807	0.0017769975365262	0.0010204763642746	0.0016860472811426	0.0039038031075116	0.0032450238284161	0.0024806732417206	0.00214816113439	0.0008866617751861	0.0006058559145719	0.0025906584996836	0.0043600532080445	0.0027095096811157	0.0148601558991483
Candidatus Woykebacteria	1.71549145971168e-05	0.0001269792730227	3.44816700292099e-05	2.68473071028999e-05	1.65853455415592e-05	2.5192589305049e-05	2.35766701704218e-05	2.88361399178447e-05	3.77342504827242e-05	1.84320457704561e-05	4.44464613998926e-05	6.6086530520426e-06	5.87955376490255e-06	6.44097910254115e-06	2.10549053492422e-05	1.92779599806703e-05	1.73781580754682e-05	1.62628114782715e-05	1.40842142561704e-05	1.27429381424332e-05	8.50374233122834e-05	0.0001624792487112	0.0002409170187952	1.29593435563587e-05
Candidatus Pacebacteria	0.0039913767962625	0.0007985515993361	0.0003871368402985	5.91442168416123e-05	3.36117906985853e-05	5.18145453791788e-05	4.64388957902248e-05	0.0004950742112589	0.0109145454056819	0.0049165387542035	0.0144175163875167	0.0044326276652295	0.0028649590556765	0.0041376589137072	0.0059784267423607	0.0045025160845118	0.0040771556605092	0.0030182967856836	0.000667929155359	0.0001100848267304	0.0006211546116298	0.0006157413689519	0.0017241205970273	0.0345593356955267
Candidatus Blackburnbacteria	2.28732194628224e-05	5.02545612759937e-05	1.8513478363094e-05	1.21013235001131e-05	5.38141530869739e-06	1.09882570373086e-05	9.10916802039025e-06	1.50382933572732e-05	2.22287714094271e-05	1.17504291786657e-05	2.56167671978344e-05	4.36208544228308e-06	3.31356294654302e-06	4.11403578514912e-06	1.35516152647607e-05	1.15841771128206e-05	1.01288555127164e-05	1.09036074110546e-05	7.85785949044023e-06	5.87591036567755e-06	3.98047513376646e-05	9.15049230556591e-05	0.000121761769932	0.0001197172627179
Candidatus Microgenomates	1.14366097314112e-05	2.11111629521326e-05	7.20531408249006e-06	7.45313301662594e-06	4.58743600085679e-06	8.04018807607948e-06	6.07277868026016e-06	5.40359015549476e-06	1.10415044869777e-05	5.73906879671018e-06	1.12687981568825e-05	2.3588959902475e-06	1.45473495214084e-06	2.15940339853981e-06	6.86599140743421e-06	5.82937668016401e-06	5.06442775635822e-06	5.12770497144077e-06	2.80796391395675e-06	1.82294809537587e-06	1.55991593080037e-05	5.06959468968784e-05	5.16960011994962e-05	2.63197499693939e-06
Candidatus Gracilibacteria	0.0091321328705318	0.0001841917738042	0.0006838843450596	1.00977931192997e-05	5.20497546251059e-06	1.02735736527682e-05	7.50166778149785e-06	0.0002020059112217	0.0009856273683548	0.0014925139607561	0.001531766604973	0.0027926894742953	0.001559132389609	0.002482252822168	0.0017025494279835	0.0014387746844116	0.0011597315472336	0.0010811818019579	0.0003057129091301	0.0003560412314046	0.0005538924058989	0.0004518496958495	2.26829393018197e-05	0.0007282549484388
candidate division NC10	1.14366097314112e-05	5.78370914014046e-06	1.28910540175305e-05	0.0006053065986513	0.0005759878778768	0.0006500045382394	0.000626925093168	8.4792185144399e-06	6.10380198537547e-06	1.09754454360443e-05	1.8700723693825e-06	8.81777786830613e-06	7.17265150013885e-06	8.93546233878541e-06	1.28541940710108e-05	1.15468889890669e-05	9.09804278354619e-06	6.96812278286082e-06	6.77018967396687e-06	1.13978502273986e-05	1.05624401583975e-05	1.08958453032097e-05	1.89283077621204e-06	1.77720978364764e-05
Candidatus Rokubacteria	0.0	6.29587344844663e-06	2.5934065449806e-05	0.0057035701468844	0.0057364122792252	0.0057272046374375	0.0054951502610848	3.43246921827026e-05	1.39385328919768e-05	3.00358564032204e-05	4.01420706876071e-06	3.19761456455772e-05	2.53568384018993e-05	3.05108807776444e-05	4.2566741825424e-05	3.93141118109995e-05	3.02633171900964e-05	2.21544634657734e-05	1.73250263623972e-05	3.25475878387982e-05	1.87776713927066e-05	7.3219071563004e-05	1.98592081438641e-06	5.40181535086132e-05
Candidatus Handelsmanbacteria	0.0	2.74819872749655e-06	7.35727149723501e-06	0.0003311435013408	0.0003000359584406	0.0003545722941551	0.0003247150482562	6.96689296777627e-06	2.71482536065954e-06	5.71812329015285e-06	1.12849194704116e-06	4.60546360000702e-06	4.16215833529184e-06	5.43573958942779e-06	8.46525035172274e-06	7.90508223578745e-06	6.62185133630024e-06	4.91935578524227e-06	4.51715933984347e-06	8.63688029653808e-06	6.74822565675395e-06	1.00887456511201e-07	1.36532055989066e-06	1.75464999795959e-07
Candidatus Schekmanbacteria	0.0	6.19219140554563e-05	5.25646023838598e-05	3.85479245268503e-05	3.59055086990137e-05	4.13623008802755e-05	3.35788938790856e-05	2.65931402306582e-05	1.88397947847112e-05	1.62118220753784e-05	1.47993658197684e-05	8.63056390082617e-06	9.05168414665409e-06	9.9034707588205e-06	1.75918483871738e-05	1.87807849972875e-05	1.66610709595236e-05	1.47580673557268e-05	1.48611212679371e-05	1.8494958831726e-05	6.33501908574256e-05	0.0001492377700441	7.73578217228955e-05	2.33117785443203e-05
Candidatus Aminicenantes	5.71830486570561e-06	3.4689763028445e-05	4.23581293601568e-05	0.0008051787894412	0.0007824224979153	0.0009499928889003	0.000781066504964	2.35854815592036e-05	8.39956034405401e-06	1.83273182376694e-05	3.90135787405659e-06	1.51081671756328e-05	1.24460657016494e-05	1.40547376370479e-05	2.64298583424525e-05	2.74937765810721e-05	2.01344616773799e-05	1.724668263532e-05	1.53716601613838e-05	2.2919590131182e-05	4.54527228112521e-05	9.34722284576275e-05	5.80261237953528e-06	4.92805985141223e-05
Candidatus Glassbacteria	0.0	1.96121454644072e-06	4.72334297498909e-06	0.0001025006142824	0.0001018057912497	0.0001192627897951	0.0001010939039125	2.75277234336526e-06	1.87669135669753e-06	3.07898946392845e-06	6.28731227637219e-07	4.58674220325903e-06	3.39438155499529e-06	4.05818914553171e-06	4.46109073933116e-06	3.74124174995601e-06	3.30532342505681e-06	2.39601564128271e-06	2.55269446723341e-06	2.46009500249753e-06	4.32766645378786e-06	5.04437282556004e-08	7.13690292670115e-07	1.01769699881656e-05
candidate division WWE3	0.0012008440217981	0.0069752406656961	0.0025271911015054	9.52077636962539e-05	5.64607507797759e-05	8.85314042599418e-05	7.73386226044897e-05	0.0024440880076271	0.0055512165925024	0.0029444564753106	0.0044233015208766	0.0020622554587755	0.0011760319808931	0.0018592090950497	0.0033501468757009	0.0028054465668582	0.0025431718656696	0.0021319793475952	0.0012801318806311	0.0008372818300586	0.0053301691653031	0.0110876575799016	0.013294157321668	0.0175809913852701
Candidatus Peregrinibacteria	0.0053923614883603	0.0012188011520199	0.0004262278852417	0.0003727367920465	0.0002165799111942	0.0003350971719263	0.0002963158773691	0.0007155848698999	0.0176200182840755	0.0064798485271235	0.0124805405669882	0.0020635472351511	0.0014836478093146	0.0024757373808793	0.0023255509705589	0.0016981508732424	0.0014989025485892	0.0012405805043545	0.0001544380152676	0.0001742596790977	0.0006901283238678	0.0017163226320326	0.0007165760838535	0.0156967479517469
Candidatus Doudnabacteria	4.57464389256449e-05	0.0001740359303249	5.48439636050342e-05	0.0001167657505938	5.35494933176937e-05	0.0002061861564399	0.0001650366911929	4.23111304628364e-05	0.000962669784768	0.0003035632265354	0.0002369994301921	7.88358017058113e-05	5.96239283856612e-05	7.40154130396058e-05	4.41058782530099e-05	3.70892537603612e-05	3.12156985159602e-05	2.6518221421153e-05	1.99443128592106e-05	1.9096708688452e-05	0.0001324706036532	0.0003318692881935	0.0004322170472435	0.0010395047916483
Candidatus Berkelbacteria	0.0059870651943937	0.015737497553947	0.010018792953375	5.40953202819624e-05	3.98754052382167e-05	5.5745303994151e-05	4.41169510007136e-05	0.0055462245446935	0.0065222130563968	0.0052489439432685	0.0113916425659747	0.0011831361102831	0.0008500905330051	0.001025530458841	0.0053229830897726	0.0047712143042811	0.0040953629505625	0.0045641204227738	0.003589476874436	0.0021587068169037	0.0151643388548163	0.0399513066691149	0.0328154486269592	0.0377664598953687
Candidatus Gribaldobacteria	0.0021443643246396	0.0115950751529295	0.0032644504884943	9.05595732127667e-06	4.76387584704359e-06	5.44946080712053e-06	1.01808348463185e-05	0.0026735706650169	0.0027292194011623	0.0014086062614874	0.0038958605061431	0.0003459339691094	0.0003504092815969	0.0003406458861196	0.0014234486809468	0.0014834085685448	0.0012311489421872	0.0013110719790184	0.0010325094186379	0.0012518520842924	0.0079189939080148	0.019610655127832	0.023318930442627	0.0074593680713258
Candidatus Saccharibacteria	0.0048891506601783	0.000178657900912	0.0001616573630528	0.0001981090840548	0.0001130979414057	0.0001286430092172	0.0001060950157668	0.0001145629082652	0.0015121577258873	0.0006500437960069	0.002199882201562	0.0005868221810659	0.0002874717902647	0.0004532699426814	0.0011897163850139	0.0008071884442712	0.0006480674810348	0.0007642016650665	6.96774602838754e-05	6.95729025526459e-05	0.0001545490375954	0.0002183456777543	0.0001879177570613	0.0087832514947863
Candidatus Eisenbacteria	5.71830486570561e-06	1.52400111252081e-06	3.54567301071567e-06	0.0011214160247488	0.0013316797390948	0.0016463625117118	0.0010879204394548	3.33051468703451e-06	1.29364161481092e-06	3.77019118032056e-06	4.67518092345624e-07	4.09998588781113e-06	2.97008386062087e-06	4.11403578514912e-06	6.08439869030072e-06	5.90395292767144e-06	4.51540793321319e-06	3.43776157227519e-06	2.90785195832675e-06	4.17685194668645e-06	2.78731059735489e-06	5.04437282556004e-08	5.89570241770965e-07	3.83516356696882e-06
Candidatus Desantisbacteria	0.0171949427311768	0.0072727081943228	0.0160110816464277	4.47187980997556e-05	3.11416328519701e-05	4.07369529188027e-05	4.21522284865117e-05	0.0075193166028553	0.0012766238504696	0.0031010660278398	0.0063672739914768	0.0017137753797083	0.0019826016932468	0.0019705300633537	0.0074466426492443	0.0086893509133247	0.0073067367589443	0.0069325182219304	0.0041332229932999	0.010120671553548	0.015792168341824	0.0133932134016879	0.0003750287337917	0.0002493858975671
Candidatus Edwardsbacteria	0.0	6.30836526084435e-06	6.04030723611205e-06	6.26704303118439e-05	5.46081323948145e-05	6.34281503779603e-05	6.21566759038393e-05	3.82329492134064e-06	2.53262231631997e-06	3.12088047704313e-06	1.98292156408661e-06	2.39633878374349e-06	2.32353499300272e-06	2.64340760855735e-06	3.7877185522623e-06	3.57965988035658e-06	3.17086959081721e-06	2.46546537001554e-06	2.97444398790675e-06	2.77866845605836e-06	6.87047612155021e-06	1.68482052373705e-05	7.78853319392169e-06	7.51992856268397e-08
Candidatus Lindowbacteria	0.0	8.79423592798895e-06	5.15388898343313e-06	0.0001485818130411	0.0001262427099466	0.0001474034480614	0.0001514622447311	3.80630249946801e-06	4.2453309331119e-06	2.97426193114177e-06	2.28922652114064e-06	2.02191084878357e-06	2.68721873103793e-06	2.08494121238326e-06	5.01421789299486e-06	3.94011174330915e-06	3.3725503421766e-06	3.00948824508939e-06	3.01883867429342e-06	4.01756521990603e-06	7.21277742297976e-06	1.45782374658685e-05	1.64148767314127e-05	5.01328570845598e-08
Candidatus Ratteibacteria	0.00846880950611	0.0146052396782184	0.017732885786667	7.3729918013934e-06	8.11623292459279e-06	8.75487146061987e-06	6.78722323087901e-06	0.0050942771001473	0.0015469220667473	0.0022853013839513	0.006222569081239	0.0005512889700382	0.0006776640318722	0.0005917696089326	0.0019166697589681	0.0019655067205566	0.0017906225509444	0.0018134944665812	0.0024399208651396	0.0031255772484609	0.0163156448320817	0.0284616377968803	0.0025383791609385	0.0012128140785896
Candidatus Dadabacteria	0.0	1.97370635883843e-06	1.72218403377618e-06	4.83251527852198e-05	4.55214803161943e-05	4.85091347256795e-05	5.19758410575208e-05	1.0195453123575e-06	1.18431978820718e-06	2.05265964261897e-06	1.43479690409519e-06	1.08584101138377e-06	9.09209345088023e-07	9.12161780417677e-07	1.37079338081874e-06	1.30508433138e-06	1.55742357994202e-06	1.03017097620368e-06	5.5493357983335e-07	1.06191151186944e-06	2.20050836633281e-06	1.00887456511201e-07	1.33429054716587e-06	2.50664285422799e-08
Candidatus Firestonebacteria	0.0	1.02557779785212e-05	8.6995619941488e-06	2.74884368247602e-05	2.58484374663662e-05	2.9570025035359e-05	2.33980590327671e-05	3.29652984328926e-06	4.2453309331119e-06	3.37222655573117e-06	3.25650533289021e-06	2.3776173869955e-06	2.12148847187205e-06	2.7178697947139e-06	4.46109073933116e-06	3.62937737869487e-06	4.10084194430777e-06	2.96318842593417e-06	2.07545158857673e-06	3.41581536318002e-06	1.03179392288049e-05	1.56123338951083e-05	1.3591145573457e-05	8.114002919136e-05
Candidatus Raymondbacteria	0.0	4.05983902925626e-06	5.19187833711937e-06	3.48614286261536e-05	2.93772343901021e-05	3.19820814581828e-05	3.12569490895744e-05	4.12915851504789e-06	2.44152079415019e-06	3.58168162130453e-06	1.62825266644511e-06	2.77076671870341e-06	2.56599081835953e-06	2.53171432932253e-06	5.7597371001068e-06	4.94689108465944e-06	4.49299896083993e-06	3.57666102974085e-06	2.93004930152009e-06	2.99105075843225e-06	6.30812398348739e-06	2.05305974000294e-05	6.70248274855413e-06	0.0
Candidatus Riflebacteria	0.0	4.07233084165397e-06	9.53659408703561e-05	4.02308900467335e-05	3.32589110062117e-05	3.72528714191682e-05	3.66152832192157e-05	3.63128055417997e-05	1.49406496358444e-06	3.69059825540268e-05	1.12849194704116e-06	5.92344993106595e-05	3.38629969415006e-05	5.67774169443656e-05	4.11478504312432e-05	4.6784165936327e-05	3.62128993551986e-05	3.30927957411945e-05	5.6658718500985e-05	4.70603785010138e-05	6.94382640042797e-05	2.52218641278002e-08	7.16793293942594e-06	2.50664285422799e-08
Candidatus Wallbacteria	0.0	3.08547766223476e-06	1.84881521273031e-06	3.03735205731315e-05	2.49662382354322e-05	2.82299936893457e-05	2.66130595105519e-05	1.34240132793738e-06	1.43940405028257e-06	7.12147222949439e-07	1.08012800645368e-06	7.11413076423849e-07	6.46548867618149e-07	8.74930687339405e-07	1.29864636077565e-06	1.24293745845715e-06	1.07563067391679e-06	1.01859602141487e-06	9.10091070926693e-07	1.2565952890455e-06	3.42301301429548e-06	6.60812840148365e-06	1.22878850390159e-05	5.19627063681462e-05
candidate division CPR1	0.0	2.68823802798753e-05	1.07763133289966e-05	5.44960263581251e-06	2.3819379235218e-06	3.66275234576954e-06	3.75083389074893e-06	6.38915062410702e-06	9.41989739235558e-06	5.57150474425149e-06	1.23650474768653e-05	1.51643313658768e-06	1.21227912678403e-06	1.34031935081781e-06	4.32882120258549e-06	3.91525299414001e-06	3.51820866260284e-06	4.09753399523709e-06	3.04103601748676e-06	3.3273227371909e-06	2.2860836916902e-05	8.99663893438633e-05	5.61953530445904e-05	0.0001017446334531
Candidatus Coatesbacteria	0.0	1.23668942737345e-06	4.24214449496339e-06	5.62591330932409e-05	4.74623186242491e-05	6.18201127627444e-05	4.78677848914625e-05	2.29397695280438e-06	5.10168524150786e-07	1.1520028606535e-06	2.41819702937392e-07	1.57259732683167e-06	1.51534890848004e-06	1.95463238660931e-06	5.44710001325341e-06	5.49378356638059e-06	3.88795670676173e-06	4.56053218678931e-06	1.50941933714671e-06	9.38021835484669e-06	3.71641412980652e-06	0.0	1.36532055989066e-06	7.51992856268397e-08
Candidatus Bipolaricaulota	0.0	5.49639745499309e-07	1.39294296849544e-06	3.80670772354551e-05	3.44057700064259e-05	4.13623008802755e-05	3.25072270531574e-05	1.05353015610275e-06	6.01270046320569e-07	9.42547795080139e-07	1.45091821762435e-07	6.92691679675853e-07	5.45525607052814e-07	8.0046850118286e-07	1.09422980398689e-06	1.14350246178057e-06	9.85994784423725e-07	7.87096925638763e-07	6.6592029580002e-07	1.41588201582592e-06	1.19805455500342e-06	0.0	1.55150063623938e-07	0.0
Candidatus Blackallbacteria	0.0003545349016737	0.0001018707301033	0.0013749360148481	2.11572808213898e-05	1.95848229267348e-05	1.94751222287258e-05	1.92900028667088e-05	6.54718014752243e-05	0.0002876439460988	0.0004763636556335	5.5505682480896e-05	0.0005866911312887	0.0004548269237172	0.0005001997355065	0.0003143445663277	0.0002135615141121	0.0002280112938979	0.0001713209058291	0.0001082120480675	0.0001814629788532	0.0002811760690314	1.25857101997723e-05	1.40565957643288e-05	0.0006274879056988
candidate division CPR2	0.0	1.6501684177377e-05	7.72450191620199e-06	6.7318620795331e-06	3.79345669301619e-06	5.89613792245828e-06	7.50166778149785e-06	5.86238554605564e-06	9.03727099924249e-06	6.63972557867565e-06	1.05755816751286e-05	2.54610995772746e-06	2.16189777609819e-06	2.64340760855735e-06	6.50525630721875e-06	6.07796417185544e-06	5.99440010984878e-06	5.55597829862656e-06	3.45168686656343e-06	2.70787435526706e-06	1.75307166517847e-05	1.44269062811017e-05	4.89343300669901e-05	5.88309077887309e-05
Candidatus Fraserbacteria	0.0	9.99344991816926e-07	1.78549962325325e-06	2.03558686690644e-05	2.03788022345754e-05	1.97431284979285e-05	2.33980590327671e-05	8.83605937376502e-07	3.82626393113089e-07	9.63493301637476e-07	9.67278811749568e-08	4.68034918699901e-07	4.64706998600545e-07	3.72310930782725e-07	6.13249670366278e-07	8.45197471750859e-07	5.37815336958395e-07	5.2087296549624e-07	4.21749520673346e-07	6.90242482715134e-07	1.56480594939222e-06	2.52218641278002e-08	9.61930394468416e-07	2.50664285422799e-08
Candidatus Fischerbacteria	0.0	4.13478990364253e-06	4.95127909710652e-06	1.36240065895313e-05	1.39387478487572e-05	1.33109780370649e-05	1.69680580771975e-05	2.09006789033288e-06	1.56694618132027e-06	1.42429444589888e-06	1.14461326057032e-06	1.64748291382365e-06	1.2930977352363e-06	1.74986137467881e-06	2.39287616476253e-06	2.64745678651372e-06	2.14005686164695e-06	1.88671763057527e-06	1.19865653244004e-06	2.30080827571711e-06	4.84111840593218e-06	5.04437282556004e-08	3.87875159059845e-06	5.01328570845598e-08
Candidatus Sumerlaeota	1.14366097314112e-05	1.26167305216887e-06	2.00077262747527e-06	2.6126036165807e-05	2.88479148515417e-05	3.14460689197775e-05	3.01852822636461e-05	1.767211874753e-06	9.83896439433658e-07	1.5499674852429e-06	1.67661660703258e-06	9.73512630895794e-07	5.85934911278948e-07	9.68008420035086e-07	1.5752099376075e-06	1.566101197656e-06	1.23249348052966e-06	1.01859602141487e-06	8.43499041346692e-07	2.19461712453017e-06	1.61370613531073e-06	5.04437282556004e-08	3.10300127247876e-07	0.0
candidate division WOR-3	0.0	9.65617098343105e-06	6.20492776875242e-06	6.57157964906803e-06	8.02801300149939e-06	6.78949215313378e-06	8.39472346977141e-06	3.31352226516188e-06	2.16821622764084e-06	1.29862140655486e-06	2.40207571584476e-06	1.12328380487976e-06	8.48595388748821e-07	9.4939287349595e-07	2.23655762133584e-06	2.97062052571258e-06	2.34173761300635e-06	2.1645165455066e-06	1.65370206790338e-06	2.35390385131058e-06	7.79957965400184e-06	5.64969756462724e-06	1.43668958915767e-05	0.0
Candidatus Wirthbacteria	3.43098291942337e-05	0.000118572283279	0.0001206921766611	1.53069721094146e-05	1.21743493868892e-05	1.50083510753484e-05	1.4824724425341e-05	0.0001066444396725	0.000150609036451	0.0004155588500975	4.82027274521868e-05	0.0002857446785646	0.0001534947421029	0.0002570620821589	0.0003250824478108	0.0002895919984459	0.0002066331342538	0.000150057713882	6.19971795389818e-05	3.81580203265084e-05	0.0001377518237324	0.0001700458079496	2.23416091618471e-06	2.50664285422799e-08
Candidatus Abawacabacteria	0.0	6.07102082528783e-06	3.39371559597071e-06	9.69708704313697e-06	5.82251492416439e-06	1.0720250768106e-05	7.32305664384314e-06	4.60494632748139e-06	4.6643979350929e-06	3.51884510163252e-06	4.67518092345625e-06	3.7630007463472e-06	2.68721873103793e-06	3.5928004820533e-06	5.59139405333959e-06	5.86666480391773e-06	4.35854512660033e-06	4.36375795537961e-06	3.27410812101676e-06	5.23876345855589e-06	6.47927463420216e-06	7.56655923834006e-08	1.36221755861818e-05	4.05574813814089e-05
Candidatus Absconditabacteria	6.86196583884673e-05	0.0003582401959415	0.0012331470837732	7.61341544709101e-06	5.99895477035119e-06	8.57620061448477e-06	6.43000095556959e-06	0.0006285836699121	0.0001130934296215	0.0003972943683795	0.0001960674151416	0.0002220170440344	0.0001805689759344	0.00022526672867	0.0008960659889351	0.0009069714634361	0.000747014298549	0.0006630828600315	0.0002351142591037	0.0009114209521123	0.0011555358433472	0.0012477003965381	0.000390667860205	0.0002468541882843
candidate division CPR3	5.71830486570561e-06	3.9973799672677e-06	1.41826920428627e-06	3.0453661788364e-06	1.1468590002142e-06	2.05471473055364e-06	3.57222275309421e-06	1.07052257797538e-06	2.24109744537667e-06	1.29862140655486e-06	1.99904287761577e-06	8.23741456911825e-07	8.28390736635754e-07	1.15416388542645e-06	1.69545497101265e-06	1.32994308054915e-06	1.45658320426232e-06	1.11119565972531e-06	7.99104354960024e-07	4.07066079549951e-07	3.10516180582519e-06	1.76553048894601e-07	1.18844948735937e-05	2.25347192595096e-05
Candidatus Delongbacteria	0.0	1.58646017450937e-06	9.11744488469744e-07	5.28932020534744e-06	3.96989653920299e-06	4.28810030724239e-06	5.0011118543319e-06	9.51575624867002e-07	8.74574612829919e-07	5.65528677048084e-07	5.15882032933103e-07	9.17348440651806e-07	6.26344215505082e-07	4.28157570400134e-07	7.69568213792976e-07	8.94914970089145e-07	9.18767867303926e-07	6.82922332539515e-07	5.21637565043349e-07	7.78735108704253e-07	1.46700557755521e-06	0.0	3.10300127247876e-06	2.50664285422799e-08
Candidatus Calescamantes	0.0	1.26167305216887e-06	1.70952091588077e-06	1.20211822848805e-06	1.323298846401e-06	1.2506959229457e-06	1.07166682592826e-06	9.17590781121752e-07	3.27965479811219e-07	5.02692157376074e-07	3.70790211170668e-07	2.43378157723948e-07	3.63683738035209e-07	3.72310930782725e-07	7.93617220474006e-07	9.81920592181145e-07	5.82633281704928e-07	6.13472603806683e-07	4.32848192270013e-07	1.00881593627596e-06	2.05380780857729e-06	7.56655923834006e-08	3.28918134882749e-06	2.50664285422799e-08
Planctomycetota	0.0002287321946282	0.0003854348715313	0.0004943301332832	0.0261989646716687	0.0304554582901497	0.029191868189514	0.0230483384252392	0.0002941897998807	0.0003792920774016	0.0005761480488726	0.00018221920682	0.0004974087901975	0.0004776985899092	0.0005041462313728	0.0005239076105462	0.0004111388525084	0.0004096920374142	0.0003015159972935	0.0002290876804268	0.0002443812359315	0.0004834272379903	0.0012410418244084	0.0004256386845459	0.0003100215882109
Candidatus Omnitrophica	0.0389588110500523	0.0320683437049729	0.0171022625154754	0.0010603484187417	0.0009840050221837	0.0011110646566911	0.0010582709906041	0.0067164416617956	0.0092311532587242	0.003360497072059	0.0148909993658681	0.0016142337131992	0.0021269437279425	0.0019213850204904	0.0042785948521321	0.0035182960580325	0.0036540406486433	0.0034698936467689	0.0020726991180207	0.0041447468219776	0.016537456075408	0.0301347049319338	0.0027390812832424	0.0035367226687444
Verrucomicrobiota	0.0022701670316851	0.0002093003167236	0.0004498952525882	0.0092971823791266	0.0058945906013317	0.0066684426548772	0.0066064687595724	0.0003586930333092	0.0006603038326865	0.0016727081536688	0.0011328930656346	0.0011284509103822	0.0016893109631735	0.0016747476443933	0.0009523286400654	0.0007852381687548	0.0008084372918241	0.0004098807240263	0.0002944366587879	0.0001168279648308	0.0002437674268037	0.0002336301274158	6.09429449914829e-05	0.0005313581522392
Lentisphaerota	1.14366097314112e-05	3.84997658097471e-05	0.0001614547531665	0.0008069418961764	0.0007175808544417	0.0007919585254938	0.0007401645544411	0.0001101108937346	3.24685825013107e-05	7.30788723785468e-05	1.45736674303602e-05	7.71134332049957e-05	6.75441520139836e-05	7.65285118223892e-05	0.0001309708903848	0.000139034984103	0.0001101737126731	0.0001010493553062	7.48383425763255e-05	0.0001216419636846	0.000143962147344	0.00013894724948	3.48156742772117e-05	5.62239992203338e-05
Chlamydiota	1.71549145971168e-05	3.84997658097471e-05	2.82134266709804e-05	0.0001863283254156	8.08976694766477e-05	9.64822569129537e-05	0.0001318150195891	2.90230565584436e-05	0.0001004120977355	6.60202366687244e-05	1.99420648355703e-05	4.28907199496589e-05	5.20673884953741e-05	3.91112632787253e-05	7.49006313080695e-05	5.33468757169807e-05	6.4459409031701e-05	4.47372002587326e-05	1.91896031906372e-05	3.65120574831108e-05	4.28610129575713e-05	4.24483973270877e-05	7.57752910739314e-05	0.0173165906970061
Kiritimatiellota	0.0	6.22092257406036e-06	1.79689642935912e-05	0.0001401669854417	0.0001200673153301	0.0001323950969861	0.0001280641856984	1.10960514828242e-05	2.82414718726328e-06	8.1059110376892e-06	1.30582639586192e-06	1.70926352309204e-05	1.30926145692675e-05	1.61396788494311e-05	1.88183477279064e-05	1.75875650371686e-05	2.13669551579096e-05	1.38783707917776e-05	1.75248024511372e-05	7.43338058308605e-06	1.67483136770886e-05	2.97617996708042e-05	2.60652106888216e-06	2.50664285422799e-08
Thermodesulfobacteriota	0.0063987831447245	0.0075062301352857	0.0373996702752036	0.0151462889728733	0.0168185990182181	0.0180507582433368	0.0151394372498886	0.0172376904899345	0.0011261059155406	0.0063749743757909	0.0003401274728382	0.0040394783335216	0.0031163857465715	0.0038911704619825	0.0077387298598888	0.0085076583156474	0.0071465126064755	0.006631650422105	0.0112135539463641	0.0110427647163547	0.0350991597970055	0.0046759318343811	0.0007429826246823	0.000503384017986
Nitrospirota	0.024417161776563	0.0616021486416997	0.0793818949806351	0.0024704331007581	0.0046263409869409	0.0032078563715095	0.006970835480388	0.0678254558136453	0.0066232446444831	0.0153667337223095	0.0043771945641832	0.0195945626923226	0.018971077282956	0.0198647614051916	0.0396198486937505	0.0418941019522682	0.0341874195692962	0.0303494272816545	0.0234982850832089	0.0440828494158327	0.0738545375949519	0.0587978149794669	0.0023586222972238	0.0035737959165584
Campylobacterota	0.0026532934576874	0.0075567845000592	0.0126175053447538	0.0005518524080912	0.0004230145312328	0.0004547173034138	0.0004617097908374	0.0050945659713192	0.127467883297128	0.134835064713342	0.45265648213432	0.0429188020447809	0.0378481625242819	0.0397193401064262	0.0376557422691041	0.0392174237061061	0.0756885002700001	0.209382632886905	0.276994574736251	0.0071905568173719	0.0107479674637723	0.0070933718454384	0.0007410277338806	0.0082673342625291
Bacteroidota	0.0243142322889803	0.0179342452231466	0.0212859920475873	0.0309004490632854	0.0304838651053858	0.0232607107812133	0.0255737213005391	0.0272809594832183	0.107945173281928	0.176738833641508	0.0173412294452245	0.158678833278062	0.120809817812227	0.151979686119919	0.0768696557545822	0.0654307385468502	0.0912808649280703	0.0506128903835808	0.0441653878314808	0.033374321347839	0.0138202927947532	0.0047839318565763	0.0034443003824387	0.0171186411108078
Ignavibacteriota	0.0082515139212132	0.0064793531889442	0.0090443913575588	0.0008405210653588	0.0004926200505535	0.0006349961871641	0.0010491618225837	0.0081094294296478	0.0112925620617732	0.0194757603622081	0.0047347169343194	0.0127325904208828	0.006874269197733	0.0110316101101852	0.012142968747426	0.0138345402401064	0.0096105920041537	0.0057252157125936	0.0065919228107812	0.0058410973666134	0.0077904108691421	0.0031731879477826	0.0002682544600057	0.0010856270201661
Chlorobiota	8.57745729855842e-05	7.54255632573825e-05	3.9268328593676e-05	0.0004806870089647	0.0004271608676182	0.0004728523942965	0.0004886800726232	2.90060641365709e-05	6.05642919384719e-05	4.97874690867887e-05	2.5471675376072e-05	6.47385899545703e-05	6.7988654360471e-05	6.26785451972718e-05	5.90643604086109e-05	4.89965946123807e-05	5.04089833536629e-05	4.68438420302952e-05	4.28852670495213e-05	0.0002791588379452	5.36924041385205e-05	0.0001215441632318	6.20910554623e-05	0.0001971725269135
Balneolota	0.0	9.4937774222608e-07	1.62087909061288e-06	4.02308900467335e-05	3.25531516214645e-05	3.27861002657907e-05	3.32216716037762e-05	1.05353015610275e-06	8.92794917263875e-07	1.42429444589888e-06	3.54668897641508e-07	4.77395617073899e-06	6.12200959025935e-06	5.67774169443656e-06	3.65544901551664e-06	2.63502741192915e-06	3.63025352446917e-06	2.03719204282974e-06	1.57601136672671e-06	8.49529209495549e-07	2.1516081804143e-06	5.04437282556004e-08	3.47536142517621e-06	2.50664285422799e-08
Gemmatimonadota	1.14366097314112e-05	1.00559089801578e-05	1.88300563104793e-05	0.005914020978085	0.0045434142592331	0.0060124526432922	0.0062930062129884	2.16993227313422e-05	2.04431815748993e-05	2.91770906343696e-05	6.98052875812605e-06	1.99382875366158e-05	1.81235729454213e-05	1.93043217610843e-05	2.93397881508572e-05	2.56169410188018e-05	2.21512691909739e-05	1.60776122016506e-05	1.07102180907836e-05	2.01940172507171e-05	1.41566038234077e-05	6.32564352325229e-05	9.21591377926192e-06	5.79034499326666e-06
candidate division Zixibacteria	0.0001086477924484	0.0008076081633244	0.0004667245362712	0.0001084310642096	9.47481974023114e-05	0.0001182801001414	0.0001180619619897	0.0003489903604199	0.0009008118512148	0.0011168981916634	7.22557272376927e-05	0.0010762743776455	0.0007390861742959	0.0009793639034239	0.0009745378977353	0.0011067612305085	0.0006693784137618	0.0005001885212886	0.000162351368116	0.0002680264655958	0.0004906400154133	0.0003212761052599	5.14787911104227e-05	8.35464063314189e-05
Candidatus Marinimicrobia	0.0027790961647329	0.0059211315683276	0.0017882601829544	5.97853465634726e-05	4.37570818543263e-05	5.34225829943947e-05	5.26902856081397e-05	0.0009460870726021	0.0031839799795294	0.0018789376112324	0.0030665478955761	0.0009202315357509	0.0008248549225159	0.0009694418171186	0.0013386398588862	0.0010875578467754	0.0009230815944857	0.0005535837877294	0.000193116885782	0.0007111975365493	0.002307795374238	0.0034023285833837	3.69567451552221e-05	0.0002772848325347
Candidatus Hydrogenedentes	0.0018184209472943	0.0005523129933524	0.0041889467366847	1.78714909968557e-05	1.4997386925878e-05	1.63483824213616e-05	1.71466692148522e-05	0.0018660907776298	8.87146622889349e-05	0.0006354447779364	0.0001782533636919	0.000310456922272	0.0002820367388463	0.0003158499781295	0.0009581244506755	0.001203387188529	0.0010085494151174	0.0010068821671686	0.0011141845429178	0.001546780308189	0.0032800288706697	0.0008551220813889	0.0001310397437367	1.4688927125776e-05
Fibrobacterota	0.0004917742184506	6.95793950552535e-06	1.73611346346114e-05	2.57253300896444e-05	2.18785409271632e-05	2.19765140746172e-05	2.01830585549823e-05	1.81479065599635e-05	7.98049334207301e-06	1.03470802393242e-05	5.41676134579758e-06	3.38857281138728e-06	3.15192572963848e-06	3.01571853934008e-06	7.70770664127027e-06	6.93559101819087e-06	7.08123526995221e-06	6.16945090243325e-06	3.65146295530344e-06	1.55393051236894e-05	1.85576205560734e-05	4.21709568216819e-05	2.02005382838367e-05	0.0003911114845451
Candidatus Cloacimonetes	0.0	3.53518290855238e-06	5.76171864241296e-06	4.24748440732446e-06	4.49921607776339e-06	5.18145453791788e-06	4.82250071667719e-06	6.59305968657852e-06	1.36652283254675e-06	1.63374951147224e-06	1.33806902292024e-06	1.83469688130361e-06	1.4143256479147e-06	1.95463238660931e-06	4.78575232952507e-06	5.29491357302744e-06	3.8431387620152e-06	3.09051292861103e-06	2.00885955899673e-06	5.09717525697329e-06	4.86556849889143e-06	6.63335026561145e-06	6.45424264675582e-06	1.0026571416912e-07
Elusimicrobiota	0.0206659537846601	0.0395068807088754	0.0226657147209999	0.002317363379664	0.0019498367402103	0.0023993707927482	0.0025069859281215	0.0070195184983157	0.0409184673262113	0.0095812287375617	0.0280642082899502	0.0028276048792303	0.003848945818235	0.0031256805727467	0.0048950911384003	0.0042140054416547	0.0038906009655017	0.0032914772936542	0.0015798182110843	0.0035908891744368	0.0203984925050685	0.042724753292336	0.0016306581987003	0.0011468141722378
Acidobacteriota	5.71830486570561e-05	5.88988954552101e-05	0.0002778034803895	0.034877777434061	0.0503526679645582	0.0509395942456553	0.0387811218744167	0.0003996957472878	0.0001342107624605	0.0004326503834483	2.48913080890222e-05	0.000875581004507	0.0007075669169996	0.0008922245300742	0.0008203116178899	0.0009096313495972	0.0006120674669172	0.0002727522346434	0.0003221611404364	0.0003405019262809	0.0002798068638256	9.90714822939992e-05	7.45030605522151e-05	0.0001257833384251
Myxococcota	4.57464389256449e-05	3.71881255079874e-05	0.0001484750573237	0.028443720110332	0.0205817962776133	0.0258404497931349	0.0231056726004263	0.0002164494698134	6.14570868557357e-05	0.0001899966899815	2.02967337332118e-05	0.0003569983145875	0.000290563102038	0.0003441642244155	0.0003886439724687	0.0003467546921603	0.0002607395980491	0.0001932438701991	0.0001387444936299	0.0002244349980336	8.09298076951289e-05	0.0001985212925499	3.43191940736151e-05	9.91627913132593e-05
Nitrospinota	0.0002401688043596	0.0001661161212647	0.0001935051045598	0.0001575576291471	0.0001424751757958	0.0001619651220214	0.0001539628006583	5.71625071795106e-05	0.0017174094553358	0.0009977810958718	0.0002392564140862	0.0003371161912411	0.000363481691514	0.0003593172792984	0.0001102165976191	7.42033662698916e-05	8.96582984654392e-05	6.29214542319458e-05	4.88341550253348e-05	4.86886428192137e-05	0.0003140614440616	0.0002168828096349	6.95072285035243e-05	0.0003781772074173
Candidatus Tectomicrobia	0.0	9.24394117430657e-07	3.35572624228447e-06	0.0002433888706612	0.000229548239889	0.0002638075043184	0.0002566642048098	2.80374960898313e-06	2.84236749169724e-06	3.37222655573117e-06	4.19154151758146e-07	2.8269309089474e-06	2.06087451553285e-06	2.7178697947139e-06	3.65544901551664e-06	3.52994238201829e-06	2.58823630911228e-06	2.11821672635138e-06	1.65370206790338e-06	2.76096993086053e-06	2.1516081804143e-06	1.26109320639001e-07	4.03390165422239e-07	1.75464999795959e-07
Spirochaetota	5.71830486570561e-05	0.0001817683621991	0.0001590234345305	0.0011892956340508	0.0010157641944974	0.0011570723995709	0.0010845268278394	0.000130195936388	0.0001490056496608	0.0001460111262111	0.0001015803965472	0.0001635501219904	0.0001617988541214	0.0001653060532675	0.0001716618096891	0.0001491649243894	0.0001840224811292	0.0001177867399308	8.80235644331659e-05	0.0001253940510265	0.0001880456649496	0.0005546792358985	0.0003106724874005	0.0005598336150632
Bdellovibrionota	0.0002230138897625	0.000692795915577	0.0003627856645856	0.0004860564703853	0.0004216030124633	0.0004210378489173	0.0005201156328505	6.36196274911082e-05	0.0023157460326425	0.0011942918383927	0.0014796141557062	0.0010663333159723	0.0020341639654393	0.0012663597844178	0.0012117452751337	0.0006417658979251	0.0013281013611602	0.0007098919771974	0.0001512637951909	0.0001751977009332	0.0004934273260106	0.0008599899011656	0.0003736944432446	0.0063021262648143
Synergistota	0.0	1.06680077876457e-05	1.64873794998279e-05	0.0003054181712511	0.0002775398780518	0.0003192848020434	0.0002772044856401	1.10280817953337e-05	1.07135390071665e-05	1.16038106327644e-05	5.48124659991422e-06	1.12141166520496e-05	1.10721493579608e-05	1.13927144819514e-05	1.41528404317864e-05	1.26903914508475e-05	1.20224136782575e-05	8.04459357821971e-06	8.1020302655669e-06	1.01589534635509e-05	1.58681103305555e-05	4.96870723317664e-05	1.13569846572723e-05	3.73740449565393e-05
Caldisericota	5.14647437913505e-05	0.004773920993159	0.007315977069778	8.81553367557906e-06	5.73429500107099e-06	7.23616926847153e-06	6.25138981791488e-06	0.0033580763953119	0.0002024640228701	0.0007853936593804	1.2735837688036e-05	0.0006239654322139	0.0003268304525809	0.0005389014567614	0.0009277144817274	0.0010311782036598	0.0006779610501808	0.000809714387296	0.003382464451815	0.0056864830504852	0.0080309508836752	0.002535226116534	8.11745132880444e-05	1.63182449810242e-05
Fusobacteriota	2.85915243285281e-05	0.0001052809948879	5.56797293861314e-05	9.85736947360204e-05	6.15775063191931e-05	6.99496362618914e-05	6.17994536285299e-05	4.35175924157927e-05	4.85206707076265e-05	3.1816224460594e-05	5.03146195245067e-05	3.53085542667205e-05	4.26318159585717e-05	3.77523283813684e-05	4.36850206360919e-05	3.84564849646641e-05	4.50980569011988e-05	3.54772364276884e-05	2.87899541217542e-05	3.06361471174332e-05	7.86559490499183e-05	0.0002099467969998	0.0001936893394281	0.0001207951191452
Thermotogota	1.14366097314112e-05	3.98863569858931e-05	3.35319361870539e-05	0.0001061871101831	8.31031675539827e-05	9.95196612972504e-05	0.0001030586264267	2.72218598399453e-05	2.12630952744274e-05	1.57091299180023e-05	1.69757431462049e-05	1.55200379040887e-05	1.64667914721497e-05	1.53205948017092e-05	2.60811477455776e-05	2.51570541591726e-05	2.58935675773094e-05	1.71888078613759e-05	1.66369087234038e-05	2.73973170062315e-05	4.20786099828752e-05	1.79327453948659e-05	8.17330535170906e-05	0.0001034742170225
Atribacterota	0.0001601125362397	0.0058278801887787	0.0143405631336648	2.54849064439467e-05	1.82615240803338e-05	2.26018620360901e-05	2.57200038222783e-05	0.0049644889818842	0.0003582658460848	0.0018879860700651	8.25894892098839e-05	0.001424211536207	0.0009770767715358	0.0014457578064154	0.0050053678585362	0.0058454478615018	0.0041233517570567	0.0038434753125776	0.0042404694569385	0.004272901842935	0.0121277840098348	0.0046362578421081	0.0008379965236456	0.0002880132639507
Chrysiogenota	1.14366097314112e-05	2.36095254316749e-06	3.63431483598356e-06	4.20741379970819e-05	2.93772343901021e-05	3.73422068422358e-05	3.23286159155026e-05	3.09262078081776e-06	1.84025074782962e-06	3.49789959507518e-06	6.1260991410806e-07	4.94244874147095e-06	4.30359090008331e-06	5.06342865864507e-06	1.67862066633593e-05	1.27773970729395e-05	1.23137303191099e-05	6.96812278286082e-06	1.48278252531471e-05	3.11494043481701e-06	3.86311468756204e-06	5.04437282556004e-08	4.65450190871814e-07	2.50664285422799e-08
Aquificota	1.14366097314112e-05	2.00243752735317e-05	1.73104821630297e-05	5.27329196230093e-05	5.47845722410013e-05	5.97653980321908e-05	6.32283427297676e-05	1.64996416383189e-05	7.30634207801661e-06	6.38837949998761e-06	6.75483036871782e-06	5.44792645366685e-06	6.66753519731217e-06	5.52881732212347e-06	1.37800808282305e-05	1.41321989026577e-05	1.4420173722197e-05	9.39886328850994e-06	9.82232436305029e-06	1.87250396592977e-05	2.1027079944958e-05	1.28379288410503e-05	2.6003150663372e-05	1.25332142711399e-07
Calditrichota	5.71830486570561e-06	6.4707588220146e-06	6.7621049561506e-06	5.91442168416123e-05	4.76387584704359e-05	5.89613792245828e-05	5.51908415353056e-05	4.62193874935401e-06	4.02668727990442e-06	4.29382884425397e-06	2.5471675376072e-06	4.15615007805512e-06	2.90946990428167e-06	3.44387610974021e-06	4.26869868588291e-06	4.97174983382858e-06	4.51540793321319e-06	3.27571220523191e-06	3.3296014790001e-06	4.33613867346686e-06	8.01963049063513e-06	1.00887456511201e-07	6.48527265948061e-06	1.50398571253679e-07
Deferribacterota	0.0	1.6501684177377e-05	1.195398329327e-05	4.31961150103374e-05	3.62583883913873e-05	3.80568902267762e-05	3.80441723204534e-05	6.79696874905002e-06	8.67286491056336e-06	6.47216152621696e-06	7.04501401224269e-06	5.59769762765081e-06	5.73812120011108e-06	6.53405683523683e-06	8.60954439180892e-06	7.2711841319743e-06	7.7198909825903e-06	6.05370135454519e-06	5.04989557648348e-06	6.14138824364491e-06	1.63326620967813e-05	7.86922160787366e-06	3.90357560077828e-05	5.3015496366922e-05
Dictyoglomota	0.0	6.9079722559345e-06	5.83769734978544e-06	5.69002628151012e-06	4.85209577013699e-06	4.37743573030994e-06	5.35833412964132e-06	4.62193874935401e-06	2.27753805424458e-06	1.71753153770159e-06	2.27310520761148e-06	1.75981129431163e-06	1.83862334228911e-06	2.15940339853981e-06	3.85986557230539e-06	4.0519761145703e-06	3.76470735870877e-06	3.17153761213266e-06	2.3862143932834e-06	5.96440299166667e-06	6.52817482012067e-06	6.15413484718325e-06	9.15385375381235e-06	1.0026571416912e-07
Coprothermobacterota	0.0	1.73636192328191e-06	1.07636502111011e-06	4.56804926825461e-06	3.88167661610959e-06	4.82411284564769e-06	3.03638934013008e-06	6.79696874905002e-07	7.65252786226179e-07	5.44583170490747e-07	4.99760719403943e-07	2.24656760975952e-07	2.42455825356806e-07	2.42002105008772e-07	6.49323180387823e-07	6.96044976736002e-07	4.4817944746533e-07	5.09298010707435e-07	6.43722952606686e-07	6.19448381923838e-07	1.58925604235147e-06	2.52218641278002e-08	5.2751021632139e-06	2.50664285422799e-08
Nitrososphaerota	0.0002172955848968	0.0001476282389161	0.0001199577158232	6.98029984675397e-05	0.0001372702003333	6.55722005315815e-05	8.78766797261177e-05	6.0951817257106e-05	0.0075415479879545	0.0040158610267315	0.0007778533777819	0.000321446382163	0.0003388724252403	0.0003231472723728	8.11413485417969e-05	5.6876818098999e-05	5.66610866458043e-05	3.53614868798003e-05	2.36068744861107e-05	5.19451714556133e-05	0.0002751124459775	0.0002239449315907	0.0001428621785849	0.0030138119029239
Candidatus Bathyarchaeota	0.0001258027070455	0.0029153516691903	0.0031357678844411	1.49062660332519e-05	1.74675447724932e-05	1.58123698829563e-05	1.42888910123769e-05	0.0010546346635244	0.0003282570046821	0.0004828358171597	4.62520485151585e-05	0.0001476182133579	0.0001445036719126	0.0001648034335109	0.0003152464040782	0.0003679343464524	0.0003141177702422	0.000302476718541	0.0004621930799716	0.0006710749799258	0.0028561376090351	0.0032721585426201	8.50842948913676e-05	1.57918499816363e-06
Thermoproteota	0.0	2.8281463268419e-05	2.34394312244097e-05	8.27057341199781e-05	7.50751545524833e-05	7.75431472226332e-05	7.39450109890502e-05	1.24554452326342e-05	1.33190425412223e-05	8.77616724752396e-06	1.09947358268868e-05	9.62279792846996e-06	1.20621773115011e-05	9.99654849151618e-06	1.3443394734696e-05	1.28644026950315e-05	1.31764757554807e-05	9.82713661569574e-06	7.48050465615355e-06	1.0955387097453e-05	2.75797048580379e-05	6.35338757379287e-05	4.72897393925763e-05	8.67298427562884e-06
Candidatus Korarchaeota	0.0	9.99344991816926e-08	2.27936122117436e-07	8.01412152325369e-07	1.1468590002142e-06	7.14683384540398e-07	1.78611137654711e-07	6.79696874905002e-08	5.46609133018699e-08	2.09455065573364e-08	6.44852541166379e-08	3.74427934959921e-08	6.06139563392015e-08	1.86155465391363e-08	1.32269536745668e-07	4.97174983382858e-08	5.60224309331662e-08	3.4724864366416e-08	6.6592029580002e-08	1.76985251978239e-07	9.78003718370137e-08	0.0	9.30900381743629e-08	0.0
Euryarchaeota	0.0001829857557025	0.0144236586932053	0.0241711188395245	0.0060245357138907	0.0055395054108807	0.0061349315083178	0.0053142171786406	0.0047620412676938	0.0010790793097966	0.0014613261014922	0.0001176372248222	0.0005082672003113	0.000711931121856	0.0005851983210042	0.0012189118791246	0.0011444222354998	0.0012003141962016	0.0010962755430025	0.0017286735945388	0.002720847374237	0.0157415321993054	0.0150233024802677	0.0005058512674394	0.0004198125452261
Candidatus Woesearchaeota	0.005884135706811	0.0126149067170786	0.0047794659135015	2.77288604704578e-05	1.59678060799054e-05	2.20658494976848e-05	2.32194478951124e-05	0.0016717994259382	0.0053689406669451	0.0026680805162866	0.0067169452819242	0.0006039522590903	0.0008338257880541	0.0006543364608506	0.0015272081202721	0.0013745645353077	0.0013078324456485	0.0013154010121094	0.0006744662729294	0.0017266504197745	0.0073223382895301	0.0194733725213844	0.0135491929962531	0.0065788847023497
Nanoarchaeota	5.71830486570561e-06	1.37909608870736e-05	5.58443499187718e-06	3.76663711592924e-06	7.93979307840599e-07	1.34003134601325e-06	2.14333365185653e-06	3.21156773392613e-06	1.36470080210335e-05	5.80190531638219e-06	1.20909851468696e-05	1.70364710406764e-06	1.79821403806298e-06	2.01047902622672e-06	3.30673841864169e-06	3.08248489697372e-06	2.93557538089791e-06	2.46546537001554e-06	1.40953129277671e-06	1.85834514577151e-06	1.20783459218712e-05	2.34058899105986e-05	3.63361449007263e-05	4.48438406621387e-05
Candidatus Micrarchaeota	0.0086346403472154	0.0056896083173485	0.0025594947152566	2.42026470002262e-05	2.17021010809764e-05	2.76939811509404e-05	2.42911147210407e-05	0.001444627737923	0.002229946619063	0.001006243080521	0.004545726775817	0.0002834606681614	0.0004122153124107	0.000311829020077	0.0012091960804255	0.0010477962774793	0.001047249710406	0.001044894318695	0.000562536169877	0.0007874250845763	0.0039821377400876	0.0087381652708046	0.0097823356315402	0.0059189859045456
Candidatus Diapherotrites	0.0005947037060333	0.0038804815868499	0.0007574697231499	4.00706076162685e-06	4.67565592395019e-06	3.66275234576954e-06	4.82250071667719e-06	0.0004384384691574	0.00099205913582	0.0002663011703699	0.0011468541231508	0.000143892655405	0.0002212813499423	0.0001598889292246	0.000285293366257	0.0002386812801475	0.0002594398776514	0.0002627861985702	9.90889400150429e-05	0.0002374080170036	0.0017559323260547	0.0035163566311055	0.0048296663305495	0.0025832207934246
Candidatus Altiarchaeota	0.031273409310544	0.0041927269295431	0.254239469411308	1.5226830894182e-06	1.0586390771208e-06	9.82689653743047e-07	2.50055592716595e-06	0.462435999954664	0.0008752123234851	0.0569421189986699	0.0003743691427741	0.073982972290573	0.089213803042465	0.0811309450865391	0.281033830242727	0.355112974252265	0.326057763720131	0.22857580621933	0.239146628468295	0.611086678297076	0.194914722965777	0.0057591604549419	0.0007095633009777	0.001582067637446
Candidatus Aenigmarchaeota	0.0006804782790189	0.0140077937666731	0.0032888016642072	6.41129721860296e-07	5.29319538560399e-07	4.46677115337749e-07	3.57222275309421e-07	0.0027552532369586	0.0036405808086444	0.0015056049023544	0.003956637858148	0.0003766745025696	0.0005391611416371	0.000448560209407	0.0017745762029932	0.0018794705896822	0.0018019502864791	0.0020192045630879	0.0005874748849547	0.0011073790231026	0.0074722662595563	0.0189881795211579	0.0225402012432857	0.0107574082074907
Candidatus Huberarchaea	0.000405999645465	0.000245401654553	0.0057267684370216	1.60282430465074e-07	0.0	6.25347961472848e-07	8.93055688273554e-07	0.0064950813820609	9.13019455185567e-05	0.0009900312584456	0.0002619068595947	0.0012322048911596	0.0014228722157585	0.0012259826639744	0.0044265443412338	0.0053492920868349	0.0049122596294575	0.0037378191252653	0.002815688589388	0.0085948639977184	0.0048949819607214	0.0019216790497612	0.0002499777825108	0.0002323908590154
Candidatus Nanohaloarchaeota	0.0	7.74492368658118e-07	3.54567301071567e-07	5.60988506627759e-07	0.0	5.36012538405298e-07	7.14444550618843e-07	1.6992421872625e-07	2.55084262075393e-07	1.67564052458691e-07	3.22426270583189e-07	1.49771173983968e-07	1.01023260565336e-07	1.11693279234818e-07	2.04416556788759e-07	9.94349966765717e-08	1.56862806612865e-07	1.04174593099248e-07	2.2197343193334e-08	2.12382302373887e-07	4.64551766225815e-07	2.52218641278002e-08	6.20600254495752e-07	0.0
Candidatus Thermoplasmatota	0.0	9.74361367021503e-06	7.81314374146989e-06	1.21013235001131e-05	1.19979095407024e-05	1.01842382297007e-05	1.17883350852109e-05	4.11216609317526e-06	3.09745175377263e-06	2.53440629343771e-06	2.48268228349056e-06	1.94702526179159e-06	2.66701407892487e-06	2.34555886393117e-06	2.86183179504263e-06	3.30621363949601e-06	2.82353051903158e-06	2.3844406864939e-06	1.67589941109672e-06	3.7697858671365e-06	8.21523123430915e-06	8.07099652089606e-07	7.54029309212339e-06	0.0
Candidatus Heimdallarchaeota	0.0	4.87180683510751e-06	2.55794981487345e-06	8.65525124511399e-06	4.58743600085679e-06	6.25347961472848e-06	4.10805616605835e-06	1.495333124791e-06	2.31397866311249e-06	1.50807647212822e-06	1.66049529350342e-06	1.92830386504359e-06	2.97008386062087e-06	2.55032987586167e-06	2.17643510463326e-06	1.85197681310115e-06	2.56582733673901e-06	1.66679348958797e-06	1.50941933714671e-06	7.96433633902077e-07	3.9364649664398e-06	2.52218641278002e-08	1.68803269222845e-05	5.01328570845598e-08
Candidatus Lokiarchaeota	0.0	4.17226534083567e-06	2.55794981487345e-06	8.65525124511399e-06	4.58743600085679e-06	5.09211911485033e-06	3.57222275309421e-06	1.46134828104575e-06	1.43940405028257e-06	9.21602288522803e-07	1.41867559056603e-06	1.70364710406764e-06	1.69719077749764e-06	1.52647481620917e-06	1.70747947435317e-06	1.88926493685486e-06	1.97198956884745e-06	1.34269475550142e-06	1.23195254723004e-06	9.38021835484669e-07	4.05871543123607e-06	1.26109320639001e-05	1.1977584911768e-05	7.51992856268397e-08
Candidatus Odinarchaeota	0.0	1.98619817123614e-06	4.53339620655789e-06	6.41129721860296e-07	8.82199230933998e-08	4.46677115337749e-07	5.35833412964132e-07	4.62193874935401e-06	4.00846697547046e-07	6.70256209834766e-07	1.45091821762435e-07	9.9223402764379e-07	8.68800040861888e-07	1.13554833888731e-06	2.70551325161593e-06	2.97062052571258e-06	2.86834846377811e-06	2.04876699761855e-06	1.62040605311338e-06	5.38035166013848e-06	4.37656663970636e-06	1.31658130747117e-05	1.33429054716587e-06	5.01328570845598e-08
Candidatus Thorarchaeota	0.0	8.24459618248964e-07	3.16577947385328e-07	7.21270937092832e-07	3.52879692373599e-07	2.68006269202649e-07	8.93055688273554e-07	5.09772656178751e-08	2.55084262075393e-07	1.46618545901355e-07	9.67278811749568e-08	3.74427934959921e-08	1.01023260565336e-07	3.72310930782725e-08	1.20245033405152e-08	8.70056220920002e-08	1.12044861866332e-07	2.31499095776107e-08	8.87893727733359e-08	7.07941007912958e-08	4.64551766225815e-07	0.0	1.21017049626672e-06	0.0
